review_hash,place_id,published_at,date,stars,language,has_text,owner_replied,scraped_at
17eec3dca0859b4e,ChIJzYo4YsSX-F8R6Sl4_CeuUyw,2025-06-27T21:31:09Z,2025-06-28,4,ja,True,False,2026-09-28T05:30:21.875Z
1ab8e41a925b8067,ChIJzYo4YsSX-F8R6Sl4_CeuUyw,2025-06-28T12:32:20Z,2025-06-28,5,ja,True,False,2026-09-28T05:30:21.875Z
ef2f9e11976f7fbf,ChIJzYo4YsSX-F8R6Sl4_CeuUyw,2025-06-29T01:47:30Z,2025-06-29,5,zh-Hant,True,False,2026-09-28T05:30:21.875Z
27e6e67ec2dd2909,ChIJzYo4YsSX-F8R6Sl4_CeuUyw,2025-06-29T08:44:35Z,2025-06-29,5,,False,False,2026-09-28T05:30:21.875Z
9ce662068ba36607,ChIJzYo4YsSX-F8R6Sl4_CeuUyw,2025-06-29T08:59:58Z,2025-06-29,4,,False,False,2026-09-28T05:30:21.875Z
bebc9c46d0748a57,ChIJzYo4YsSX-F8R6Sl4_CeuUyw,2025-06-29T10:29:11Z,2025-06-29,5,ja,True,False,2026-09-28T05:30:21.875Z
f5ecd7127def4bc5,ChIJzYo4YsSX-F8R6Sl4_CeuUyw,2025-06-30T00:46:31Z,2025-06-30,5,ja,True,False,2026-09-28T05:30:21.875Z
7f6389c95b7e9c33,ChIJzYo4YsSX-F8R6Sl4_CeuUyw,2025-06-30T08:45:18Z,2025-06-30,5,ja,True,False,2026-09-28T05:30:21.875Z
1cbd81a63c234187,ChIJzYo4YsSX-F8R6Sl4_CeuUyw,2025-06-30T11:03:46Z,2025-06-30,5,,False,False,2026-09-28T05:30:21.875Z
61d49c24278bef05,ChIJzYo4YsSX-F8R6Sl4_CeuUyw,2025-07-01T03:03:26Z,2025-07-01,5,,False,False,2026-09-28T05:30:21.875Z
cd30c99da53ad1d6,ChIJzYo4YsSX-F8R6Sl4_CeuUyw,2025-07-01T08:34:38Z,2025-07-01,5,ja,True,False,2026-09-28T05:30:21.875Z
c5f779e0046834e7,ChIJzYo4YsSX-F8R6Sl4_CeuUyw,2025-07-01T16:42:45Z,2025-07-02,4,,False,False,2026-09-28T05:30:21.875Z
2926e1a09f8608ed,ChIJzYo4YsSX-F8R6Sl4_CeuUyw,2025-07-01T22:40:05Z,2025-07-02,4,,False,False,2026-09-28T05:30:21.875Z
aba1c3a6fe3bd896,ChIJzYo4YsSX-F8R6Sl4_CeuUyw,2025-07-03T03:35:29Z,2025-07-03,5,ja,True,False,2026-09-28T05:30:21.875Z
6ad4bb15318b80dc,ChIJzYo4YsSX-F8R6Sl4_CeuUyw,2025-07-05T00:24:45Z,2025-07-05,5,ja,True,False,2026-09-28T05:30:21.875Z
b2f683884350499b,ChIJzYo4YsSX-F8R6Sl4_CeuUyw,2025-07-05T01:43:33Z,2025-07-05,5,ja,True,False,2026-09-28T05:30:21.875Z
dcfeee6a76d63136,ChIJzYo4YsSX-F8R6Sl4_CeuUyw,2025-07-05T05:58:42Z,2025-07-05,5,ja,True,False,2026-09-28T05:30:21.875Z
fe35fd9acfb81845,ChIJzYo4YsSX-F8R6Sl4_CeuUyw,2025-07-05T10:05:02Z,2025-07-05,3,,False,False,2026-09-28T05:30:21.875Z
54f482afa458aaef,ChIJzYo4YsSX-F8R6Sl4_CeuUyw,2025-07-05T18:39:02Z,2025-07-06,5,ja,True,False,2026-09-28T05:30:21.875Z
41a81b443fbc570d,ChIJzYo4YsSX-F8R6Sl4_CeuUyw,2025-07-06T09:00:06Z,2025-07-06,4,ja,True,False,2026-09-28T05:30:21.875Z
6c20c8e5af9c45c3,ChIJzYo4YsSX-F8R6Sl4_CeuUyw,2025-07-06T11:37:33Z,2025-07-06,5,,False,False,2026-09-28T05:30:21.875Z
a2f7207b1624807a,ChIJzYo4YsSX-F8R6Sl4_CeuUyw,2025-07-08T03:52:31Z,2025-07-08,1,,False,False,2026-09-28T05:30:21.875Z
b5987fc277ba8410,ChIJzYo4YsSX-F8R6Sl4_CeuUyw,2025-07-08T12:53:23Z,2025-07-08,3,,False,False,2026-09-28T05:30:21.875Z
d273599095c8ea3d,ChIJzYo4YsSX-F8R6Sl4_CeuUyw,2025-07-08T20:06:21Z,2025-07-09,5,ja,True,False,2026-09-28T05:30:21.875Z
46ff9ee613067455,ChIJzYo4YsSX-F8R6Sl4_CeuUyw,2025-07-09T09:07:07Z,2025-07-09,5,,False,False,2026-09-28T05:30:21.875Z
55061859d60c2f57,ChIJzYo4YsSX-F8R6Sl4_CeuUyw,2025-07-09T09:30:57Z,2025-07-09,5,ja,True,False,2026-09-28T05:30:21.875Z
c79b8e7cd41fcaed,ChIJzYo4YsSX-F8R6Sl4_CeuUyw,2025-07-09T13:33:26Z,2025-07-09,4,,False,False,2026-09-28T05:30:21.875Z
abb75fc43a39b1ae,ChIJzYo4YsSX-F8R6Sl4_CeuUyw,2025-07-11T07:17:24Z,2025-07-11,5,ja,True,False,2026-09-28T05:30:21.875Z
bda7f1253a4100f6,ChIJzYo4YsSX-F8R6Sl4_CeuUyw,2025-07-11T08:49:40Z,2025-07-11,5,ja,True,False,2026-09-28T05:30:21.875Z
43335653be0ccc44,ChIJzYo4YsSX-F8R6Sl4_CeuUyw,2025-07-11T12:52:10Z,2025-07-11,5,,False,False,2026-09-28T05:30:21.875Z
1da1d9552452fada,ChIJzYo4YsSX-F8R6Sl4_CeuUyw,2025-07-11T21:09:10Z,2025-07-12,5,ja,True,False,2026-09-28T05:30:21.875Z
a1fb9e7f7c19d26e,ChIJzYo4YsSX-F8R6Sl4_CeuUyw,2025-07-11T22:05:38Z,2025-07-12,5,,False,False,2026-09-28T05:30:21.875Z
aae4d8bc81b2afb8,ChIJzYo4YsSX-F8R6Sl4_CeuUyw,2025-07-12T04:14:41Z,2025-07-12,4,ja,True,False,2026-09-28T05:30:21.875Z
4eecd5d37e9f5a28,ChIJzYo4YsSX-F8R6Sl4_CeuUyw,2025-07-13T03:52:17Z,2025-07-13,5,ja,True,False,2026-09-28T05:30:21.875Z
dd8b83edae0bce6d,ChIJzYo4YsSX-F8R6Sl4_CeuUyw,2025-07-13T10:16:19Z,2025-07-13,5,,False,False,2026-09-28T05:30:21.875Z
4c2be488fd6dd8f4,ChIJzYo4YsSX-F8R6Sl4_CeuUyw,2025-07-13T15:23:52Z,2025-07-14,5,ja,True,False,2026-09-28T05:30:21.875Z
447aa5de8a4b6168,ChIJzYo4YsSX-F8R6Sl4_CeuUyw,2025-07-14T02:05:59Z,2025-07-14,5,ja,True,False,2026-09-28T05:30:21.875Z
4e47b97ac88e51c3,ChIJzYo4YsSX-F8R6Sl4_CeuUyw,2025-07-14T05:43:20Z,2025-07-14,5,ja,True,False,2026-09-28T05:30:21.875Z
648332025845a78a,ChIJzYo4YsSX-F8R6Sl4_CeuUyw,2025-07-14T08:24:48Z,2025-07-14,5,,False,False,2026-09-28T05:30:21.875Z
7143aded042543d1,ChIJzYo4YsSX-F8R6Sl4_CeuUyw,2025-07-14T08:41:07Z,2025-07-14,4,,False,False,2026-09-28T05:30:21.875Z
9be8dcc0c74bda53,ChIJzYo4YsSX-F8R6Sl4_CeuUyw,2025-07-15T06:42:41Z,2025-07-15,5,,False,False,2026-09-28T05:30:21.875Z
9e0dbc0a7928026f,ChIJzYo4YsSX-F8R6Sl4_CeuUyw,2025-07-15T08:51:45Z,2025-07-15,4,ja,True,False,2026-09-28T05:30:21.875Z
607f01eb928d4c21,ChIJzYo4YsSX-F8R6Sl4_CeuUyw,2025-07-16T09:34:17Z,2025-07-16,5,ja,True,False,2026-09-28T05:30:21.875Z
9753d8e8f5208e1f,ChIJzYo4YsSX-F8R6Sl4_CeuUyw,2025-07-16T13:45:05Z,2025-07-16,5,en,True,False,2026-09-28T05:30:21.875Z
f83139c14b003c3f,ChIJzYo4YsSX-F8R6Sl4_CeuUyw,2025-07-17T10:54:51Z,2025-07-17,4,ja,True,False,2026-09-28T05:30:21.875Z
815dfd91e6fca341,ChIJzYo4YsSX-F8R6Sl4_CeuUyw,2025-07-18T00:09:37Z,2025-07-18,3,,False,False,2026-09-28T05:30:21.875Z
3830932c4579e6df,ChIJzYo4YsSX-F8R6Sl4_CeuUyw,2025-07-18T08:45:58Z,2025-07-18,5,ja,True,False,2026-09-28T05:30:21.875Z
0999d460c6c85237,ChIJzYo4YsSX-F8R6Sl4_CeuUyw,2025-07-19T00:59:16Z,2025-07-19,5,ja,True,False,2026-09-28T05:30:21.875Z
ebe3d1cdc6881811,ChIJzYo4YsSX-F8R6Sl4_CeuUyw,2025-07-20T04:37:16Z,2025-07-20,5,ja,True,False,2026-09-28T05:30:21.875Z
bedd807eafca9bf1,ChIJzYo4YsSX-F8R6Sl4_CeuUyw,2025-07-20T06:23:43Z,2025-07-20,5,,False,False,2026-09-28T05:30:21.875Z
d4e7973376cfcfc7,ChIJzYo4YsSX-F8R6Sl4_CeuUyw,2025-07-20T23:44:18Z,2025-07-21,5,,False,False,2026-09-28T05:30:21.875Z
0408d3a0fb38c868,ChIJzYo4YsSX-F8R6Sl4_CeuUyw,2025-07-21T02:10:50Z,2025-07-21,5,ja,True,False,2026-09-28T05:30:21.875Z
cba7bb29bfd63064,ChIJzYo4YsSX-F8R6Sl4_CeuUyw,2025-07-21T04:31:44Z,2025-07-21,4,zh-Hant,True,False,2026-09-28T05:30:21.875Z
0b78127b32a2d121,ChIJzYo4YsSX-F8R6Sl4_CeuUyw,2025-07-21T04:47:44Z,2025-07-21,5,ja,True,False,2026-09-28T05:30:21.875Z
8010870ca808813d,ChIJzYo4YsSX-F8R6Sl4_CeuUyw,2025-07-21T05:12:06Z,2025-07-21,2,ja,True,False,2026-09-28T05:30:21.875Z
de1d77821a954542,ChIJzYo4YsSX-F8R6Sl4_CeuUyw,2025-07-21T08:16:10Z,2025-07-21,4,,False,False,2026-09-28T05:30:21.875Z
9d93b6e4e127259b,ChIJzYo4YsSX-F8R6Sl4_CeuUyw,2025-07-21T13:54:39Z,2025-07-21,5,ja,True,False,2026-09-28T05:30:21.875Z
9cf2883f08e65717,ChIJzYo4YsSX-F8R6Sl4_CeuUyw,2025-07-22T04:14:29Z,2025-07-22,5,,False,False,2026-09-28T05:30:21.875Z
e82af65009e833a0,ChIJzYo4YsSX-F8R6Sl4_CeuUyw,2025-07-22T06:46:54Z,2025-07-22,5,ja,True,False,2026-09-28T05:30:21.875Z
9bdd6a8f7647c057,ChIJzYo4YsSX-F8R6Sl4_CeuUyw,2025-07-22T15:03:18Z,2025-07-23,4,,False,False,2026-09-28T05:30:21.875Z
b021ca986a58b48c,ChIJzYo4YsSX-F8R6Sl4_CeuUyw,2025-07-23T03:32:32Z,2025-07-23,5,,False,False,2026-09-28T05:30:21.875Z
213fdc14f430a757,ChIJzYo4YsSX-F8R6Sl4_CeuUyw,2025-07-23T05:43:27Z,2025-07-23,5,zh-Hant,True,False,2026-09-28T05:30:21.875Z
78ab9441e8a3445c,ChIJzYo4YsSX-F8R6Sl4_CeuUyw,2025-07-23T09:16:26Z,2025-07-23,5,,False,False,2026-09-28T05:30:21.875Z
0dd717582766ff73,ChIJzYo4YsSX-F8R6Sl4_CeuUyw,2025-07-24T05:36:03Z,2025-07-24,5,,False,False,2026-09-28T05:30:21.875Z
fbca57cc12b6f786,ChIJzYo4YsSX-F8R6Sl4_CeuUyw,2025-07-24T11:09:49Z,2025-07-24,5,ja,True,False,2026-09-28T05:30:21.875Z
3d61e8705fdd9d56,ChIJzYo4YsSX-F8R6Sl4_CeuUyw,2025-07-25T04:39:42Z,2025-07-25,5,ja,True,False,2026-09-28T05:30:21.875Z
052a3620d0bd0d8e,ChIJzYo4YsSX-F8R6Sl4_CeuUyw,2025-07-25T09:40:16Z,2025-07-25,5,,False,False,2026-09-28T05:30:21.875Z
2e659c4500438d2e,ChIJzYo4YsSX-F8R6Sl4_CeuUyw,2025-07-25T15:04:58Z,2025-07-26,5,ja,True,False,2026-09-28T05:30:21.875Z
3debf723380be9eb,ChIJzYo4YsSX-F8R6Sl4_CeuUyw,2025-07-25T16:24:18Z,2025-07-26,5,,False,False,2026-09-28T05:30:21.875Z
249766201a80474c,ChIJzYo4YsSX-F8R6Sl4_CeuUyw,2025-07-26T03:36:22Z,2025-07-26,4,,False,False,2026-09-28T05:30:21.875Z
f43bf6c6d0c614a1,ChIJzYo4YsSX-F8R6Sl4_CeuUyw,2025-07-26T03:57:27Z,2025-07-26,5,ja,True,False,2026-09-28T05:30:21.875Z
b5e49c9ba42a08dd,ChIJzYo4YsSX-F8R6Sl4_CeuUyw,2025-07-26T12:01:56Z,2025-07-26,3,,False,False,2026-09-28T05:30:21.875Z
0fab0c272481b0d2,ChIJzYo4YsSX-F8R6Sl4_CeuUyw,2025-07-26T23:00:16Z,2025-07-27,5,ja,True,False,2026-09-28T05:30:21.875Z
cd9fc264e175eae9,ChIJzYo4YsSX-F8R6Sl4_CeuUyw,2025-07-27T10:06:44Z,2025-07-27,3,,False,False,2026-09-28T05:30:21.875Z
4578e28d7291d859,ChIJzYo4YsSX-F8R6Sl4_CeuUyw,2025-07-28T06:05:46Z,2025-07-28,5,,False,False,2026-09-28T05:30:21.875Z
c7d5716d463b7973,ChIJzYo4YsSX-F8R6Sl4_CeuUyw,2025-07-29T08:21:57Z,2025-07-29,5,en,True,False,2026-09-28T05:30:21.875Z
79cc2a733d8f3edf,ChIJzYo4YsSX-F8R6Sl4_CeuUyw,2025-07-30T03:26:28Z,2025-07-30,4,ja,True,False,2026-09-28T05:30:21.875Z
f383eb15f596e84e,ChIJzYo4YsSX-F8R6Sl4_CeuUyw,2025-07-31T02:10:02Z,2025-07-31,5,ja,True,False,2026-09-28T05:30:21.875Z
ed620ca2e08da8e3,ChIJzYo4YsSX-F8R6Sl4_CeuUyw,2025-07-31T06:54:38Z,2025-07-31,4,ja,True,False,2026-09-28T05:30:21.875Z
b02dfe7e48beb241,ChIJzYo4YsSX-F8R6Sl4_CeuUyw,2025-07-31T13:20:42Z,2025-07-31,5,,False,False,2026-09-28T05:30:21.875Z
ec6c2f652d313675,ChIJzYo4YsSX-F8R6Sl4_CeuUyw,2025-07-31T15:45:41Z,2025-08-01,5,ja,True,False,2026-09-28T05:30:21.875Z
416fff59eeda31b1,ChIJzYo4YsSX-F8R6Sl4_CeuUyw,2025-07-31T22:34:19Z,2025-08-01,5,ja,True,False,2026-09-28T05:30:21.875Z
d3eea7c71aec094f,ChIJzYo4YsSX-F8R6Sl4_CeuUyw,2025-08-01T05:58:54Z,2025-08-01,5,,False,False,2026-09-28T05:30:21.875Z
2c3dfa90f45f0bcf,ChIJzYo4YsSX-F8R6Sl4_CeuUyw,2025-08-01T09:59:13Z,2025-08-01,5,ja,True,False,2026-09-28T05:30:21.875Z
c80145171fff9a7a,ChIJzYo4YsSX-F8R6Sl4_CeuUyw,2025-08-03T11:38:04Z,2025-08-03,5,ja,True,False,2026-09-28T05:30:21.875Z
e672ddc76da35310,ChIJzYo4YsSX-F8R6Sl4_CeuUyw,2025-08-04T06:57:40Z,2025-08-04,5,,False,False,2026-09-28T05:30:21.875Z
29bed84f0569216a,ChIJzYo4YsSX-F8R6Sl4_CeuUyw,2025-08-04T10:51:45Z,2025-08-04,5,ja,True,False,2026-09-28T05:30:21.875Z
5c2254df99c29e2a,ChIJzYo4YsSX-F8R6Sl4_CeuUyw,2025-08-04T23:54:51Z,2025-08-05,4,ja,True,False,2026-09-28T05:30:21.875Z
39e10ab8385f10be,ChIJzYo4YsSX-F8R6Sl4_CeuUyw,2025-08-05T13:03:41Z,2025-08-05,5,ja,True,False,2026-09-28T05:30:21.875Z
a6596bb77c9aca26,ChIJzYo4YsSX-F8R6Sl4_CeuUyw,2025-08-06T00:31:50Z,2025-08-06,4,,False,False,2026-09-28T05:30:21.875Z
66dac45d6a670251,ChIJzYo4YsSX-F8R6Sl4_CeuUyw,2025-08-06T00:53:19Z,2025-08-06,5,,False,False,2026-09-28T05:30:21.875Z
abfe5757f5b0c182,ChIJzYo4YsSX-F8R6Sl4_CeuUyw,2025-08-07T02:28:31Z,2025-08-07,5,,False,False,2026-09-28T05:30:21.875Z
7345234897e97f9d,ChIJzYo4YsSX-F8R6Sl4_CeuUyw,2025-08-07T18:17:49Z,2025-08-08,5,,False,False,2026-09-28T05:30:21.875Z
7be6c6c2acfb8b06,ChIJzYo4YsSX-F8R6Sl4_CeuUyw,2025-08-08T06:13:48Z,2025-08-08,4,,False,False,2026-09-28T05:30:21.875Z
ffdaab8081063fbe,ChIJzYo4YsSX-F8R6Sl4_CeuUyw,2025-08-08T22:21:35Z,2025-08-09,4,ja,True,False,2026-09-28T05:30:21.875Z
34aabe0046aaf086,ChIJzYo4YsSX-F8R6Sl4_CeuUyw,2025-08-08T22:35:29Z,2025-08-09,5,,False,False,2026-09-28T05:30:21.875Z
d4f5881471dfff77,ChIJzYo4YsSX-F8R6Sl4_CeuUyw,2025-08-10T05:51:11Z,2025-08-10,5,,False,False,2026-09-28T05:30:21.875Z
c1d0748e13d41db7,ChIJzYo4YsSX-F8R6Sl4_CeuUyw,2025-08-10T07:13:10Z,2025-08-10,5,ja,True,False,2026-09-28T05:30:21.875Z
b1e8422a044fbe32,ChIJzYo4YsSX-F8R6Sl4_CeuUyw,2025-08-10T12:06:50Z,2025-08-10,5,,False,False,2026-09-28T05:30:21.875Z
e3a34fc2e7d98e73,ChIJzYo4YsSX-F8R6Sl4_CeuUyw,2025-08-10T23:21:10Z,2025-08-11,5,ja,True,False,2026-09-28T05:30:21.875Z
7e3269abc4951de6,ChIJzYo4YsSX-F8R6Sl4_CeuUyw,2025-08-11T00:39:09Z,2025-08-11,5,ja,True,False,2026-09-28T05:30:21.875Z
67f2b0b843e3c6e0,ChIJzYo4YsSX-F8R6Sl4_CeuUyw,2025-08-11T00:41:30Z,2025-08-11,5,ja,True,False,2026-09-28T05:30:21.875Z
09b15b0d2335ddf8,ChIJzYo4YsSX-F8R6Sl4_CeuUyw,2025-08-11T04:39:22Z,2025-08-11,5,ja,True,False,2026-09-28T05:30:21.875Z
a0811910a9349c47,ChIJzYo4YsSX-F8R6Sl4_CeuUyw,2025-08-11T07:38:11Z,2025-08-11,5,ja,True,False,2026-09-28T05:30:21.875Z
8160b567129d4aa8,ChIJzYo4YsSX-F8R6Sl4_CeuUyw,2025-08-11T08:38:43Z,2025-08-11,4,,False,False,2026-09-28T05:30:21.875Z
78b5ddd12d38979c,ChIJzYo4YsSX-F8R6Sl4_CeuUyw,2025-08-12T09:30:10Z,2025-08-12,5,,False,False,2026-09-28T05:30:21.875Z
f0f6c6f0974b80ce,ChIJzYo4YsSX-F8R6Sl4_CeuUyw,2025-08-13T03:49:49Z,2025-08-13,4,,False,False,2026-09-28T05:30:21.875Z
d39397ccda3df1e8,ChIJzYo4YsSX-F8R6Sl4_CeuUyw,2025-08-13T05:35:27Z,2025-08-13,4,ja,True,False,2026-09-28T05:30:21.875Z
3329c1f30e8f677a,ChIJzYo4YsSX-F8R6Sl4_CeuUyw,2025-08-13T07:10:46Z,2025-08-13,4,,False,False,2026-09-28T05:30:21.875Z
b6501f6e93261af3,ChIJzYo4YsSX-F8R6Sl4_CeuUyw,2025-08-14T00:24:01Z,2025-08-14,5,ja,True,False,2026-09-28T05:30:21.875Z
a90b60f8382c72d8,ChIJzYo4YsSX-F8R6Sl4_CeuUyw,2025-08-14T02:17:25Z,2025-08-14,4,ja,True,False,2026-09-28T05:30:21.875Z
65513f43afa72ab0,ChIJzYo4YsSX-F8R6Sl4_CeuUyw,2025-08-14T03:02:27Z,2025-08-14,5,ja,True,False,2026-09-28T05:30:21.875Z
031f5c36613355fe,ChIJzYo4YsSX-F8R6Sl4_CeuUyw,2025-08-14T22:46:00Z,2025-08-15,5,ja,True,False,2026-09-28T05:30:21.875Z
d1c089a1ae42dd89,ChIJzYo4YsSX-F8R6Sl4_CeuUyw,2025-08-15T13:46:21Z,2025-08-15,4,ja,True,False,2026-09-28T05:30:21.875Z
a3bd17e41297b21d,ChIJzYo4YsSX-F8R6Sl4_CeuUyw,2025-08-16T01:09:57Z,2025-08-16,5,,False,False,2026-09-28T05:30:21.875Z
a1874161ca81e2b0,ChIJzYo4YsSX-F8R6Sl4_CeuUyw,2025-08-16T05:19:03Z,2025-08-16,3,ja,True,False,2026-09-28T05:30:21.875Z
4373976b9ccb51ea,ChIJzYo4YsSX-F8R6Sl4_CeuUyw,2025-08-16T13:03:14Z,2025-08-16,3,ja,True,False,2026-09-28T05:30:21.875Z
4ec032a3f3e2f439,ChIJzYo4YsSX-F8R6Sl4_CeuUyw,2025-08-16T15:05:19Z,2025-08-17,4,ja,True,False,2026-09-28T05:30:21.875Z
89843de26fb635f4,ChIJzYo4YsSX-F8R6Sl4_CeuUyw,2025-08-16T17:05:55Z,2025-08-17,5,,False,False,2026-09-28T05:30:21.875Z
6f2da7ae592fbd5c,ChIJzYo4YsSX-F8R6Sl4_CeuUyw,2025-08-16T21:58:00Z,2025-08-17,5,,False,False,2026-09-28T05:30:21.875Z
961234a9b470e8c5,ChIJzYo4YsSX-F8R6Sl4_CeuUyw,2025-08-17T22:54:04Z,2025-08-18,5,,False,False,2026-09-28T05:30:21.875Z
03ac75054857d160,ChIJzYo4YsSX-F8R6Sl4_CeuUyw,2025-08-18T03:31:57Z,2025-08-18,5,de,True,False,2026-09-28T05:30:21.875Z
fac84a05c7254a8d,ChIJzYo4YsSX-F8R6Sl4_CeuUyw,2025-08-18T05:45:28Z,2025-08-18,4,ja,True,False,2026-09-28T05:30:21.875Z
2245deaa38e678d8,ChIJzYo4YsSX-F8R6Sl4_CeuUyw,2025-08-18T13:11:44Z,2025-08-18,4,ja,True,False,2026-09-28T05:30:21.875Z
53857301d4cac4c0,ChIJzYo4YsSX-F8R6Sl4_CeuUyw,2025-09-05T22:52:01Z,2025-09-06,5,,False,False,2026-09-28T05:30:21.875Z
d4f9f9d178189fb1,ChIJzYo4YsSX-F8R6Sl4_CeuUyw,2025-09-06T11:53:20Z,2025-09-06,5,ja,True,False,2026-09-28T05:30:21.875Z
f583e2d0a39a4e57,ChIJzYo4YsSX-F8R6Sl4_CeuUyw,2025-09-06T12:22:29Z,2025-09-06,4,,False,False,2026-09-28T05:30:21.875Z
2aaeb06f6960ca76,ChIJzYo4YsSX-F8R6Sl4_CeuUyw,2025-09-07T08:14:47Z,2025-09-07,4,,False,False,2026-09-28T05:30:21.875Z
21ee933678c7c386,ChIJzYo4YsSX-F8R6Sl4_CeuUyw,2025-09-08T06:14:25Z,2025-09-08,5,,False,False,2026-09-28T05:30:21.875Z
977ee26d8459403c,ChIJzYo4YsSX-F8R6Sl4_CeuUyw,2025-09-08T07:18:08Z,2025-09-08,4,,False,False,2026-09-28T05:30:21.875Z
1e79c88a5f8598fe,ChIJzYo4YsSX-F8R6Sl4_CeuUyw,2025-09-08T12:26:31Z,2025-09-08,3,ja,True,False,2026-09-28T05:30:21.875Z
8e348ccc0cfaabd4,ChIJzYo4YsSX-F8R6Sl4_CeuUyw,2025-09-08T18:49:38Z,2025-09-09,5,ja,True,False,2026-09-28T05:30:21.875Z
edd9d1e2606f9b83,ChIJzYo4YsSX-F8R6Sl4_CeuUyw,2025-09-08T21:08:47Z,2025-09-09,4,ja,True,False,2026-09-28T05:30:21.875Z
be486fa914e4b8c1,ChIJzYo4YsSX-F8R6Sl4_CeuUyw,2025-09-11T04:30:36Z,2025-09-11,5,,False,False,2026-09-28T05:30:21.875Z
7b9a393405260219,ChIJzYo4YsSX-F8R6Sl4_CeuUyw,2025-09-11T07:47:52Z,2025-09-11,4,,False,False,2026-09-28T05:30:21.875Z
2e0b05a090ac91b8,ChIJzYo4YsSX-F8R6Sl4_CeuUyw,2025-09-11T12:48:46Z,2025-09-11,5,ja,True,False,2026-09-28T05:30:21.875Z
3af9104376b443bd,ChIJzYo4YsSX-F8R6Sl4_CeuUyw,2025-09-12T05:44:29Z,2025-09-12,5,,False,False,2026-09-28T05:30:21.875Z
94bbef06dbb89afd,ChIJzYo4YsSX-F8R6Sl4_CeuUyw,2025-09-14T23:34:51Z,2025-09-15,4,ja,True,False,2026-09-28T05:30:21.875Z
6dfe0564723968cf,ChIJzYo4YsSX-F8R6Sl4_CeuUyw,2025-09-15T12:26:04Z,2025-09-15,5,,False,False,2026-09-28T05:30:21.875Z
1a5cb6ffd4363386,ChIJzYo4YsSX-F8R6Sl4_CeuUyw,2025-09-15T23:16:56Z,2025-09-16,4,ja,True,False,2026-09-28T05:30:21.875Z
008c7317aadbf864,ChIJzYo4YsSX-F8R6Sl4_CeuUyw,2025-09-16T14:20:11Z,2025-09-16,4,ja,True,False,2026-09-28T05:30:21.875Z
68a52e66a5149450,ChIJzYo4YsSX-F8R6Sl4_CeuUyw,2025-09-18T03:54:07Z,2025-09-18,5,,False,False,2026-09-28T05:30:21.875Z
331e745d4385f0ff,ChIJzYo4YsSX-F8R6Sl4_CeuUyw,2025-09-18T05:00:30Z,2025-09-18,5,ja,True,False,2026-09-28T05:30:21.875Z
952b1bca272c5a78,ChIJzYo4YsSX-F8R6Sl4_CeuUyw,2025-09-18T12:13:35Z,2025-09-18,5,,False,False,2026-09-28T05:30:21.875Z
6979d61b55ba62e5,ChIJzYo4YsSX-F8R6Sl4_CeuUyw,2025-09-19T09:20:48Z,2025-09-19,5,ja,True,False,2026-09-28T05:30:21.875Z
9082119b6fdbbf32,ChIJzYo4YsSX-F8R6Sl4_CeuUyw,2025-09-19T13:18:53Z,2025-09-19,5,ja,True,False,2026-09-28T05:30:21.875Z
cfa6f433cedc2426,ChIJzYo4YsSX-F8R6Sl4_CeuUyw,2025-09-19T21:37:24Z,2025-09-20,5,ja,True,False,2026-09-28T05:30:21.875Z
c35425959f676aca,ChIJzYo4YsSX-F8R6Sl4_CeuUyw,2025-09-19T23:35:57Z,2025-09-20,5,,False,False,2026-09-28T05:30:21.875Z
39fe0e0fdda10b31,ChIJzYo4YsSX-F8R6Sl4_CeuUyw,2025-09-19T23:37:06Z,2025-09-20,5,,False,False,2026-09-28T05:30:21.875Z
6e58cc311adff1fa,ChIJzYo4YsSX-F8R6Sl4_CeuUyw,2025-09-20T11:28:48Z,2025-09-20,5,th,True,False,2026-09-28T05:30:21.875Z
a968b737e6b88c85,ChIJzYo4YsSX-F8R6Sl4_CeuUyw,2025-09-20T12:40:52Z,2025-09-20,3,,False,False,2026-09-28T05:30:21.875Z
15a21651db91eb15,ChIJzYo4YsSX-F8R6Sl4_CeuUyw,2025-09-20T13:46:04Z,2025-09-20,5,ja,True,False,2026-09-28T05:30:21.875Z
ed390b914197c580,ChIJzYo4YsSX-F8R6Sl4_CeuUyw,2025-09-21T05:20:49Z,2025-09-21,5,ja,True,False,2026-09-28T05:30:21.875Z
6a2ba539a48c7227,ChIJzYo4YsSX-F8R6Sl4_CeuUyw,2025-09-21T05:37:06Z,2025-09-21,5,,False,False,2026-09-28T05:30:21.875Z
a8b9694edd9ab021,ChIJzYo4YsSX-F8R6Sl4_CeuUyw,2025-09-21T06:18:59Z,2025-09-21,5,,False,False,2026-09-28T05:30:21.875Z
ebdcc0e9bfccfd17,ChIJzYo4YsSX-F8R6Sl4_CeuUyw,2025-09-21T13:40:11Z,2025-09-21,5,ja,True,False,2026-09-28T05:30:21.875Z
1dd6110b41018f10,ChIJzYo4YsSX-F8R6Sl4_CeuUyw,2025-09-21T19:42:34Z,2025-09-22,4,,False,False,2026-09-28T05:30:21.875Z
c8af005dca7583f7,ChIJzYo4YsSX-F8R6Sl4_CeuUyw,2025-09-22T01:02:00Z,2025-09-22,1,ja,True,False,2026-09-28T05:30:21.875Z
e2c498b9929f6ecf,ChIJzYo4YsSX-F8R6Sl4_CeuUyw,2025-09-22T18:38:53Z,2025-09-23,5,ja,True,False,2026-09-28T05:30:21.875Z
fce1339fa4e1f84c,ChIJzYo4YsSX-F8R6Sl4_CeuUyw,2025-09-23T03:18:44Z,2025-09-23,5,,False,False,2026-09-28T05:30:21.875Z
844ab8e5a6fe5e19,ChIJzYo4YsSX-F8R6Sl4_CeuUyw,2025-09-23T04:40:35Z,2025-09-23,5,en,True,False,2026-09-28T05:30:21.875Z
ec5ad7f1d1acf008,ChIJzYo4YsSX-F8R6Sl4_CeuUyw,2025-09-23T06:16:42Z,2025-09-23,5,,False,False,2026-09-28T05:30:21.875Z
4eef38494ad7ef7c,ChIJzYo4YsSX-F8R6Sl4_CeuUyw,2025-09-23T09:46:31Z,2025-09-23,3,,False,False,2026-09-28T05:30:21.875Z
3583b34ee10b9163,ChIJzYo4YsSX-F8R6Sl4_CeuUyw,2025-09-23T11:34:05Z,2025-09-23,3,ja,True,False,2026-09-28T05:30:21.875Z
4302c0c868db6852,ChIJzYo4YsSX-F8R6Sl4_CeuUyw,2025-09-23T21:15:12Z,2025-09-24,5,en,True,False,2026-09-28T05:30:21.875Z
6a09396a37133562,ChIJzYo4YsSX-F8R6Sl4_CeuUyw,2025-09-24T04:34:21Z,2025-09-24,5,ja,True,False,2026-09-28T05:30:21.875Z
d3a8afe7554fa569,ChIJzYo4YsSX-F8R6Sl4_CeuUyw,2025-09-24T07:19:07Z,2025-09-24,5,ja,True,False,2026-09-28T05:30:21.875Z
9a7c845bbf66148e,ChIJzYo4YsSX-F8R6Sl4_CeuUyw,2025-09-24T21:45:57Z,2025-09-25,5,,False,False,2026-09-28T05:30:21.875Z
01d9889a3e054468,ChIJzYo4YsSX-F8R6Sl4_CeuUyw,2025-09-25T00:59:10Z,2025-09-25,5,ja,True,False,2026-09-28T05:30:21.875Z
db8dfa0747ce0fab,ChIJzYo4YsSX-F8R6Sl4_CeuUyw,2025-09-25T14:43:34Z,2025-09-25,4,,False,False,2026-09-28T05:30:21.875Z
01eb1f77f82ff635,ChIJzYo4YsSX-F8R6Sl4_CeuUyw,2025-09-26T08:17:05Z,2025-09-26,5,ja,True,False,2026-09-28T05:30:21.875Z
6b37d15ec08c02af,ChIJzYo4YsSX-F8R6Sl4_CeuUyw,2025-09-27T01:32:48Z,2025-09-27,3,ja,True,False,2026-09-28T05:30:21.875Z
093c93210824e48e,ChIJzYo4YsSX-F8R6Sl4_CeuUyw,2025-09-27T10:30:37Z,2025-09-27,5,ja,True,False,2026-09-28T05:30:21.875Z
bab7adffe92c2790,ChIJzYo4YsSX-F8R6Sl4_CeuUyw,2025-09-27T11:38:59Z,2025-09-27,5,ja,True,False,2026-09-28T05:30:21.875Z
18e136c4b7d6b9c4,ChIJzYo4YsSX-F8R6Sl4_CeuUyw,2025-09-28T03:35:46Z,2025-09-28,5,ja,True,False,2026-09-28T05:30:21.875Z
6b15e0f513c8a9b0,ChIJzYo4YsSX-F8R6Sl4_CeuUyw,2025-09-28T07:37:48Z,2025-09-28,5,ja,True,False,2026-09-28T05:30:21.875Z
0052f6fefdf29ba5,ChIJzYo4YsSX-F8R6Sl4_CeuUyw,2025-09-28T08:29:36Z,2025-09-28,5,ja,True,False,2026-09-28T05:30:21.875Z
15ccdfd31192ecf1,ChIJzYo4YsSX-F8R6Sl4_CeuUyw,2025-09-28T14:52:35Z,2025-09-28,5,,False,False,2026-09-28T05:30:21.875Z
dbc4b9a1337ba005,ChIJzYo4YsSX-F8R6Sl4_CeuUyw,2025-09-29T11:51:12Z,2025-09-29,5,,False,False,2026-09-28T05:30:21.875Z
41f492fd0f75e66e,ChIJzYo4YsSX-F8R6Sl4_CeuUyw,2025-09-30T08:15:05Z,2025-09-30,5,,False,False,2026-09-28T05:30:21.875Z
534839deb1b3af9a,ChIJzYo4YsSX-F8R6Sl4_CeuUyw,2025-09-30T23:05:45Z,2025-10-01,5,,False,False,2026-09-28T05:30:21.875Z
43ae57cd50ebd255,ChIJzYo4YsSX-F8R6Sl4_CeuUyw,2025-10-01T08:40:09Z,2025-10-01,5,,False,False,2026-09-28T05:30:21.875Z
4965c5646f3e8638,ChIJzYo4YsSX-F8R6Sl4_CeuUyw,2025-10-01T22:47:52Z,2025-10-02,5,ja,True,False,2026-09-28T05:30:21.875Z
2732e8aea9ab3fec,ChIJzYo4YsSX-F8R6Sl4_CeuUyw,2025-10-02T19:53:28Z,2025-10-03,5,en,True,False,2026-09-28T05:30:21.875Z
2b732a5bf7ae98c6,ChIJzYo4YsSX-F8R6Sl4_CeuUyw,2025-10-03T10:58:26Z,2025-10-03,3,ja,True,False,2026-09-28T05:30:21.875Z
bf2184a5d4918de4,ChIJzYo4YsSX-F8R6Sl4_CeuUyw,2025-10-03T23:03:28Z,2025-10-04,5,,False,False,2026-09-28T05:30:21.875Z
126a8b51c979cd32,ChIJzYo4YsSX-F8R6Sl4_CeuUyw,2025-10-04T03:12:36Z,2025-10-04,5,,False,False,2026-09-28T05:30:21.875Z
90c24aab7fd67c0d,ChIJzYo4YsSX-F8R6Sl4_CeuUyw,2025-10-04T06:40:38Z,2025-10-04,5,,False,False,2026-09-28T05:30:21.875Z
cdd431ae048c3a21,ChIJzYo4YsSX-F8R6Sl4_CeuUyw,2025-10-04T11:06:22Z,2025-10-04,4,,False,False,2026-09-28T05:30:21.875Z
654386db275d673b,ChIJzYo4YsSX-F8R6Sl4_CeuUyw,2025-10-06T01:51:22Z,2025-10-06,5,ja,True,False,2026-09-28T05:30:21.875Z
9986ac56784aaf09,ChIJzYo4YsSX-F8R6Sl4_CeuUyw,2025-10-06T04:25:31Z,2025-10-06,5,ja,True,False,2026-09-28T05:30:21.875Z
5443d8a6fca70a9e,ChIJzYo4YsSX-F8R6Sl4_CeuUyw,2025-10-06T09:50:41Z,2025-10-06,4,ja,True,False,2026-09-28T05:30:21.875Z
bf81d6056e046c78,ChIJzYo4YsSX-F8R6Sl4_CeuUyw,2025-10-06T12:01:26Z,2025-10-06,5,,False,False,2026-09-28T05:30:21.875Z
376e739fc0ee5058,ChIJzYo4YsSX-F8R6Sl4_CeuUyw,2025-10-07T06:48:20Z,2025-10-07,4,,False,False,2026-09-28T05:30:21.875Z
245f0aed26af0fe4,ChIJzYo4YsSX-F8R6Sl4_CeuUyw,2025-10-07T08:23:48Z,2025-10-07,4,ja,True,False,2026-09-28T05:30:21.875Z
9b2f850735948baa,ChIJzYo4YsSX-F8R6Sl4_CeuUyw,2025-10-07T14:18:11Z,2025-10-07,5,,False,False,2026-09-28T05:30:21.875Z
f3c433cda8109784,ChIJzYo4YsSX-F8R6Sl4_CeuUyw,2025-10-07T14:59:03Z,2025-10-07,5,,False,False,2026-09-28T05:30:21.875Z
35fdf164985c0dce,ChIJzYo4YsSX-F8R6Sl4_CeuUyw,2025-10-08T03:41:50Z,2025-10-08,5,ja,True,False,2026-09-28T05:30:21.875Z
8820690e021975fd,ChIJzYo4YsSX-F8R6Sl4_CeuUyw,2025-10-08T05:32:32Z,2025-10-08,4,zh-Hans,True,False,2026-09-28T05:30:21.875Z
83110e3cc9013ef2,ChIJzYo4YsSX-F8R6Sl4_CeuUyw,2025-10-08T11:49:54Z,2025-10-08,5,,False,False,2026-09-28T05:30:21.875Z
803c78177c4bb7c9,ChIJzYo4YsSX-F8R6Sl4_CeuUyw,2025-10-08T16:05:36Z,2025-10-09,3,ja,True,False,2026-09-28T05:30:21.875Z
d4ad3359cad41c49,ChIJzYo4YsSX-F8R6Sl4_CeuUyw,2025-10-08T22:08:23Z,2025-10-09,3,ja,True,False,2026-09-28T05:30:21.875Z
31e079ac1caf4025,ChIJzYo4YsSX-F8R6Sl4_CeuUyw,2025-10-09T05:18:59Z,2025-10-09,1,ja,True,False,2026-09-28T05:30:21.875Z
98ebd56d1f2db3e7,ChIJzYo4YsSX-F8R6Sl4_CeuUyw,2025-10-09T22:39:42Z,2025-10-10,3,ja,True,False,2026-09-28T05:30:21.875Z
758ab116ecf69b95,ChIJzYo4YsSX-F8R6Sl4_CeuUyw,2025-10-10T01:51:41Z,2025-10-10,5,,False,False,2026-09-28T05:30:21.875Z
de1982665620c5c0,ChIJzYo4YsSX-F8R6Sl4_CeuUyw,2025-10-10T04:22:19Z,2025-10-10,4,ja,True,False,2026-09-28T05:30:21.875Z
414e0824f8a8d979,ChIJzYo4YsSX-F8R6Sl4_CeuUyw,2025-10-10T08:31:46Z,2025-10-10,3,ja,True,False,2026-09-28T05:30:21.875Z
27913a5a15020d52,ChIJzYo4YsSX-F8R6Sl4_CeuUyw,2025-10-10T22:06:37Z,2025-10-11,5,ja,True,False,2026-09-28T05:30:21.875Z
86b3c90bc4a79821,ChIJzYo4YsSX-F8R6Sl4_CeuUyw,2025-10-11T12:22:49Z,2025-10-11,5,,False,False,2026-09-28T05:30:21.875Z
e00a8b488886b0b4,ChIJzYo4YsSX-F8R6Sl4_CeuUyw,2025-10-11T13:48:26Z,2025-10-11,4,,False,False,2026-09-28T05:30:21.875Z
1e0de5c90a1d968b,ChIJzYo4YsSX-F8R6Sl4_CeuUyw,2025-10-11T16:29:37Z,2025-10-12,5,pt,True,False,2026-09-28T05:30:21.875Z
c7894b31ecf911e7,ChIJzYo4YsSX-F8R6Sl4_CeuUyw,2025-10-12T14:56:04Z,2025-10-12,5,ja,True,False,2026-09-28T05:30:21.875Z
15fea7fcf0140a82,ChIJzYo4YsSX-F8R6Sl4_CeuUyw,2025-10-13T00:53:48Z,2025-10-13,5,ja,True,False,2026-09-28T05:30:21.875Z
eed0794689adfb30,ChIJzYo4YsSX-F8R6Sl4_CeuUyw,2025-10-13T04:24:05Z,2025-10-13,4,ja,True,False,2026-09-28T05:30:21.875Z
6ef4853b0f23dc91,ChIJzYo4YsSX-F8R6Sl4_CeuUyw,2025-10-13T08:44:22Z,2025-10-13,4,,False,False,2026-09-28T05:30:21.875Z
4b945ec3c65be54c,ChIJzYo4YsSX-F8R6Sl4_CeuUyw,2025-10-13T14:04:10Z,2025-10-13,4,,False,False,2026-09-28T05:30:21.875Z
cae306b840040398,ChIJzYo4YsSX-F8R6Sl4_CeuUyw,2025-10-13T14:37:11Z,2025-10-13,4,,False,False,2026-09-28T05:30:21.875Z
fc7c319087fef33b,ChIJzYo4YsSX-F8R6Sl4_CeuUyw,2025-10-14T09:30:52Z,2025-10-14,5,ja,True,False,2026-09-28T05:30:21.875Z
9c25955697d28163,ChIJzYo4YsSX-F8R6Sl4_CeuUyw,2025-10-14T10:59:44Z,2025-10-14,5,ja,True,False,2026-09-28T05:30:21.875Z
d6339a0946ae42b2,ChIJzYo4YsSX-F8R6Sl4_CeuUyw,2025-10-16T06:19:22Z,2025-10-16,5,ja,True,False,2026-09-28T05:30:21.875Z
92df0383b62182ed,ChIJzYo4YsSX-F8R6Sl4_CeuUyw,2025-10-16T13:10:18Z,2025-10-16,5,,False,False,2026-09-28T05:30:21.875Z
806a03fa60254c31,ChIJzYo4YsSX-F8R6Sl4_CeuUyw,2025-10-16T23:22:10Z,2025-10-17,5,ja,True,False,2026-09-28T05:30:21.875Z
4db067ff826494c0,ChIJzYo4YsSX-F8R6Sl4_CeuUyw,2025-10-17T03:53:51Z,2025-10-17,4,ja,True,False,2026-09-28T05:30:21.875Z
f44e5f809e13830c,ChIJzYo4YsSX-F8R6Sl4_CeuUyw,2025-10-17T11:56:12Z,2025-10-17,5,ja,True,False,2026-09-28T05:30:21.875Z
35637b27509653bc,ChIJzYo4YsSX-F8R6Sl4_CeuUyw,2025-10-17T14:38:57Z,2025-10-17,5,,False,False,2026-09-28T05:30:21.875Z
44ecebd0debdb385,ChIJzYo4YsSX-F8R6Sl4_CeuUyw,2025-10-18T14:26:28Z,2025-10-18,4,,False,False,2026-09-28T05:30:21.875Z
a9aab0572d99dd31,ChIJzYo4YsSX-F8R6Sl4_CeuUyw,2025-10-18T22:42:05Z,2025-10-19,5,ja,True,False,2026-09-28T05:30:21.875Z
2ed6668f726a99ca,ChIJzYo4YsSX-F8R6Sl4_CeuUyw,2025-10-19T22:09:11Z,2025-10-20,5,ja,True,False,2026-09-28T05:30:21.875Z
5a08c152fa28d59c,ChIJzYo4YsSX-F8R6Sl4_CeuUyw,2025-10-20T05:17:38Z,2025-10-20,5,,False,False,2026-09-28T05:30:21.875Z
2a9c59750b380515,ChIJzYo4YsSX-F8R6Sl4_CeuUyw,2025-10-20T23:59:28Z,2025-10-21,4,ja,True,False,2026-09-28T05:30:21.875Z
bcdc53f22220fdaa,ChIJzYo4YsSX-F8R6Sl4_CeuUyw,2025-10-21T08:29:50Z,2025-10-21,5,da,True,False,2026-09-28T05:30:21.875Z
ae7ef665aaa680ce,ChIJzYo4YsSX-F8R6Sl4_CeuUyw,2025-10-21T10:32:23Z,2025-10-21,5,,False,False,2026-09-28T05:30:21.875Z
7e5ec3e4faf925c5,ChIJzYo4YsSX-F8R6Sl4_CeuUyw,2025-10-22T08:13:00Z,2025-10-22,5,,False,False,2026-09-28T05:30:21.875Z
5d677da00c50e8dd,ChIJzYo4YsSX-F8R6Sl4_CeuUyw,2025-10-22T10:23:26Z,2025-10-22,5,,False,False,2026-09-28T05:30:21.875Z
60f0df0e121b5251,ChIJzYo4YsSX-F8R6Sl4_CeuUyw,2025-10-22T14:42:18Z,2025-10-22,5,ja,True,False,2026-09-28T05:30:21.875Z
87433da95138022e,ChIJzYo4YsSX-F8R6Sl4_CeuUyw,2025-10-23T11:08:06Z,2025-10-23,5,de,True,False,2026-09-28T05:30:21.875Z
c15f826a2cd0e7ea,ChIJzYo4YsSX-F8R6Sl4_CeuUyw,2025-10-24T14:02:49Z,2025-10-24,5,,False,False,2026-09-28T05:30:21.875Z
ae3020b7565a1c86,ChIJzYo4YsSX-F8R6Sl4_CeuUyw,2025-10-25T14:45:38Z,2025-10-25,5,,False,False,2026-09-28T05:30:21.875Z
72bb03d6b0961406,ChIJzYo4YsSX-F8R6Sl4_CeuUyw,2025-10-26T03:38:27Z,2025-10-26,5,ja,True,False,2026-09-28T05:30:21.875Z
7bff561c50c4e4cd,ChIJzYo4YsSX-F8R6Sl4_CeuUyw,2025-10-26T04:40:02Z,2025-10-26,3,ja,True,False,2026-09-28T05:30:21.875Z
0fb1618c16f0e4c8,ChIJzYo4YsSX-F8R6Sl4_CeuUyw,2025-10-26T05:02:38Z,2025-10-26,4,,False,False,2026-09-28T05:30:21.875Z
ecb7e3236d147cb0,ChIJzYo4YsSX-F8R6Sl4_CeuUyw,2025-10-26T08:42:38Z,2025-10-26,5,ja,True,False,2026-09-28T05:30:21.875Z
53acddf2178f3712,ChIJzYo4YsSX-F8R6Sl4_CeuUyw,2025-10-26T08:55:44Z,2025-10-26,5,ja,True,False,2026-09-28T05:30:21.875Z
3f4ee9c668d8d513,ChIJzYo4YsSX-F8R6Sl4_CeuUyw,2025-10-26T12:27:36Z,2025-10-26,5,ja,True,False,2026-09-28T05:30:21.875Z
344eb2b140088834,ChIJzYo4YsSX-F8R6Sl4_CeuUyw,2025-10-27T00:19:42Z,2025-10-27,5,ja,True,False,2026-09-28T05:30:21.875Z
2566b1efec2b8799,ChIJzYo4YsSX-F8R6Sl4_CeuUyw,2025-10-27T07:49:50Z,2025-10-27,2,ja,True,False,2026-09-28T05:30:21.875Z
14b396b91c619ae9,ChIJzYo4YsSX-F8R6Sl4_CeuUyw,2025-10-27T13:55:13Z,2025-10-27,5,,False,False,2026-09-28T05:30:21.875Z
de3334d32dab225e,ChIJzYo4YsSX-F8R6Sl4_CeuUyw,2025-10-29T04:47:50Z,2025-10-29,4,,False,False,2026-09-28T05:30:21.875Z
fa33018562aca1d2,ChIJzYo4YsSX-F8R6Sl4_CeuUyw,2025-10-30T03:37:43Z,2025-10-30,5,,False,False,2026-09-28T05:30:21.875Z
c48114f7418c752b,ChIJzYo4YsSX-F8R6Sl4_CeuUyw,2025-10-30T07:32:05Z,2025-10-30,5,,False,False,2026-09-28T05:30:21.875Z
a7ed7b5bfeac0d37,ChIJzYo4YsSX-F8R6Sl4_CeuUyw,2025-10-30T17:04:52Z,2025-10-31,5,,False,False,2026-09-28T05:30:21.875Z
55dae67164ef64f4,ChIJzYo4YsSX-F8R6Sl4_CeuUyw,2025-10-31T10:58:05Z,2025-10-31,5,ja,True,False,2026-09-28T05:30:21.875Z
4b1870fda824beb1,ChIJzYo4YsSX-F8R6Sl4_CeuUyw,2025-10-31T22:40:07Z,2025-11-01,4,,False,False,2026-09-28T05:30:21.875Z
9749eddac209970f,ChIJzYo4YsSX-F8R6Sl4_CeuUyw,2025-11-01T01:04:47Z,2025-11-01,5,,False,False,2026-09-28T05:30:21.875Z
629fd8605f379d90,ChIJzYo4YsSX-F8R6Sl4_CeuUyw,2025-11-01T02:32:01Z,2025-11-01,5,fr,True,False,2026-09-28T05:30:21.875Z
4fdbfa1313542f03,ChIJzYo4YsSX-F8R6Sl4_CeuUyw,2025-11-01T03:18:21Z,2025-11-01,5,ja,True,False,2026-09-28T05:30:21.875Z
5c49f12f7471b89c,ChIJzYo4YsSX-F8R6Sl4_CeuUyw,2025-11-01T10:49:26Z,2025-11-01,4,ja,True,False,2026-09-28T05:30:21.875Z
873695ef7ac17ad8,ChIJzYo4YsSX-F8R6Sl4_CeuUyw,2025-11-01T10:58:50Z,2025-11-01,5,ja,True,False,2026-09-28T05:30:21.875Z
a82b221ca2544888,ChIJzYo4YsSX-F8R6Sl4_CeuUyw,2025-11-01T16:27:55Z,2025-11-02,5,,False,False,2026-09-28T05:30:21.875Z
0728c6f9133edf4b,ChIJzYo4YsSX-F8R6Sl4_CeuUyw,2025-11-02T08:13:22Z,2025-11-02,5,,False,False,2026-09-28T05:30:21.875Z
542e1609bcaeacbd,ChIJzYo4YsSX-F8R6Sl4_CeuUyw,2025-11-02T10:03:30Z,2025-11-02,4,ja,True,False,2026-09-28T05:30:21.875Z
ba67626bf51d173e,ChIJzYo4YsSX-F8R6Sl4_CeuUyw,2025-11-02T16:21:48Z,2025-11-03,5,ja,True,False,2026-09-28T05:30:21.875Z
47ce0be3030443bc,ChIJzYo4YsSX-F8R6Sl4_CeuUyw,2025-11-03T02:57:28Z,2025-11-03,4,,False,False,2026-09-28T05:30:21.875Z
b6960e9a78977b12,ChIJzYo4YsSX-F8R6Sl4_CeuUyw,2025-11-03T03:16:59Z,2025-11-03,5,,False,False,2026-09-28T05:30:21.875Z
5c3c342a84e66745,ChIJzYo4YsSX-F8R6Sl4_CeuUyw,2025-11-03T11:59:34Z,2025-11-03,5,ja,True,False,2026-09-28T05:30:21.875Z
3daf837294bdb49c,ChIJzYo4YsSX-F8R6Sl4_CeuUyw,2025-11-04T07:47:26Z,2025-11-04,5,en,True,False,2026-09-28T05:30:21.875Z
9e18f2fc12862803,ChIJzYo4YsSX-F8R6Sl4_CeuUyw,2025-11-04T11:09:15Z,2025-11-04,4,ja,True,False,2026-09-28T05:30:21.875Z
a6d13eb93b1c4b99,ChIJzYo4YsSX-F8R6Sl4_CeuUyw,2025-11-04T13:48:32Z,2025-11-04,5,ja,True,False,2026-09-28T05:30:21.875Z
6f72fd68eb78f5f7,ChIJzYo4YsSX-F8R6Sl4_CeuUyw,2025-11-05T19:26:00Z,2025-11-06,5,,False,False,2026-09-28T05:30:21.875Z
d6e7f9f0638eec3a,ChIJzYo4YsSX-F8R6Sl4_CeuUyw,2025-11-05T23:31:01Z,2025-11-06,3,,False,False,2026-09-28T05:30:21.875Z
2c39262a5ad01da0,ChIJzYo4YsSX-F8R6Sl4_CeuUyw,2025-11-06T04:25:31Z,2025-11-06,5,,False,False,2026-09-28T05:30:21.875Z
db38819a76d261b6,ChIJzYo4YsSX-F8R6Sl4_CeuUyw,2025-11-06T08:58:42Z,2025-11-06,5,ja,True,False,2026-09-28T05:30:21.875Z
e3a4168a88f56f3c,ChIJzYo4YsSX-F8R6Sl4_CeuUyw,2025-11-06T11:02:57Z,2025-11-06,4,ja,True,False,2026-09-28T05:30:21.875Z
09714192e180b8e4,ChIJzYo4YsSX-F8R6Sl4_CeuUyw,2025-11-06T12:36:35Z,2025-11-06,5,,False,False,2026-09-28T05:30:21.875Z
91be507ad155a11e,ChIJzYo4YsSX-F8R6Sl4_CeuUyw,2025-11-07T23:09:27Z,2025-11-08,5,ja,True,False,2026-09-28T05:30:21.875Z
443bbb9612012642,ChIJzYo4YsSX-F8R6Sl4_CeuUyw,2025-11-08T10:10:13Z,2025-11-08,5,en,True,False,2026-09-28T05:30:21.875Z
8f548a227aa4381c,ChIJzYo4YsSX-F8R6Sl4_CeuUyw,2025-11-08T12:30:10Z,2025-11-08,5,ja,True,False,2026-09-28T05:30:21.875Z
38a27da95d3235c6,ChIJzYo4YsSX-F8R6Sl4_CeuUyw,2025-11-08T14:38:46Z,2025-11-08,5,,False,False,2026-09-28T05:30:21.875Z
caf4ed32be9d872a,ChIJzYo4YsSX-F8R6Sl4_CeuUyw,2025-11-09T00:07:26Z,2025-11-09,5,,False,False,2026-09-28T05:30:21.875Z
353f4a8c1265f750,ChIJzYo4YsSX-F8R6Sl4_CeuUyw,2025-11-09T01:29:33Z,2025-11-09,1,ja,True,False,2026-09-28T05:30:21.875Z
ab287da279aa71e2,ChIJzYo4YsSX-F8R6Sl4_CeuUyw,2025-11-09T02:15:49Z,2025-11-09,5,ja,True,False,2026-09-28T05:30:21.875Z
3fb1215d23db5984,ChIJzYo4YsSX-F8R6Sl4_CeuUyw,2025-11-09T04:19:13Z,2025-11-09,5,ja,True,False,2026-09-28T05:30:21.875Z
392ec5f76647c216,ChIJzYo4YsSX-F8R6Sl4_CeuUyw,2025-11-09T07:57:40Z,2025-11-09,5,ja,True,False,2026-09-28T05:30:21.875Z
4e921b0c4d588fd9,ChIJzYo4YsSX-F8R6Sl4_CeuUyw,2025-11-09T07:59:18Z,2025-11-09,3,ja,True,False,2026-09-28T05:30:21.875Z
f6047ee3ab5b133d,ChIJzYo4YsSX-F8R6Sl4_CeuUyw,2025-11-10T02:42:01Z,2025-11-10,5,,False,False,2026-09-28T05:30:21.875Z
e7dc328d86f3dd2a,ChIJzYo4YsSX-F8R6Sl4_CeuUyw,2025-11-10T05:19:30Z,2025-11-10,4,ja,True,False,2026-09-28T05:30:21.875Z
032442e16d691160,ChIJzYo4YsSX-F8R6Sl4_CeuUyw,2025-11-10T07:16:55Z,2025-11-10,5,ja,True,False,2026-09-28T05:30:21.875Z
9ac6bf3a16963e5a,ChIJzYo4YsSX-F8R6Sl4_CeuUyw,2025-11-10T09:39:12Z,2025-11-10,5,ja,True,False,2026-09-28T05:30:21.875Z
c63181b37073cddc,ChIJzYo4YsSX-F8R6Sl4_CeuUyw,2025-11-10T11:55:55Z,2025-11-10,5,ja,True,False,2026-09-28T05:30:21.875Z
1e131037c33f9917,ChIJzYo4YsSX-F8R6Sl4_CeuUyw,2025-11-10T15:12:52Z,2025-11-11,5,,False,False,2026-09-28T05:30:21.875Z
7bf1c66ea15f7b57,ChIJzYo4YsSX-F8R6Sl4_CeuUyw,2025-11-11T00:24:21Z,2025-11-11,5,ja,True,False,2026-09-28T05:30:21.875Z
5abd64e93dfad4f1,ChIJzYo4YsSX-F8R6Sl4_CeuUyw,2025-11-11T07:28:45Z,2025-11-11,5,,False,False,2026-09-28T05:30:21.875Z
44572e9c63a6cda0,ChIJzYo4YsSX-F8R6Sl4_CeuUyw,2025-11-11T10:46:49Z,2025-11-11,5,ja,True,False,2026-09-28T05:30:21.875Z
bde7b3e715c107b4,ChIJzYo4YsSX-F8R6Sl4_CeuUyw,2025-11-11T13:57:56Z,2025-11-11,5,en,True,False,2026-09-28T05:30:21.875Z
d43e10f69c328a16,ChIJzYo4YsSX-F8R6Sl4_CeuUyw,2025-11-11T14:41:23Z,2025-11-11,5,,False,False,2026-09-28T05:30:21.875Z
4a2cf13a7473132c,ChIJzYo4YsSX-F8R6Sl4_CeuUyw,2025-11-11T18:45:55Z,2025-11-12,4,ja,True,False,2026-09-28T05:30:21.875Z
a210c8bb44cfd8c8,ChIJzYo4YsSX-F8R6Sl4_CeuUyw,2025-11-11T18:57:27Z,2025-11-12,5,en,True,False,2026-09-28T05:30:21.875Z
e0f52dc98a687fcd,ChIJzYo4YsSX-F8R6Sl4_CeuUyw,2025-11-12T00:18:10Z,2025-11-12,3,,False,False,2026-09-28T05:30:21.875Z
9f250fa753aae18b,ChIJzYo4YsSX-F8R6Sl4_CeuUyw,2025-11-12T01:12:08Z,2025-11-12,5,ja,True,False,2026-09-28T05:30:21.875Z
2dcfc55ce28db1a8,ChIJzYo4YsSX-F8R6Sl4_CeuUyw,2025-11-12T11:06:14Z,2025-11-12,4,,False,False,2026-09-28T05:30:21.875Z
5f7d2cb1da868119,ChIJzYo4YsSX-F8R6Sl4_CeuUyw,2025-11-12T22:25:48Z,2025-11-13,5,ja,True,False,2026-09-28T05:30:21.875Z
26006fca76f0ad64,ChIJzYo4YsSX-F8R6Sl4_CeuUyw,2025-11-12T23:13:56Z,2025-11-13,4,ja,True,False,2026-09-28T05:30:21.875Z
019800d5fa804773,ChIJzYo4YsSX-F8R6Sl4_CeuUyw,2025-11-12T23:30:09Z,2025-11-13,5,ja,True,False,2026-09-28T05:30:21.875Z
55a8dc68b4e9381e,ChIJzYo4YsSX-F8R6Sl4_CeuUyw,2025-11-13T06:14:45Z,2025-11-13,4,,False,False,2026-09-28T05:30:21.875Z
0971a7fde2727066,ChIJzYo4YsSX-F8R6Sl4_CeuUyw,2025-11-13T09:20:36Z,2025-11-13,5,,False,False,2026-09-28T05:30:21.875Z
3e9c80273616a04e,ChIJzYo4YsSX-F8R6Sl4_CeuUyw,2025-11-13T09:27:58Z,2025-11-13,4,,False,False,2026-09-28T05:30:21.875Z
0aed40927d064adc,ChIJzYo4YsSX-F8R6Sl4_CeuUyw,2025-11-13T13:47:22Z,2025-11-13,5,ja,True,False,2026-09-28T05:30:21.875Z
a65b9e73ef3f51a1,ChIJzYo4YsSX-F8R6Sl4_CeuUyw,2025-11-14T01:28:31Z,2025-11-14,4,,False,False,2026-09-28T05:30:21.875Z
4eb34bfd29919797,ChIJzYo4YsSX-F8R6Sl4_CeuUyw,2025-11-15T10:51:26Z,2025-11-15,5,ja,True,False,2026-09-28T05:30:21.875Z
f25a9acd0d39b982,ChIJzYo4YsSX-F8R6Sl4_CeuUyw,2025-11-15T13:11:40Z,2025-11-15,5,ja,True,False,2026-09-28T05:30:21.875Z
216376ce2c078d5b,ChIJzYo4YsSX-F8R6Sl4_CeuUyw,2025-11-16T04:02:02Z,2025-11-16,4,ja,True,False,2026-09-28T05:30:21.875Z
ea3a85c58c1343d2,ChIJzYo4YsSX-F8R6Sl4_CeuUyw,2025-11-16T09:08:08Z,2025-11-16,4,,False,False,2026-09-28T05:30:21.875Z
f10142c39af0264e,ChIJzYo4YsSX-F8R6Sl4_CeuUyw,2025-11-16T09:28:30Z,2025-11-16,5,,False,False,2026-09-28T05:30:21.875Z
dff685d94de9c825,ChIJzYo4YsSX-F8R6Sl4_CeuUyw,2025-11-17T00:09:40Z,2025-11-17,5,ja,True,False,2026-09-28T05:30:21.875Z
153e65b0b04ba19a,ChIJzYo4YsSX-F8R6Sl4_CeuUyw,2025-11-17T11:52:21Z,2025-11-17,5,ja,True,False,2026-09-28T05:30:21.875Z
55a74e906abea278,ChIJzYo4YsSX-F8R6Sl4_CeuUyw,2025-11-18T02:57:53Z,2025-11-18,4,ja,True,False,2026-09-28T05:30:21.875Z
fec929a41a9be7eb,ChIJzYo4YsSX-F8R6Sl4_CeuUyw,2025-11-18T05:35:12Z,2025-11-18,5,,False,False,2026-09-28T05:30:21.875Z
53a4783fa25598fd,ChIJzYo4YsSX-F8R6Sl4_CeuUyw,2025-11-19T00:01:58Z,2025-11-19,5,,False,False,2026-09-28T05:30:21.875Z
ec02a828ce0ac42e,ChIJzYo4YsSX-F8R6Sl4_CeuUyw,2025-11-19T06:32:31Z,2025-11-19,5,,False,False,2026-09-28T05:30:21.875Z
591c3b12092fc240,ChIJzYo4YsSX-F8R6Sl4_CeuUyw,2025-11-19T07:31:37Z,2025-11-19,5,ja,True,False,2026-09-28T05:30:21.875Z
b4d8ea39c9bf4543,ChIJzYo4YsSX-F8R6Sl4_CeuUyw,2025-11-19T12:52:56Z,2025-11-19,5,en,True,False,2026-09-28T05:30:21.875Z
3c491dd21094aa9d,ChIJzYo4YsSX-F8R6Sl4_CeuUyw,2025-11-20T04:01:10Z,2025-11-20,4,ja,True,False,2026-09-28T05:30:21.875Z
222bafd6e3d109b4,ChIJzYo4YsSX-F8R6Sl4_CeuUyw,2025-11-20T05:13:19Z,2025-11-20,5,it,True,False,2026-09-28T05:30:21.875Z
244ffb2c096dd684,ChIJzYo4YsSX-F8R6Sl4_CeuUyw,2025-11-20T07:59:54Z,2025-11-20,4,,False,False,2026-09-28T05:30:21.875Z
faa40eb045c41058,ChIJzYo4YsSX-F8R6Sl4_CeuUyw,2025-11-20T19:10:22Z,2025-11-21,5,,False,False,2026-09-28T05:30:21.875Z
383213743a438304,ChIJzYo4YsSX-F8R6Sl4_CeuUyw,2025-11-20T22:22:52Z,2025-11-21,5,,False,False,2026-09-28T05:30:21.875Z
a5c5eecca1ca9654,ChIJzYo4YsSX-F8R6Sl4_CeuUyw,2025-11-21T02:29:21Z,2025-11-21,5,,False,False,2026-09-28T05:30:21.875Z
6af90ea3a5d47a05,ChIJzYo4YsSX-F8R6Sl4_CeuUyw,2025-11-21T05:29:31Z,2025-11-21,4,ja,True,False,2026-09-28T05:30:21.875Z
09d97cfb0a45ea68,ChIJzYo4YsSX-F8R6Sl4_CeuUyw,2025-11-21T07:34:51Z,2025-11-21,5,ja,True,False,2026-09-28T05:30:21.875Z
1912b326e22f3821,ChIJzYo4YsSX-F8R6Sl4_CeuUyw,2025-11-21T07:45:07Z,2025-11-21,5,ja,True,False,2026-09-28T05:30:21.875Z
4f75e835c5184310,ChIJzYo4YsSX-F8R6Sl4_CeuUyw,2025-11-21T21:37:39Z,2025-11-22,5,,False,False,2026-09-28T05:30:21.875Z
f984bd9b89ed3b5d,ChIJzYo4YsSX-F8R6Sl4_CeuUyw,2025-11-21T22:18:58Z,2025-11-22,3,ja,True,False,2026-09-28T05:30:21.875Z
52495c4c75998ac8,ChIJzYo4YsSX-F8R6Sl4_CeuUyw,2025-11-21T23:42:49Z,2025-11-22,5,,False,False,2026-09-28T05:30:21.875Z
f038af497eae15ff,ChIJzYo4YsSX-F8R6Sl4_CeuUyw,2025-11-21T23:43:54Z,2025-11-22,2,,False,False,2026-09-28T05:30:21.875Z
39db7ab1843305ed,ChIJzYo4YsSX-F8R6Sl4_CeuUyw,2025-11-22T00:12:28Z,2025-11-22,5,ja,True,False,2026-09-28T05:30:21.875Z
90ef42e4d612fccb,ChIJzYo4YsSX-F8R6Sl4_CeuUyw,2025-11-22T07:38:01Z,2025-11-22,5,ja,True,False,2026-09-28T05:30:21.875Z
4b9c02ce3f6113ae,ChIJzYo4YsSX-F8R6Sl4_CeuUyw,2025-11-22T08:07:12Z,2025-11-22,5,ja,True,False,2026-09-28T05:30:21.875Z
eb3395cbb5e628c3,ChIJzYo4YsSX-F8R6Sl4_CeuUyw,2025-11-22T13:47:21Z,2025-11-22,5,,False,False,2026-09-28T05:30:21.875Z
74fc9a43232accfa,ChIJzYo4YsSX-F8R6Sl4_CeuUyw,2025-11-22T22:07:51Z,2025-11-23,5,ja,True,False,2026-09-28T05:30:21.875Z
586dc89cabbf210d,ChIJzYo4YsSX-F8R6Sl4_CeuUyw,2025-11-23T04:00:55Z,2025-11-23,1,ja,True,False,2026-09-28T05:30:21.875Z
8598958a64579b80,ChIJzYo4YsSX-F8R6Sl4_CeuUyw,2025-11-23T05:27:46Z,2025-11-23,5,ja,True,False,2026-09-28T05:30:21.875Z
5fe2a87e8fd04b03,ChIJzYo4YsSX-F8R6Sl4_CeuUyw,2025-11-23T09:59:51Z,2025-11-23,5,ja,True,False,2026-09-28T05:30:21.875Z
0293da5f340305e2,ChIJzYo4YsSX-F8R6Sl4_CeuUyw,2025-11-23T11:37:00Z,2025-11-23,5,,False,False,2026-09-28T05:30:21.875Z
cca665f362810f39,ChIJzYo4YsSX-F8R6Sl4_CeuUyw,2025-11-23T11:42:08Z,2025-11-23,4,ja,True,False,2026-09-28T05:30:21.875Z
f865c4517135cc18,ChIJzYo4YsSX-F8R6Sl4_CeuUyw,2025-11-23T11:57:38Z,2025-11-23,5,,False,False,2026-09-28T05:30:21.875Z
4917b2ad51a2c559,ChIJzYo4YsSX-F8R6Sl4_CeuUyw,2025-11-23T12:01:41Z,2025-11-23,5,,False,False,2026-09-28T05:30:21.875Z
daaa773ac02bc4f9,ChIJzYo4YsSX-F8R6Sl4_CeuUyw,2025-11-23T15:05:00Z,2025-11-24,5,,False,False,2026-09-28T05:30:21.875Z
d8f5541c0783172b,ChIJzYo4YsSX-F8R6Sl4_CeuUyw,2025-11-24T06:00:54Z,2025-11-24,5,ja,True,False,2026-09-28T05:30:21.875Z
4a65dd35e17397fa,ChIJzYo4YsSX-F8R6Sl4_CeuUyw,2025-11-25T07:55:30Z,2025-11-25,5,zh-Hans,True,False,2026-09-28T05:30:21.875Z
6da01a8ec63d89d6,ChIJzYo4YsSX-F8R6Sl4_CeuUyw,2025-11-25T14:34:08Z,2025-11-25,5,,False,False,2026-09-28T05:30:21.875Z
d39ef15e14a4c815,ChIJzYo4YsSX-F8R6Sl4_CeuUyw,2025-11-26T06:00:24Z,2025-11-26,5,,False,False,2026-09-28T05:30:21.875Z
544660d9412e1c8e,ChIJzYo4YsSX-F8R6Sl4_CeuUyw,2025-11-26T09:03:15Z,2025-11-26,4,ja,True,False,2026-09-28T05:30:21.875Z
d8e39dc0fd2973a0,ChIJzYo4YsSX-F8R6Sl4_CeuUyw,2025-11-27T03:14:55Z,2025-11-27,5,ja,True,False,2026-09-28T05:30:21.875Z
52a22082eb4aacdb,ChIJzYo4YsSX-F8R6Sl4_CeuUyw,2025-11-27T07:06:49Z,2025-11-27,5,ja,True,False,2026-09-28T05:30:21.875Z
33d6e5e10a6595d7,ChIJzYo4YsSX-F8R6Sl4_CeuUyw,2025-11-27T14:12:39Z,2025-11-27,5,,False,False,2026-09-28T05:30:21.875Z
d888c0e9605743e5,ChIJzYo4YsSX-F8R6Sl4_CeuUyw,2025-11-27T22:07:16Z,2025-11-28,1,,False,False,2026-09-28T05:30:21.875Z
1053fe35b5a678c1,ChIJzYo4YsSX-F8R6Sl4_CeuUyw,2025-11-28T11:29:52Z,2025-11-28,5,,False,False,2026-09-28T05:30:21.875Z
1b01c2226f50222e,ChIJzYo4YsSX-F8R6Sl4_CeuUyw,2025-11-28T11:59:27Z,2025-11-28,5,ja,True,False,2026-09-28T05:30:21.875Z
26b2f0b2c0f6b919,ChIJzYo4YsSX-F8R6Sl4_CeuUyw,2025-11-29T10:01:09Z,2025-11-29,5,,False,False,2026-09-28T05:30:21.875Z
ccdc72931c7fe0ba,ChIJzYo4YsSX-F8R6Sl4_CeuUyw,2025-11-29T22:27:08Z,2025-11-30,5,,False,False,2026-09-28T05:30:21.875Z
cd8d0e9e23b5fdf5,ChIJzYo4YsSX-F8R6Sl4_CeuUyw,2025-11-30T02:54:05Z,2025-11-30,5,,False,False,2026-09-28T05:30:21.875Z
0e1fe9739b1ea3f8,ChIJzYo4YsSX-F8R6Sl4_CeuUyw,2025-11-30T04:25:48Z,2025-11-30,5,,False,False,2026-09-28T05:30:21.875Z
bb96aa43bf3858e5,ChIJzYo4YsSX-F8R6Sl4_CeuUyw,2025-12-01T08:13:18Z,2025-12-01,5,ja,True,False,2026-09-28T05:30:21.875Z
f3c6d6a27f0a4a00,ChIJzYo4YsSX-F8R6Sl4_CeuUyw,2025-12-01T10:18:05Z,2025-12-01,5,ja,True,False,2026-09-28T05:30:21.875Z
c19d844f13de1895,ChIJzYo4YsSX-F8R6Sl4_CeuUyw,2025-12-01T23:05:40Z,2025-12-02,5,,False,False,2026-09-28T05:30:21.875Z
5ab97a8030257002,ChIJzYo4YsSX-F8R6Sl4_CeuUyw,2025-12-02T02:55:26Z,2025-12-02,4,,False,False,2026-09-28T05:30:21.875Z
5cda46529259a529,ChIJzYo4YsSX-F8R6Sl4_CeuUyw,2025-12-02T05:10:43Z,2025-12-02,5,ja,True,False,2026-09-28T05:30:21.875Z
d41febc2db52a4be,ChIJzYo4YsSX-F8R6Sl4_CeuUyw,2025-12-02T21:08:51Z,2025-12-03,5,,False,False,2026-09-28T05:30:21.875Z
18b60e2c4117f698,ChIJzYo4YsSX-F8R6Sl4_CeuUyw,2025-12-03T05:15:20Z,2025-12-03,5,en,True,False,2026-09-28T05:30:21.875Z
a917262b38af8f4c,ChIJzYo4YsSX-F8R6Sl4_CeuUyw,2025-12-03T07:28:49Z,2025-12-03,5,,False,False,2026-09-28T05:30:21.875Z
3547e0665e03a5f6,ChIJzYo4YsSX-F8R6Sl4_CeuUyw,2025-12-03T23:22:31Z,2025-12-04,5,ja,True,False,2026-09-28T05:30:21.875Z
e19f71793e271a7f,ChIJzYo4YsSX-F8R6Sl4_CeuUyw,2025-12-04T11:51:52Z,2025-12-04,5,ja,True,False,2026-09-28T05:30:21.875Z
84962014035bbefc,ChIJzYo4YsSX-F8R6Sl4_CeuUyw,2025-12-04T12:24:57Z,2025-12-04,4,ja,True,False,2026-09-28T05:30:21.875Z
af578f67e9bebbd5,ChIJzYo4YsSX-F8R6Sl4_CeuUyw,2025-12-05T11:13:24Z,2025-12-05,5,ja,True,False,2026-09-28T05:30:21.875Z
5d46b5c4e4d2e858,ChIJzYo4YsSX-F8R6Sl4_CeuUyw,2025-12-05T11:33:54Z,2025-12-05,5,ja,True,False,2026-09-28T05:30:21.875Z
5086720f3985bbfa,ChIJzYo4YsSX-F8R6Sl4_CeuUyw,2025-12-06T05:01:55Z,2025-12-06,3,ja,True,False,2026-09-28T05:30:21.875Z
9e6b8b040758d8cb,ChIJzYo4YsSX-F8R6Sl4_CeuUyw,2025-12-06T09:19:19Z,2025-12-06,5,ja,True,False,2026-09-28T05:30:21.875Z
7ee02402a0f0e0e3,ChIJzYo4YsSX-F8R6Sl4_CeuUyw,2025-12-06T13:18:14Z,2025-12-06,5,,False,False,2026-09-28T05:30:21.875Z
168a671e82d69232,ChIJzYo4YsSX-F8R6Sl4_CeuUyw,2025-12-06T13:51:29Z,2025-12-06,5,,False,False,2026-09-28T05:30:21.875Z
36171ba85e461c1c,ChIJzYo4YsSX-F8R6Sl4_CeuUyw,2025-12-06T19:33:53Z,2025-12-07,5,en,True,False,2026-09-28T05:30:21.875Z
eee900f0e6aa31b5,ChIJzYo4YsSX-F8R6Sl4_CeuUyw,2025-12-07T03:12:06Z,2025-12-07,4,,False,False,2026-09-28T05:30:21.875Z
6c48cd379d602c50,ChIJzYo4YsSX-F8R6Sl4_CeuUyw,2025-12-07T05:15:10Z,2025-12-07,5,,False,False,2026-09-28T05:30:21.875Z
cd0831a81f87bc31,ChIJzYo4YsSX-F8R6Sl4_CeuUyw,2025-12-07T09:50:12Z,2025-12-07,3,ja,True,False,2026-09-28T05:30:21.875Z
a4196e383f5db02d,ChIJzYo4YsSX-F8R6Sl4_CeuUyw,2025-12-07T15:52:22Z,2025-12-08,4,,False,False,2026-09-28T05:30:21.875Z
926874a40a7871ea,ChIJzYo4YsSX-F8R6Sl4_CeuUyw,2025-12-08T06:08:50Z,2025-12-08,4,ja,True,False,2026-09-28T05:30:21.875Z
0932b2d1a60a134c,ChIJzYo4YsSX-F8R6Sl4_CeuUyw,2025-12-09T06:38:14Z,2025-12-09,5,ja,True,False,2026-09-28T05:30:21.875Z
e614f774d4ebe3e5,ChIJzYo4YsSX-F8R6Sl4_CeuUyw,2025-12-09T10:53:48Z,2025-12-09,5,ja,True,False,2026-09-28T05:30:21.875Z
6f9ac4960770d38c,ChIJzYo4YsSX-F8R6Sl4_CeuUyw,2025-12-09T23:34:10Z,2025-12-10,1,,False,False,2026-09-28T05:30:21.875Z
3ad9cce2fe009d16,ChIJzYo4YsSX-F8R6Sl4_CeuUyw,2025-12-10T03:58:19Z,2025-12-10,3,ja,True,False,2026-09-28T05:30:21.875Z
afdaa86c3f25be96,ChIJzYo4YsSX-F8R6Sl4_CeuUyw,2025-12-10T05:21:00Z,2025-12-10,5,,False,False,2026-09-28T05:30:21.875Z
611ad2458ba1c97a,ChIJzYo4YsSX-F8R6Sl4_CeuUyw,2025-12-10T05:38:40Z,2025-12-10,5,,False,False,2026-09-28T05:30:21.875Z
c76d6dd3952702d5,ChIJzYo4YsSX-F8R6Sl4_CeuUyw,2025-12-10T13:00:21Z,2025-12-10,5,ja,True,False,2026-09-28T05:30:21.875Z
02b0d52e95485882,ChIJzYo4YsSX-F8R6Sl4_CeuUyw,2025-12-10T13:20:36Z,2025-12-10,5,,False,False,2026-09-28T05:30:21.875Z
36ed09c88444bb22,ChIJzYo4YsSX-F8R6Sl4_CeuUyw,2025-12-11T09:21:19Z,2025-12-11,5,ja,True,False,2026-09-28T05:30:21.875Z
332aff3d6045132c,ChIJzYo4YsSX-F8R6Sl4_CeuUyw,2025-12-12T00:34:11Z,2025-12-12,4,ja,True,False,2026-09-28T05:30:21.875Z
14a81521d7de8bb4,ChIJzYo4YsSX-F8R6Sl4_CeuUyw,2025-12-12T04:12:06Z,2025-12-12,5,ja,True,False,2026-09-28T05:30:21.875Z
a74b2089ee3eab3f,ChIJzYo4YsSX-F8R6Sl4_CeuUyw,2025-12-12T15:45:02Z,2025-12-13,5,zh-Hant,True,False,2026-09-28T05:30:21.875Z
b6eb9b14d0faa70b,ChIJzYo4YsSX-F8R6Sl4_CeuUyw,2025-12-12T22:45:25Z,2025-12-13,5,,False,False,2026-09-28T05:30:21.875Z
749eb7a6b3a0c8ce,ChIJzYo4YsSX-F8R6Sl4_CeuUyw,2025-12-13T03:10:40Z,2025-12-13,5,ja,True,False,2026-09-28T05:30:21.875Z
3fa333cfb1d5d010,ChIJzYo4YsSX-F8R6Sl4_CeuUyw,2025-12-13T04:39:29Z,2025-12-13,4,,False,False,2026-09-28T05:30:21.875Z
7a4d25b41c7802de,ChIJzYo4YsSX-F8R6Sl4_CeuUyw,2025-12-13T05:59:54Z,2025-12-13,5,ja,True,False,2026-09-28T05:30:21.875Z
5038ceb3a531beb9,ChIJzYo4YsSX-F8R6Sl4_CeuUyw,2025-12-13T13:18:03Z,2025-12-13,5,ja,True,False,2026-09-28T05:30:21.875Z
1157352676bd2dfb,ChIJzYo4YsSX-F8R6Sl4_CeuUyw,2025-12-14T05:06:17Z,2025-12-14,5,ja,True,False,2026-09-28T05:30:21.875Z
babb59274d7c30b7,ChIJzYo4YsSX-F8R6Sl4_CeuUyw,2025-12-14T05:31:25Z,2025-12-14,5,,False,False,2026-09-28T05:30:21.875Z
e8e2a1704bf3a85b,ChIJzYo4YsSX-F8R6Sl4_CeuUyw,2025-12-14T06:44:43Z,2025-12-14,4,,False,False,2026-09-28T05:30:21.875Z
5b36ce1d497cf3bb,ChIJzYo4YsSX-F8R6Sl4_CeuUyw,2025-12-14T13:25:44Z,2025-12-14,5,ja,True,False,2026-09-28T05:30:21.875Z
08a08408bfff58cb,ChIJzYo4YsSX-F8R6Sl4_CeuUyw,2025-12-14T20:40:01Z,2025-12-15,2,ko,True,False,2026-09-28T05:30:21.875Z
f7dca410ecf6b6ed,ChIJzYo4YsSX-F8R6Sl4_CeuUyw,2025-12-15T00:44:04Z,2025-12-15,4,,False,False,2026-09-28T05:30:21.875Z
f0b1da1efc72b9d0,ChIJzYo4YsSX-F8R6Sl4_CeuUyw,2025-12-15T09:51:21Z,2025-12-15,4,ja,True,False,2026-09-28T05:30:21.875Z
835a0346d3b43b4f,ChIJzYo4YsSX-F8R6Sl4_CeuUyw,2025-12-15T11:25:14Z,2025-12-15,5,,False,False,2026-09-28T05:30:21.875Z
1e357241c43f9c94,ChIJzYo4YsSX-F8R6Sl4_CeuUyw,2025-12-16T07:34:52Z,2025-12-16,5,ja,True,False,2026-09-28T05:30:21.875Z
4dd36c5844e2499d,ChIJzYo4YsSX-F8R6Sl4_CeuUyw,2025-12-16T13:08:02Z,2025-12-16,5,,False,False,2026-09-28T05:30:21.875Z
f131813fe4435dfa,ChIJzYo4YsSX-F8R6Sl4_CeuUyw,2025-12-16T13:40:16Z,2025-12-16,5,ja,True,False,2026-09-28T05:30:21.875Z
cbf932742368be8f,ChIJzYo4YsSX-F8R6Sl4_CeuUyw,2025-12-16T22:04:41Z,2025-12-17,5,,False,False,2026-09-28T05:30:21.875Z
d43f51f72e5ab719,ChIJzYo4YsSX-F8R6Sl4_CeuUyw,2025-12-17T07:37:27Z,2025-12-17,5,fr,True,False,2026-09-28T05:30:21.875Z
0a560acb384992ec,ChIJzYo4YsSX-F8R6Sl4_CeuUyw,2025-12-17T23:00:20Z,2025-12-18,5,,False,False,2026-09-28T05:30:21.875Z
dab5ff75a0f72a05,ChIJzYo4YsSX-F8R6Sl4_CeuUyw,2025-12-18T10:13:32Z,2025-12-18,5,ja,True,False,2026-09-28T05:30:21.875Z
9b039d7949df730d,ChIJzYo4YsSX-F8R6Sl4_CeuUyw,2025-12-18T10:20:46Z,2025-12-18,5,ja,True,False,2026-09-28T05:30:21.875Z
e94cd5379ee54f28,ChIJzYo4YsSX-F8R6Sl4_CeuUyw,2025-12-21T17:21:00Z,2025-12-22,3,,False,False,2026-09-28T05:30:21.875Z
da3b01b9b0845b0a,ChIJzYo4YsSX-F8R6Sl4_CeuUyw,2025-12-22T08:57:40Z,2025-12-22,5,en,True,False,2026-09-28T05:30:21.875Z
807e6187f73493e6,ChIJzYo4YsSX-F8R6Sl4_CeuUyw,2025-12-23T20:01:02Z,2025-12-24,3,,False,False,2026-09-28T05:30:21.875Z
2059495b91e57185,ChIJzYo4YsSX-F8R6Sl4_CeuUyw,2025-12-23T20:23:25Z,2025-12-24,3,ja,True,False,2026-09-28T05:30:21.875Z
15c899a5b63ad7b3,ChIJzYo4YsSX-F8R6Sl4_CeuUyw,2025-12-24T07:41:14Z,2025-12-24,5,,False,False,2026-09-28T05:30:21.875Z
6639825e9224f5e7,ChIJzYo4YsSX-F8R6Sl4_CeuUyw,2025-12-24T13:25:18Z,2025-12-24,5,ja,True,False,2026-09-28T05:30:21.875Z
53d8bcac3eccb9b7,ChIJzYo4YsSX-F8R6Sl4_CeuUyw,2025-12-24T23:15:10Z,2025-12-25,5,zh-Hant,True,False,2026-09-28T05:30:21.875Z
31489071797043fe,ChIJzYo4YsSX-F8R6Sl4_CeuUyw,2025-12-25T05:41:05Z,2025-12-25,5,,False,False,2026-09-28T05:30:21.875Z
880f973acf1342a5,ChIJzYo4YsSX-F8R6Sl4_CeuUyw,2025-12-27T00:43:25Z,2025-12-27,5,ja,True,False,2026-09-28T05:30:21.875Z
1b84b24e9b311aa4,ChIJzYo4YsSX-F8R6Sl4_CeuUyw,2025-12-27T01:36:40Z,2025-12-27,5,ja,True,False,2026-09-28T05:30:21.875Z
4d721bd2827f7048,ChIJzYo4YsSX-F8R6Sl4_CeuUyw,2025-12-27T09:16:56Z,2025-12-27,5,ja,True,False,2026-09-28T05:30:21.875Z
f04546d597eaa814,ChIJzYo4YsSX-F8R6Sl4_CeuUyw,2025-12-27T10:40:25Z,2025-12-27,5,ja,True,False,2026-09-28T05:30:21.875Z
64a7964af7ac9d67,ChIJzYo4YsSX-F8R6Sl4_CeuUyw,2025-12-28T12:09:01Z,2025-12-28,5,ja,True,False,2026-09-28T05:30:21.875Z
a8e84d2b51352d58,ChIJzYo4YsSX-F8R6Sl4_CeuUyw,2025-12-29T05:47:46Z,2025-12-29,5,ja,True,False,2026-09-28T05:30:21.875Z
d32da2c9055b0478,ChIJzYo4YsSX-F8R6Sl4_CeuUyw,2025-12-29T08:09:18Z,2025-12-29,5,ja,True,False,2026-09-28T05:30:21.875Z
4c8f3253244f3c17,ChIJzYo4YsSX-F8R6Sl4_CeuUyw,2025-12-29T13:40:38Z,2025-12-29,3,,False,False,2026-09-28T05:30:21.875Z
c2a74133a5c53a58,ChIJzYo4YsSX-F8R6Sl4_CeuUyw,2025-12-30T08:51:10Z,2025-12-30,4,,False,False,2026-09-28T05:30:21.875Z
0f3c8342ed90e31e,ChIJzYo4YsSX-F8R6Sl4_CeuUyw,2025-12-30T12:18:26Z,2025-12-30,5,ja,True,False,2026-09-28T05:30:21.875Z
829e3ef6088a27dc,ChIJzYo4YsSX-F8R6Sl4_CeuUyw,2025-12-30T15:27:09Z,2025-12-31,5,,False,False,2026-09-28T05:30:21.875Z
15c2d8acb60665f7,ChIJzYo4YsSX-F8R6Sl4_CeuUyw,2025-12-30T22:13:13Z,2025-12-31,3,ja,True,False,2026-09-28T05:30:21.875Z
072b06353b16c32f,ChIJzYo4YsSX-F8R6Sl4_CeuUyw,2025-12-31T13:47:41Z,2025-12-31,4,,False,False,2026-09-28T05:30:21.875Z
31257c4e19e86290,ChIJzYo4YsSX-F8R6Sl4_CeuUyw,2026-01-01T12:22:47Z,2026-01-01,4,,False,False,2026-09-28T05:30:21.875Z
5786ba87f72b3aac,ChIJzYo4YsSX-F8R6Sl4_CeuUyw,2026-01-02T12:04:52Z,2026-01-02,3,,False,False,2026-09-28T05:30:21.875Z
f2e937c5363c3efd,ChIJzYo4YsSX-F8R6Sl4_CeuUyw,2026-01-03T02:29:25Z,2026-01-03,4,ko,True,False,2026-09-28T05:30:21.875Z
0ee79fbac7d04d22,ChIJzYo4YsSX-F8R6Sl4_CeuUyw,2026-01-03T02:45:33Z,2026-01-03,5,,False,False,2026-09-28T05:30:21.875Z
2b63b76e550744ea,ChIJzYo4YsSX-F8R6Sl4_CeuUyw,2026-01-03T23:47:50Z,2026-01-04,5,ja,True,False,2026-09-28T05:30:21.875Z
6533564592d81f63,ChIJzYo4YsSX-F8R6Sl4_CeuUyw,2026-01-04T04:29:20Z,2026-01-04,5,,False,False,2026-09-28T05:30:21.875Z
912bf23f789fc84d,ChIJzYo4YsSX-F8R6Sl4_CeuUyw,2026-01-06T03:44:41Z,2026-01-06,5,en,True,False,2026-09-28T05:30:21.875Z
5f95ccb5a39a2cc9,ChIJzYo4YsSX-F8R6Sl4_CeuUyw,2026-01-06T09:07:35Z,2026-01-06,5,ja,True,False,2026-09-28T05:30:21.875Z
8a40e447d23e13a4,ChIJzYo4YsSX-F8R6Sl4_CeuUyw,2026-01-07T04:31:58Z,2026-01-07,5,,False,False,2026-09-28T05:30:21.875Z
998d0540627f535b,ChIJzYo4YsSX-F8R6Sl4_CeuUyw,2026-01-08T03:32:12Z,2026-01-08,5,ja,True,False,2026-09-28T05:30:21.875Z
7262a5fa1f395d20,ChIJzYo4YsSX-F8R6Sl4_CeuUyw,2026-01-08T14:48:39Z,2026-01-08,5,fr,True,False,2026-09-28T05:30:21.875Z
547470d21e0bcb4f,ChIJzYo4YsSX-F8R6Sl4_CeuUyw,2026-01-09T01:41:09Z,2026-01-09,5,zh-Hant,True,False,2026-09-28T05:30:21.875Z
aa165a3e833f7111,ChIJzYo4YsSX-F8R6Sl4_CeuUyw,2026-01-10T01:16:24Z,2026-01-10,1,ja,True,False,2026-09-28T05:30:21.875Z
ffb83a56bf248d6f,ChIJzYo4YsSX-F8R6Sl4_CeuUyw,2026-01-10T12:00:27Z,2026-01-10,5,,False,False,2026-09-28T05:30:21.875Z
58f4b20f6500b786,ChIJzYo4YsSX-F8R6Sl4_CeuUyw,2026-01-10T22:48:59Z,2026-01-11,5,ja,True,False,2026-09-28T05:30:21.875Z
948a9940e8f60aaa,ChIJzYo4YsSX-F8R6Sl4_CeuUyw,2026-01-11T11:35:03Z,2026-01-11,5,ja,True,False,2026-09-28T05:30:21.875Z
49a3b6feb24e19cd,ChIJzYo4YsSX-F8R6Sl4_CeuUyw,2026-01-12T01:34:03Z,2026-01-12,4,ja,True,False,2026-09-28T05:30:21.875Z
6f20826894b7b3b9,ChIJzYo4YsSX-F8R6Sl4_CeuUyw,2026-01-13T09:41:58Z,2026-01-13,5,ko,True,False,2026-09-28T05:30:21.875Z
f1f9eb129136e3b6,ChIJzYo4YsSX-F8R6Sl4_CeuUyw,2026-01-13T14:05:45Z,2026-01-13,5,,False,False,2026-09-28T05:30:21.875Z
c88b4ddb0088c454,ChIJzYo4YsSX-F8R6Sl4_CeuUyw,2026-01-14T00:54:39Z,2026-01-14,3,ja,True,False,2026-09-28T05:30:21.875Z
fc3e05ea42d6193b,ChIJzYo4YsSX-F8R6Sl4_CeuUyw,2026-01-15T06:25:03Z,2026-01-15,5,ja,True,False,2026-09-28T05:30:21.875Z
860860f3146b3dbb,ChIJzYo4YsSX-F8R6Sl4_CeuUyw,2026-01-16T09:06:48Z,2026-01-16,5,ja,True,False,2026-09-28T05:30:21.875Z
0d617926cf49d1e3,ChIJzYo4YsSX-F8R6Sl4_CeuUyw,2026-01-17T09:16:21Z,2026-01-17,5,en,True,False,2026-09-28T05:30:21.875Z
a905b5db02c18882,ChIJzYo4YsSX-F8R6Sl4_CeuUyw,2026-01-17T11:14:32Z,2026-01-17,5,ja,True,False,2026-09-28T05:30:21.875Z
89ffdedfb779e1bb,ChIJzYo4YsSX-F8R6Sl4_CeuUyw,2026-01-17T22:39:53Z,2026-01-18,4,ja,True,False,2026-09-28T05:30:21.875Z
f50a4bc1a88ddb6e,ChIJzYo4YsSX-F8R6Sl4_CeuUyw,2026-01-18T09:59:44Z,2026-01-18,5,ja,True,False,2026-09-28T05:30:21.875Z
86f16654110b2b45,ChIJzYo4YsSX-F8R6Sl4_CeuUyw,2026-01-19T05:11:05Z,2026-01-19,3,ja,True,False,2026-09-28T05:30:21.875Z
65c11c77510cfdab,ChIJzYo4YsSX-F8R6Sl4_CeuUyw,2026-01-19T06:47:36Z,2026-01-19,5,,False,False,2026-09-28T05:30:21.875Z
c1d4528c8d8ba01c,ChIJzYo4YsSX-F8R6Sl4_CeuUyw,2026-01-19T09:00:32Z,2026-01-19,5,ja,True,False,2026-09-28T05:30:21.875Z
eeb57dc64b467412,ChIJzYo4YsSX-F8R6Sl4_CeuUyw,2026-01-22T09:15:35Z,2026-01-22,3,ja,True,False,2026-09-28T05:30:21.875Z
8ed14e688ed8f2ed,ChIJzYo4YsSX-F8R6Sl4_CeuUyw,2026-01-23T20:48:18Z,2026-01-24,5,ja,True,False,2026-09-28T05:30:21.875Z
2c684759d640006a,ChIJzYo4YsSX-F8R6Sl4_CeuUyw,2026-01-23T23:38:01Z,2026-01-24,5,,False,False,2026-09-28T05:30:21.875Z
c3ca668ca24d8eb2,ChIJzYo4YsSX-F8R6Sl4_CeuUyw,2026-01-25T07:42:27Z,2026-01-25,5,zh-Hant,True,False,2026-09-28T05:30:21.875Z
38532cfd662492ae,ChIJzYo4YsSX-F8R6Sl4_CeuUyw,2026-01-27T06:00:04Z,2026-01-27,5,,False,False,2026-09-28T05:30:21.875Z
d76224b5c116258e,ChIJzYo4YsSX-F8R6Sl4_CeuUyw,2026-01-30T00:23:08Z,2026-01-30,5,zh-Hant,True,False,2026-09-28T05:30:21.875Z
3345bd8896904994,ChIJzYo4YsSX-F8R6Sl4_CeuUyw,2026-01-31T03:09:41Z,2026-01-31,4,zh-Hant,True,False,2026-09-28T05:30:21.875Z
87942ea5960e4b73,ChIJzYo4YsSX-F8R6Sl4_CeuUyw,2026-02-01T06:59:07Z,2026-02-01,4,ja,True,False,2026-09-28T05:30:21.875Z
db1bac93b21290b0,ChIJzYo4YsSX-F8R6Sl4_CeuUyw,2026-02-02T13:30:19Z,2026-02-02,5,ja,True,False,2026-09-28T05:30:21.875Z
77ef5cfa703de6dd,ChIJzYo4YsSX-F8R6Sl4_CeuUyw,2026-02-02T14:36:51Z,2026-02-02,5,ja,True,False,2026-09-28T05:30:21.875Z
44618c88b048e653,ChIJzYo4YsSX-F8R6Sl4_CeuUyw,2026-02-03T12:38:07Z,2026-02-03,5,ja,True,False,2026-09-28T05:30:21.875Z
f9ebcc4ab4a56696,ChIJzYo4YsSX-F8R6Sl4_CeuUyw,2026-02-04T07:24:08Z,2026-02-04,5,ja,True,False,2026-09-28T05:30:21.875Z
186a9910d753c250,ChIJzYo4YsSX-F8R6Sl4_CeuUyw,2026-02-05T09:21:18Z,2026-02-05,5,ja,True,False,2026-09-28T05:30:21.875Z
7dad82452fee329a,ChIJzYo4YsSX-F8R6Sl4_CeuUyw,2026-02-06T04:55:53Z,2026-02-06,4,ja,True,False,2026-09-28T05:30:21.875Z
a7e715b872d2871b,ChIJzYo4YsSX-F8R6Sl4_CeuUyw,2026-02-07T15:17:27Z,2026-02-08,4,,False,False,2026-09-28T05:30:21.875Z
f842d628e7688a8b,ChIJzYo4YsSX-F8R6Sl4_CeuUyw,2026-02-08T00:50:28Z,2026-02-08,4,ja,True,False,2026-09-28T05:30:21.875Z
9a2c567d4e1011eb,ChIJzYo4YsSX-F8R6Sl4_CeuUyw,2026-02-08T16:23:50Z,2026-02-09,5,zh-Hant,True,False,2026-09-28T05:30:21.875Z
0fb767533a8301fc,ChIJzYo4YsSX-F8R6Sl4_CeuUyw,2026-02-10T10:38:14Z,2026-02-10,5,zh,True,False,2026-09-28T05:30:21.875Z
069bde40ead74442,ChIJzYo4YsSX-F8R6Sl4_CeuUyw,2026-02-11T17:59:58Z,2026-02-12,5,ja,True,False,2026-09-28T05:30:21.875Z
4a2419e7dd96ee67,ChIJzYo4YsSX-F8R6Sl4_CeuUyw,2026-02-14T06:18:57Z,2026-02-14,5,,False,False,2026-09-28T05:30:21.875Z
0960fea8431c6144,ChIJzYo4YsSX-F8R6Sl4_CeuUyw,2026-02-14T09:08:05Z,2026-02-14,5,,False,False,2026-09-28T05:30:21.875Z
ed82d23aa15d75a0,ChIJzYo4YsSX-F8R6Sl4_CeuUyw,2026-02-14T22:10:22Z,2026-02-15,4,,False,False,2026-09-28T05:30:21.875Z
34dc4b90cbd155be,ChIJzYo4YsSX-F8R6Sl4_CeuUyw,2026-02-15T01:42:00Z,2026-02-15,5,en,True,False,2026-09-28T05:30:21.875Z
4c5796e0583528e9,ChIJzYo4YsSX-F8R6Sl4_CeuUyw,2026-02-15T06:34:32Z,2026-02-15,5,,False,False,2026-09-28T05:30:21.875Z
ccc381e62f588242,ChIJzYo4YsSX-F8R6Sl4_CeuUyw,2026-02-16T06:20:50Z,2026-02-16,5,,False,False,2026-09-28T05:30:21.875Z
1797b94fd0b68bae,ChIJzYo4YsSX-F8R6Sl4_CeuUyw,2026-02-16T13:22:07Z,2026-02-16,5,zh-Hant,True,False,2026-09-28T05:30:21.875Z
b5afacc81868e604,ChIJzYo4YsSX-F8R6Sl4_CeuUyw,2026-02-17T05:55:34Z,2026-02-17,4,en,True,False,2026-09-28T05:30:21.875Z
9979ae8148894dc1,ChIJzYo4YsSX-F8R6Sl4_CeuUyw,2026-02-18T11:36:21Z,2026-02-18,5,ja,True,False,2026-09-28T05:30:21.875Z
be733d58bbb109ec,ChIJzYo4YsSX-F8R6Sl4_CeuUyw,2026-02-18T15:09:18Z,2026-02-19,5,ja,True,False,2026-09-28T05:30:21.875Z
dfc9d29b15ce841d,ChIJzYo4YsSX-F8R6Sl4_CeuUyw,2026-02-22T00:14:50Z,2026-02-22,4,ja,True,False,2026-09-28T05:30:21.875Z
6deef8e9d4c80706,ChIJzYo4YsSX-F8R6Sl4_CeuUyw,2026-02-22T00:50:02Z,2026-02-22,5,ja,True,False,2026-09-28T05:30:21.875Z
a74c9507b155f40a,ChIJzYo4YsSX-F8R6Sl4_CeuUyw,2026-02-22T04:26:04Z,2026-02-22,5,zh-Hans,True,False,2026-09-28T05:30:21.875Z
066fe3174d85292a,ChIJzYo4YsSX-F8R6Sl4_CeuUyw,2026-02-22T06:47:51Z,2026-02-22,3,ja,True,False,2026-09-28T05:30:21.875Z
3fc23d8c2e4fd823,ChIJzYo4YsSX-F8R6Sl4_CeuUyw,2026-02-23T08:24:32Z,2026-02-23,5,ja,True,False,2026-09-28T05:30:21.875Z
04a451a7901e82d2,ChIJzYo4YsSX-F8R6Sl4_CeuUyw,2026-02-23T23:12:20Z,2026-02-24,5,,False,False,2026-09-28T05:30:21.875Z
861e8077a471ac97,ChIJzYo4YsSX-F8R6Sl4_CeuUyw,2026-02-25T07:43:04Z,2026-02-25,4,ja,True,False,2026-09-28T05:30:21.875Z
7ceeb8f1fc4e6d74,ChIJzYo4YsSX-F8R6Sl4_CeuUyw,2026-02-26T18:33:27Z,2026-02-27,5,en,True,False,2026-09-28T05:30:21.875Z
0a025ced57ff834a,ChIJzYo4YsSX-F8R6Sl4_CeuUyw,2026-02-27T05:39:44Z,2026-02-27,1,en,True,False,2026-09-28T05:30:21.875Z
d58f6c5de90aab08,ChIJzYo4YsSX-F8R6Sl4_CeuUyw,2026-02-28T12:19:09Z,2026-02-28,5,,False,False,2026-09-28T05:30:21.875Z
d4de96f5382eb499,ChIJzYo4YsSX-F8R6Sl4_CeuUyw,2026-02-28T13:23:48Z,2026-02-28,4,ja,True,False,2026-09-28T05:30:21.875Z
ad63576c675d024b,ChIJzYo4YsSX-F8R6Sl4_CeuUyw,2026-03-01T08:53:21Z,2026-03-01,5,ja,True,False,2026-09-28T05:30:21.875Z
e7334f2710afa87d,ChIJzYo4YsSX-F8R6Sl4_CeuUyw,2026-03-01T11:47:31Z,2026-03-01,5,,False,False,2026-09-28T05:30:21.875Z
08b53465c48088c2,ChIJzYo4YsSX-F8R6Sl4_CeuUyw,2026-03-02T00:17:15Z,2026-03-02,5,,False,False,2026-09-28T05:30:21.875Z
be365a8506b583cd,ChIJzYo4YsSX-F8R6Sl4_CeuUyw,2026-03-02T04:24:19Z,2026-03-02,5,,False,False,2026-09-28T05:30:21.875Z
da8bc70a9d6def13,ChIJzYo4YsSX-F8R6Sl4_CeuUyw,2026-03-02T10:15:36Z,2026-03-02,5,,False,False,2026-09-28T05:30:21.875Z
33abee44ddf688dd,ChIJzYo4YsSX-F8R6Sl4_CeuUyw,2026-03-02T18:49:34Z,2026-03-03,5,zh-Hant,True,False,2026-09-28T05:30:21.875Z
eb762190a0dd97d9,ChIJzYo4YsSX-F8R6Sl4_CeuUyw,2026-03-05T15:39:25Z,2026-03-06,5,en,True,False,2026-09-28T05:30:21.875Z
47ed8379a9b59ed3,ChIJzYo4YsSX-F8R6Sl4_CeuUyw,2026-03-06T12:43:07Z,2026-03-06,4,ja,True,False,2026-09-28T05:30:21.875Z
ddf344ab28c738a8,ChIJzYo4YsSX-F8R6Sl4_CeuUyw,2026-03-07T05:14:42Z,2026-03-07,3,ja,True,False,2026-09-28T05:30:21.875Z
d547d77090d1cac2,ChIJzYo4YsSX-F8R6Sl4_CeuUyw,2026-03-07T12:16:10Z,2026-03-07,5,,False,False,2026-09-28T05:30:21.875Z
00ad3aca12ea5071,ChIJzYo4YsSX-F8R6Sl4_CeuUyw,2026-03-07T13:13:13Z,2026-03-07,5,,False,False,2026-09-28T05:30:21.875Z
7905d0047ad1cae3,ChIJzYo4YsSX-F8R6Sl4_CeuUyw,2026-03-07T23:42:11Z,2026-03-08,5,,False,False,2026-09-28T05:30:21.875Z
70ab208f4110cb47,ChIJzYo4YsSX-F8R6Sl4_CeuUyw,2026-03-09T08:39:20Z,2026-03-09,5,es,True,False,2026-09-28T05:30:21.875Z
3f0e6943f12e7635,ChIJzYo4YsSX-F8R6Sl4_CeuUyw,2026-03-09T10:58:25Z,2026-03-09,4,ja,True,False,2026-09-28T05:30:21.875Z
61b57ec08128a7f2,ChIJzYo4YsSX-F8R6Sl4_CeuUyw,2026-03-10T11:21:03Z,2026-03-10,5,ja,True,False,2026-09-28T05:30:21.875Z
6eb809a24c5f7c6c,ChIJzYo4YsSX-F8R6Sl4_CeuUyw,2026-03-10T12:19:43Z,2026-03-10,5,,False,False,2026-09-28T05:30:21.875Z
92ee55436606ac50,ChIJzYo4YsSX-F8R6Sl4_CeuUyw,2026-03-10T12:54:02Z,2026-03-10,4,ja,True,False,2026-09-28T05:30:21.875Z
aec2ec448fb522d8,ChIJzYo4YsSX-F8R6Sl4_CeuUyw,2026-03-13T05:02:21Z,2026-03-13,1,ja,True,False,2026-09-28T05:30:21.875Z
fe82b3524c9594c1,ChIJzYo4YsSX-F8R6Sl4_CeuUyw,2026-03-14T12:38:01Z,2026-03-14,5,ja,True,False,2026-09-28T05:30:21.875Z
ca48d7a2525b7ad4,ChIJzYo4YsSX-F8R6Sl4_CeuUyw,2026-03-17T05:43:43Z,2026-03-17,3,,False,False,2026-09-28T05:30:21.875Z
f880ca80a13fb7e6,ChIJzYo4YsSX-F8R6Sl4_CeuUyw,2026-03-17T13:14:06Z,2026-03-17,5,,False,False,2026-09-28T05:30:21.875Z
6d1224e3157c4776,ChIJzYo4YsSX-F8R6Sl4_CeuUyw,2026-03-18T07:53:04Z,2026-03-18,5,ja,True,False,2026-09-28T05:30:21.875Z
2dc2de87f8b13c1f,ChIJzYo4YsSX-F8R6Sl4_CeuUyw,2026-03-18T08:31:12Z,2026-03-18,3,,False,False,2026-09-28T05:30:21.875Z
6b9dd7d8bdaee5df,ChIJzYo4YsSX-F8R6Sl4_CeuUyw,2026-03-18T12:10:40Z,2026-03-18,4,ja,True,False,2026-09-28T05:30:21.875Z
4f5b7e408b3fd281,ChIJzYo4YsSX-F8R6Sl4_CeuUyw,2026-03-19T03:55:49Z,2026-03-19,4,ja,True,False,2026-09-28T05:30:21.875Z
ed47a45253f6d6e3,ChIJzYo4YsSX-F8R6Sl4_CeuUyw,2026-03-19T12:27:04Z,2026-03-19,5,,False,False,2026-09-28T05:30:21.875Z
8b627c2a79eb5277,ChIJzYo4YsSX-F8R6Sl4_CeuUyw,2026-03-19T12:55:17Z,2026-03-19,4,ja,True,False,2026-09-28T05:30:21.875Z
747fe1587d7e6a53,ChIJzYo4YsSX-F8R6Sl4_CeuUyw,2026-03-19T21:51:06Z,2026-03-20,5,,False,False,2026-09-28T05:30:21.875Z
9c8565e7d21185e7,ChIJzYo4YsSX-F8R6Sl4_CeuUyw,2026-03-20T00:51:19Z,2026-03-20,5,ja,True,False,2026-09-28T05:30:21.875Z
36335b610e58446c,ChIJzYo4YsSX-F8R6Sl4_CeuUyw,2026-03-20T06:18:30Z,2026-03-20,5,ja,True,False,2026-09-28T05:30:21.875Z
22418f1ba1aeb364,ChIJzYo4YsSX-F8R6Sl4_CeuUyw,2026-03-21T11:14:47Z,2026-03-21,5,en,True,False,2026-09-28T05:30:21.875Z
aeb9322473372eb7,ChIJzYo4YsSX-F8R6Sl4_CeuUyw,2026-03-21T16:53:48Z,2026-03-22,4,,False,False,2026-09-28T05:30:21.875Z
b450e68c1ca87050,ChIJzYo4YsSX-F8R6Sl4_CeuUyw,2026-03-22T00:25:06Z,2026-03-22,4,ja,True,False,2026-09-28T05:30:21.875Z
ea8125983a3dc606,ChIJzYo4YsSX-F8R6Sl4_CeuUyw,2026-03-22T06:57:40Z,2026-03-22,5,nl,True,False,2026-09-28T05:30:21.875Z
a75d7f03ab66a26c,ChIJzYo4YsSX-F8R6Sl4_CeuUyw,2026-03-22T07:38:44Z,2026-03-22,4,zh-Hant,True,False,2026-09-28T05:30:21.875Z
9b834df90fc004c7,ChIJzYo4YsSX-F8R6Sl4_CeuUyw,2026-03-23T00:24:44Z,2026-03-23,4,ja,True,False,2026-09-28T05:30:21.875Z
c1ef35fb501765dd,ChIJzYo4YsSX-F8R6Sl4_CeuUyw,2026-03-23T11:42:50Z,2026-03-23,5,,False,False,2026-09-28T05:30:21.875Z
1bc641ce0c64e226,ChIJzYo4YsSX-F8R6Sl4_CeuUyw,2026-03-24T22:04:09Z,2026-03-25,5,,False,False,2026-09-28T05:30:21.875Z
3ea64e8ace287699,ChIJzYo4YsSX-F8R6Sl4_CeuUyw,2026-03-24T22:37:49Z,2026-03-25,4,ja,True,False,2026-09-28T05:30:21.875Z
be331492dd4aab0a,ChIJzYo4YsSX-F8R6Sl4_CeuUyw,2026-03-25T06:13:02Z,2026-03-25,5,en,True,False,2026-09-28T05:30:21.875Z
54d262531087a606,ChIJzYo4YsSX-F8R6Sl4_CeuUyw,2026-03-25T06:59:46Z,2026-03-25,5,ja,True,False,2026-09-28T05:30:21.875Z
745a6e9a517e112e,ChIJzYo4YsSX-F8R6Sl4_CeuUyw,2026-03-25T23:05:24Z,2026-03-26,4,,False,False,2026-09-28T05:30:21.875Z
16738a3501fb6447,ChIJzYo4YsSX-F8R6Sl4_CeuUyw,2026-03-26T11:52:02Z,2026-03-26,4,,False,False,2026-09-28T05:30:21.875Z
b3a6c9c276ef1d3a,ChIJzYo4YsSX-F8R6Sl4_CeuUyw,2026-03-26T15:03:07Z,2026-03-27,4,ja,True,False,2026-09-28T05:30:21.875Z
67645ad287548dac,ChIJzYo4YsSX-F8R6Sl4_CeuUyw,2026-03-27T04:03:23Z,2026-03-27,5,,False,False,2026-09-28T05:30:21.875Z
1aeaf0e61cdc0a0d,ChIJzYo4YsSX-F8R6Sl4_CeuUyw,2026-03-29T10:28:17Z,2026-03-29,1,,False,False,2026-09-28T05:30:21.875Z
8d6a2418f51a1ddc,ChIJzYo4YsSX-F8R6Sl4_CeuUyw,2026-03-29T14:12:48Z,2026-03-29,4,,False,False,2026-09-28T05:30:21.875Z
8b2abdf7b76796f8,ChIJzYo4YsSX-F8R6Sl4_CeuUyw,2026-03-29T20:16:32Z,2026-03-30,5,,False,False,2026-09-28T05:30:21.875Z
7ebf19079fc2462e,ChIJzYo4YsSX-F8R6Sl4_CeuUyw,2026-03-29T23:15:33Z,2026-03-30,5,zh-Hans,True,False,2026-09-28T05:30:21.875Z
0645e7924a78a537,ChIJzYo4YsSX-F8R6Sl4_CeuUyw,2026-03-30T10:25:51Z,2026-03-30,3,,False,False,2026-09-28T05:30:21.875Z
a350f4f5cb521109,ChIJzYo4YsSX-F8R6Sl4_CeuUyw,2026-03-31T02:52:31Z,2026-03-31,5,,False,False,2026-09-28T05:30:21.875Z
a09de4178f44c179,ChIJzYo4YsSX-F8R6Sl4_CeuUyw,2026-03-31T05:55:24Z,2026-03-31,4,ja,True,False,2026-09-28T05:30:21.875Z
1daa8dd62f42d0d1,ChIJzYo4YsSX-F8R6Sl4_CeuUyw,2026-03-31T11:47:01Z,2026-03-31,5,,False,False,2026-09-28T05:30:21.875Z
c537ff60b71da6af,ChIJzYo4YsSX-F8R6Sl4_CeuUyw,2026-03-31T12:28:53Z,2026-03-31,5,pt,True,False,2026-09-28T05:30:21.875Z
3be83bc92fd8d4b3,ChIJzYo4YsSX-F8R6Sl4_CeuUyw,2026-03-31T13:20:44Z,2026-03-31,3,zh-Hant,True,False,2026-09-28T05:30:21.875Z
205e61273f70c4cd,ChIJzYo4YsSX-F8R6Sl4_CeuUyw,2026-03-31T13:53:06Z,2026-03-31,5,fr,True,False,2026-09-28T05:30:21.875Z
ebf99ff7de81b91a,ChIJzYo4YsSX-F8R6Sl4_CeuUyw,2026-03-31T14:55:08Z,2026-03-31,5,ja,True,False,2026-09-28T05:30:21.875Z
59c94a841223affe,ChIJzYo4YsSX-F8R6Sl4_CeuUyw,2026-04-01T09:09:38Z,2026-04-01,5,en,True,False,2026-09-28T05:30:21.875Z
e581bf1a816b47a9,ChIJzYo4YsSX-F8R6Sl4_CeuUyw,2026-04-01T17:19:52Z,2026-04-02,4,ja,True,False,2026-09-28T05:30:21.875Z
c1125e6e7305e79b,ChIJzYo4YsSX-F8R6Sl4_CeuUyw,2026-04-03T03:23:56Z,2026-04-03,5,ja,True,False,2026-09-28T05:30:21.875Z
17b8607b25f75e5e,ChIJzYo4YsSX-F8R6Sl4_CeuUyw,2026-04-03T05:43:03Z,2026-04-03,3,ja,True,False,2026-09-28T05:30:21.875Z
c76bef42e7042d5a,ChIJzYo4YsSX-F8R6Sl4_CeuUyw,2026-04-03T06:25:08Z,2026-04-03,5,,False,False,2026-09-28T05:30:21.875Z
a33455a8e97e2830,ChIJzYo4YsSX-F8R6Sl4_CeuUyw,2026-04-04T03:42:48Z,2026-04-04,4,,False,False,2026-09-28T05:30:21.875Z
18568215c0a04402,ChIJzYo4YsSX-F8R6Sl4_CeuUyw,2026-04-07T13:39:12Z,2026-04-07,5,ja,True,False,2026-09-28T05:30:21.875Z
fe304d3bd15b9d47,ChIJzYo4YsSX-F8R6Sl4_CeuUyw,2026-04-08T04:08:02Z,2026-04-08,4,ja,True,False,2026-09-28T05:30:21.875Z
0cb4143b7eb5c0e9,ChIJzYo4YsSX-F8R6Sl4_CeuUyw,2026-04-08T06:10:28Z,2026-04-08,5,ja,True,False,2026-09-28T05:30:21.875Z
7c01d9e4989501ac,ChIJzYo4YsSX-F8R6Sl4_CeuUyw,2026-04-09T09:54:02Z,2026-04-09,5,en,True,False,2026-09-28T05:30:21.875Z
39043ac7a503ccf2,ChIJzYo4YsSX-F8R6Sl4_CeuUyw,2026-04-10T02:02:09Z,2026-04-10,5,ja,True,False,2026-09-28T05:30:21.875Z
1e9c3f31dc2e1adc,ChIJzYo4YsSX-F8R6Sl4_CeuUyw,2026-04-11T10:43:49Z,2026-04-11,5,,False,False,2026-09-28T05:30:21.875Z
60fff058088eecf5,ChIJzYo4YsSX-F8R6Sl4_CeuUyw,2026-04-12T00:55:44Z,2026-04-12,4,,False,False,2026-09-28T05:30:21.875Z
db0544fdf7b65df2,ChIJzYo4YsSX-F8R6Sl4_CeuUyw,2026-04-12T10:33:40Z,2026-04-12,4,,False,False,2026-09-28T05:30:21.875Z
9cd305026f8452de,ChIJzYo4YsSX-F8R6Sl4_CeuUyw,2026-04-12T13:54:25Z,2026-04-12,5,ja,True,False,2026-09-28T05:30:21.875Z
d0ca68c8a484a54b,ChIJzYo4YsSX-F8R6Sl4_CeuUyw,2026-04-13T05:12:49Z,2026-04-13,5,zh-Hant,True,False,2026-09-28T05:30:21.875Z
6f203c4c4b075cbc,ChIJzYo4YsSX-F8R6Sl4_CeuUyw,2026-04-13T14:39:41Z,2026-04-13,4,,False,False,2026-09-28T05:30:21.875Z
041d3063980e11b2,ChIJzYo4YsSX-F8R6Sl4_CeuUyw,2026-04-14T09:16:55Z,2026-04-14,5,ja,True,False,2026-09-28T05:30:21.875Z
8913236f2252b828,ChIJzYo4YsSX-F8R6Sl4_CeuUyw,2026-04-14T12:45:49Z,2026-04-14,5,,False,False,2026-09-28T05:30:21.875Z
6880ccc91ccb7bd0,ChIJzYo4YsSX-F8R6Sl4_CeuUyw,2026-04-14T21:47:07Z,2026-04-15,5,nl,True,False,2026-09-28T05:30:21.875Z
4ca06f4407ae0237,ChIJzYo4YsSX-F8R6Sl4_CeuUyw,2026-04-15T02:12:13Z,2026-04-15,5,,False,False,2026-09-28T05:30:21.875Z
4d6d623c448c131d,ChIJzYo4YsSX-F8R6Sl4_CeuUyw,2026-04-16T02:02:57Z,2026-04-16,5,ja,True,False,2026-09-28T05:30:21.875Z
4cd46cd2e7119643,ChIJzYo4YsSX-F8R6Sl4_CeuUyw,2026-04-16T07:50:04Z,2026-04-16,4,,False,False,2026-09-28T05:30:21.875Z
da99b0f566d1cb10,ChIJzYo4YsSX-F8R6Sl4_CeuUyw,2026-04-16T08:21:37Z,2026-04-16,5,ja,True,False,2026-09-28T05:30:21.875Z
62e2762ddb0e989b,ChIJzYo4YsSX-F8R6Sl4_CeuUyw,2026-04-17T12:09:38Z,2026-04-17,5,ja,True,False,2026-09-28T05:30:21.875Z
e10b111043b37797,ChIJzYo4YsSX-F8R6Sl4_CeuUyw,2026-04-18T10:33:41Z,2026-04-18,5,th,True,False,2026-09-28T05:30:21.875Z
f592889c2b3f2786,ChIJzYo4YsSX-F8R6Sl4_CeuUyw,2026-04-19T00:34:37Z,2026-04-19,4,,False,False,2026-09-28T05:30:21.875Z
58a0e7381fda3d65,ChIJzYo4YsSX-F8R6Sl4_CeuUyw,2026-04-19T09:33:38Z,2026-04-19,5,,False,False,2026-09-28T05:30:21.875Z
de51bf212e9d7f7f,ChIJzYo4YsSX-F8R6Sl4_CeuUyw,2026-04-19T14:01:17Z,2026-04-19,4,ja,True,False,2026-09-28T05:30:21.875Z
d7e1b55c0d21eeb2,ChIJzYo4YsSX-F8R6Sl4_CeuUyw,2026-04-19T14:05:37Z,2026-04-19,5,ja,True,False,2026-09-28T05:30:21.875Z
470e23dec09834ec,ChIJzYo4YsSX-F8R6Sl4_CeuUyw,2026-04-19T16:40:04Z,2026-04-20,5,ja,True,False,2026-09-28T05:30:21.875Z
efaec4dae1737a3f,ChIJzYo4YsSX-F8R6Sl4_CeuUyw,2026-04-20T12:34:19Z,2026-04-20,5,,False,False,2026-09-28T05:30:21.875Z
a0b04e4cb9bc6a08,ChIJzYo4YsSX-F8R6Sl4_CeuUyw,2026-04-20T20:41:06Z,2026-04-21,4,ja,True,False,2026-09-28T05:30:21.875Z
f33009fdd6dbcdf9,ChIJzYo4YsSX-F8R6Sl4_CeuUyw,2026-04-22T10:41:42Z,2026-04-22,5,,False,False,2026-09-28T05:30:21.875Z
cbce7e36d6a27407,ChIJzYo4YsSX-F8R6Sl4_CeuUyw,2026-04-23T01:12:09Z,2026-04-23,4,,False,False,2026-09-28T05:30:21.875Z
d5dc35e2ef744c6a,ChIJzYo4YsSX-F8R6Sl4_CeuUyw,2026-04-23T04:51:01Z,2026-04-23,4,,False,False,2026-09-28T05:30:21.875Z
c3cc3776c69454de,ChIJzYo4YsSX-F8R6Sl4_CeuUyw,2026-04-23T05:07:38Z,2026-04-23,3,,False,False,2026-09-28T05:30:21.875Z
734ac86517ae1135,ChIJzYo4YsSX-F8R6Sl4_CeuUyw,2026-04-23T08:49:04Z,2026-04-23,3,,False,False,2026-09-28T05:30:21.875Z
89565004bd0dd4f5,ChIJzYo4YsSX-F8R6Sl4_CeuUyw,2026-04-23T13:04:51Z,2026-04-23,4,,False,False,2026-09-28T05:30:21.875Z
20d0549cb5de7873,ChIJzYo4YsSX-F8R6Sl4_CeuUyw,2026-04-24T05:44:49Z,2026-04-24,4,ja,True,False,2026-09-28T05:30:21.875Z
14aa28b24c2b0012,ChIJzYo4YsSX-F8R6Sl4_CeuUyw,2026-04-25T06:57:50Z,2026-04-25,3,,False,False,2026-09-28T05:30:21.875Z
96997d19d0c2971e,ChIJzYo4YsSX-F8R6Sl4_CeuUyw,2026-04-25T21:01:16Z,2026-04-26,4,ja,True,False,2026-09-28T05:30:21.875Z
a212c7bad9ddb76e,ChIJzYo4YsSX-F8R6Sl4_CeuUyw,2026-04-25T22:50:38Z,2026-04-26,5,ja,True,False,2026-09-28T05:30:21.875Z
205f78c108aea7b9,ChIJzYo4YsSX-F8R6Sl4_CeuUyw,2026-04-26T00:08:14Z,2026-04-26,5,ja,True,False,2026-09-28T05:30:21.875Z
883d052d8672a6d9,ChIJzYo4YsSX-F8R6Sl4_CeuUyw,2026-04-26T06:27:32Z,2026-04-26,5,ja,True,False,2026-09-28T05:30:21.875Z
af7115fbf3713e65,ChIJzYo4YsSX-F8R6Sl4_CeuUyw,2026-04-26T07:14:33Z,2026-04-26,4,ja,True,False,2026-09-28T05:30:21.875Z
0a97f99e224f3305,ChIJzYo4YsSX-F8R6Sl4_CeuUyw,2026-04-26T08:19:11Z,2026-04-26,2,,False,False,2026-09-28T05:30:21.875Z
d124b8fae423d8aa,ChIJzYo4YsSX-F8R6Sl4_CeuUyw,2026-04-26T22:26:14Z,2026-04-27,3,ja,True,False,2026-09-28T05:30:21.875Z
5ac3bd35b50fefaa,ChIJzYo4YsSX-F8R6Sl4_CeuUyw,2026-04-28T00:39:14Z,2026-04-28,5,ja,True,False,2026-09-28T05:30:21.875Z
2d30cb098f755e3f,ChIJzYo4YsSX-F8R6Sl4_CeuUyw,2026-04-28T02:36:04Z,2026-04-28,5,,False,False,2026-09-28T05:30:21.875Z
cf1fedc48fd040bd,ChIJzYo4YsSX-F8R6Sl4_CeuUyw,2026-04-28T06:17:58Z,2026-04-28,5,ja,True,False,2026-09-28T05:30:21.875Z
5c63bc8d4e84634e,ChIJzYo4YsSX-F8R6Sl4_CeuUyw,2026-04-28T11:45:24Z,2026-04-28,5,ja,True,False,2026-09-28T05:30:21.875Z
2043a6283ac6eb76,ChIJzYo4YsSX-F8R6Sl4_CeuUyw,2026-04-28T14:56:34Z,2026-04-28,5,ja,True,False,2026-09-28T05:30:21.875Z
1bb7e489e4f844a2,ChIJzYo4YsSX-F8R6Sl4_CeuUyw,2026-04-29T03:43:04Z,2026-04-29,5,,False,False,2026-09-28T05:30:21.875Z
ce93c9af020fae43,ChIJzYo4YsSX-F8R6Sl4_CeuUyw,2026-04-29T22:21:59Z,2026-04-30,4,ja,True,False,2026-09-28T05:30:21.875Z
f9390f66d789ca1d,ChIJzYo4YsSX-F8R6Sl4_CeuUyw,2026-04-30T06:11:32Z,2026-04-30,3,,False,False,2026-09-28T05:30:21.875Z
dc2ba9aed7f1a22f,ChIJzYo4YsSX-F8R6Sl4_CeuUyw,2026-05-01T03:54:19Z,2026-05-01,5,zh-Hant,True,False,2026-09-28T05:30:21.875Z
8ddf4fa172c71b39,ChIJzYo4YsSX-F8R6Sl4_CeuUyw,2026-05-01T05:22:15Z,2026-05-01,5,,False,False,2026-09-28T05:30:21.875Z
4f4a1d1a418e63c3,ChIJzYo4YsSX-F8R6Sl4_CeuUyw,2026-05-01T06:23:40Z,2026-05-01,5,ja,True,False,2026-09-28T05:30:21.875Z
4f0d3af64e858992,ChIJzYo4YsSX-F8R6Sl4_CeuUyw,2026-05-02T05:46:40Z,2026-05-02,5,,False,False,2026-09-28T05:30:21.875Z
168ee9a44aa19a2d,ChIJzYo4YsSX-F8R6Sl4_CeuUyw,2026-05-02T14:11:33Z,2026-05-02,5,,False,False,2026-09-28T05:30:21.875Z
5fb12069ea4382fa,ChIJzYo4YsSX-F8R6Sl4_CeuUyw,2026-05-02T14:12:52Z,2026-05-02,5,ja,True,False,2026-09-28T05:30:21.875Z
c7f9a64dbdcaa844,ChIJzYo4YsSX-F8R6Sl4_CeuUyw,2026-05-02T15:31:30Z,2026-05-03,4,,False,False,2026-09-28T05:30:21.875Z
4808285ab594de8e,ChIJzYo4YsSX-F8R6Sl4_CeuUyw,2026-05-02T17:28:46Z,2026-05-03,1,ja,True,False,2026-09-28T05:30:21.875Z
d10ccb48911eff91,ChIJzYo4YsSX-F8R6Sl4_CeuUyw,2026-05-02T18:34:46Z,2026-05-03,5,ja,True,False,2026-09-28T05:30:21.875Z
be1c2b6d53645105,ChIJzYo4YsSX-F8R6Sl4_CeuUyw,2026-05-02T20:27:48Z,2026-05-03,5,ja,True,False,2026-09-28T05:30:21.875Z
b1506230103dffd9,ChIJzYo4YsSX-F8R6Sl4_CeuUyw,2026-05-03T00:38:01Z,2026-05-03,4,ja,True,False,2026-09-28T05:30:21.875Z
3d824ba1c2eb9e95,ChIJzYo4YsSX-F8R6Sl4_CeuUyw,2026-05-03T01:22:50Z,2026-05-03,5,en,True,False,2026-09-28T05:30:21.875Z
34c54caa46f7905a,ChIJzYo4YsSX-F8R6Sl4_CeuUyw,2026-05-03T03:42:06Z,2026-05-03,4,,False,False,2026-09-28T05:30:21.875Z
30eb96ecb873e740,ChIJzYo4YsSX-F8R6Sl4_CeuUyw,2026-05-03T09:34:13Z,2026-05-03,4,ja,True,False,2026-09-28T05:30:21.875Z
958aee1c274c2acd,ChIJzYo4YsSX-F8R6Sl4_CeuUyw,2026-05-03T11:50:50Z,2026-05-03,4,ja,True,False,2026-09-28T05:30:21.875Z
ff83ff5de4e4cc27,ChIJzYo4YsSX-F8R6Sl4_CeuUyw,2026-05-03T14:37:26Z,2026-05-03,2,ja,True,False,2026-09-28T05:30:21.875Z
4ee1f59f1b39f7dd,ChIJzYo4YsSX-F8R6Sl4_CeuUyw,2026-05-04T01:08:29Z,2026-05-04,5,ja,True,False,2026-09-28T05:30:21.875Z
47a1d1239d3b9117,ChIJzYo4YsSX-F8R6Sl4_CeuUyw,2026-05-04T05:56:18Z,2026-05-04,5,ja,True,False,2026-09-28T05:30:21.875Z
bdfe0446fbaac509,ChIJzYo4YsSX-F8R6Sl4_CeuUyw,2026-05-04T12:13:32Z,2026-05-04,5,,False,False,2026-09-28T05:30:21.875Z
2a9fd22cb5be3ff4,ChIJzYo4YsSX-F8R6Sl4_CeuUyw,2026-05-05T00:08:55Z,2026-05-05,4,,False,False,2026-09-28T05:30:21.875Z
8dbf245514b63b71,ChIJzYo4YsSX-F8R6Sl4_CeuUyw,2026-05-05T11:33:03Z,2026-05-05,5,ja,True,False,2026-09-28T05:30:21.875Z
9a3605da323e6aa8,ChIJzYo4YsSX-F8R6Sl4_CeuUyw,2026-05-05T18:35:18Z,2026-05-06,5,ja,True,False,2026-09-28T05:30:21.875Z
fb3985c1d1716fc0,ChIJzYo4YsSX-F8R6Sl4_CeuUyw,2026-05-05T23:58:44Z,2026-05-06,5,,False,False,2026-09-28T05:30:21.875Z
e0d461b3234ae725,ChIJzYo4YsSX-F8R6Sl4_CeuUyw,2026-05-06T04:07:47Z,2026-05-06,4,ja,True,False,2026-09-28T05:30:21.875Z
8a7ac2597672c8c8,ChIJzYo4YsSX-F8R6Sl4_CeuUyw,2026-05-06T05:45:42Z,2026-05-06,3,ja,True,False,2026-09-28T05:30:21.875Z
65ea9e4be21092d8,ChIJzYo4YsSX-F8R6Sl4_CeuUyw,2026-05-06T14:43:38Z,2026-05-06,4,,False,False,2026-09-28T05:30:21.875Z
138e060b4559670f,ChIJzYo4YsSX-F8R6Sl4_CeuUyw,2026-05-06T23:21:34Z,2026-05-07,5,ja,True,False,2026-09-28T05:30:21.875Z
5a4aa7c71d45e170,ChIJzYo4YsSX-F8R6Sl4_CeuUyw,2026-05-07T08:54:18Z,2026-05-07,5,ja,True,False,2026-09-28T05:30:21.875Z
c233d90a985468ae,ChIJzYo4YsSX-F8R6Sl4_CeuUyw,2026-05-07T11:54:27Z,2026-05-07,5,ja,True,False,2026-09-28T05:30:21.875Z
8b99c4d6139c1793,ChIJzYo4YsSX-F8R6Sl4_CeuUyw,2026-05-07T13:02:21Z,2026-05-07,5,,False,False,2026-09-28T05:30:21.875Z
93174ad0ab7db8ad,ChIJzYo4YsSX-F8R6Sl4_CeuUyw,2026-05-07T13:04:11Z,2026-05-07,5,ja,True,False,2026-09-28T05:30:21.875Z
725f9de0eccae6d0,ChIJzYo4YsSX-F8R6Sl4_CeuUyw,2026-05-08T01:06:33Z,2026-05-08,5,en,True,False,2026-09-28T05:30:21.875Z
1ae574f3c8dd4a01,ChIJzYo4YsSX-F8R6Sl4_CeuUyw,2026-05-08T03:44:02Z,2026-05-08,5,ja,True,False,2026-09-28T05:30:21.875Z
266e7639c952cc83,ChIJzYo4YsSX-F8R6Sl4_CeuUyw,2026-05-08T09:06:31Z,2026-05-08,5,en,True,False,2026-09-28T05:30:21.875Z
b5cbf6974a27d5ca,ChIJzYo4YsSX-F8R6Sl4_CeuUyw,2026-05-08T13:53:58Z,2026-05-08,5,,False,False,2026-09-28T05:30:21.875Z
2929fb55b0a63ccb,ChIJzYo4YsSX-F8R6Sl4_CeuUyw,2026-05-09T06:13:00Z,2026-05-09,5,en,True,False,2026-09-28T05:30:21.875Z
dee46071e918348c,ChIJzYo4YsSX-F8R6Sl4_CeuUyw,2026-05-09T15:27:08Z,2026-05-10,5,,False,False,2026-09-28T05:30:21.875Z
05468bbe546f45dc,ChIJzYo4YsSX-F8R6Sl4_CeuUyw,2026-05-09T22:31:40Z,2026-05-10,5,ja,True,False,2026-09-28T05:30:21.875Z
04e043c282011748,ChIJzYo4YsSX-F8R6Sl4_CeuUyw,2026-05-10T04:13:56Z,2026-05-10,5,ja,True,False,2026-09-28T05:30:21.875Z
7496b1ddd4c38ea0,ChIJzYo4YsSX-F8R6Sl4_CeuUyw,2026-05-10T07:04:27Z,2026-05-10,5,,False,False,2026-09-28T05:30:21.875Z
3825279baf7add12,ChIJzYo4YsSX-F8R6Sl4_CeuUyw,2026-05-10T19:28:36Z,2026-05-11,5,,False,False,2026-09-28T05:30:21.875Z
0de3a7bb2c64696f,ChIJzYo4YsSX-F8R6Sl4_CeuUyw,2026-05-10T21:48:36Z,2026-05-11,5,ja,True,False,2026-09-28T05:30:21.875Z
4e7a68273da6741d,ChIJzYo4YsSX-F8R6Sl4_CeuUyw,2026-05-11T03:28:04Z,2026-05-11,5,ja,True,False,2026-09-28T05:30:21.875Z
ed77f0d2f1675954,ChIJzYo4YsSX-F8R6Sl4_CeuUyw,2026-05-11T13:42:10Z,2026-05-11,5,,False,False,2026-09-28T05:30:21.875Z
25da5feb6f94266c,ChIJzYo4YsSX-F8R6Sl4_CeuUyw,2026-05-12T14:16:04Z,2026-05-12,5,en,True,False,2026-09-28T05:30:21.875Z
6b471c0d0c56b225,ChIJzYo4YsSX-F8R6Sl4_CeuUyw,2026-05-12T21:38:39Z,2026-05-13,5,ja,True,False,2026-09-28T05:30:21.875Z
d322b06cfff656dc,ChIJzYo4YsSX-F8R6Sl4_CeuUyw,2026-05-12T23:02:48Z,2026-05-13,4,ja,True,False,2026-09-28T05:30:21.875Z
37ea7637368a28f6,ChIJzYo4YsSX-F8R6Sl4_CeuUyw,2026-05-13T00:15:50Z,2026-05-13,5,ja,True,False,2026-09-28T05:30:21.875Z
8e3b5502dc82f96a,ChIJzYo4YsSX-F8R6Sl4_CeuUyw,2026-05-13T05:36:46Z,2026-05-13,5,,False,False,2026-09-28T05:30:21.875Z
fb177ca313183f76,ChIJzYo4YsSX-F8R6Sl4_CeuUyw,2026-05-13T06:59:12Z,2026-05-13,3,,False,False,2026-09-28T05:30:21.875Z
ebf3e02ce2d7cfd8,ChIJzYo4YsSX-F8R6Sl4_CeuUyw,2026-05-13T10:18:02Z,2026-05-13,3,ja,True,False,2026-09-28T05:30:21.875Z
2b2f8b0837c754e7,ChIJzYo4YsSX-F8R6Sl4_CeuUyw,2026-05-13T14:59:46Z,2026-05-13,5,ja,True,False,2026-09-28T05:30:21.875Z
f1b2036f786aae24,ChIJzYo4YsSX-F8R6Sl4_CeuUyw,2026-05-14T03:04:07Z,2026-05-14,5,ja,True,False,2026-09-28T05:30:21.875Z
76d1941d4444a817,ChIJzYo4YsSX-F8R6Sl4_CeuUyw,2026-05-14T14:21:44Z,2026-05-14,5,ja,True,False,2026-09-28T05:30:21.875Z
ef9f353fe5232015,ChIJzYo4YsSX-F8R6Sl4_CeuUyw,2026-05-14T21:50:40Z,2026-05-15,5,en,True,False,2026-09-28T05:30:21.875Z
7815193091c5a4fd,ChIJzYo4YsSX-F8R6Sl4_CeuUyw,2026-05-15T05:10:07Z,2026-05-15,5,ja,True,False,2026-09-28T05:30:21.875Z
74f5df127ee7d892,ChIJzYo4YsSX-F8R6Sl4_CeuUyw,2026-05-15T23:09:22Z,2026-05-16,5,ja,True,False,2026-09-28T05:30:21.875Z
d8120448e5546961,ChIJzYo4YsSX-F8R6Sl4_CeuUyw,2026-05-15T23:36:10Z,2026-05-16,1,,False,False,2026-09-28T05:30:21.875Z
1a87a60a7208001f,ChIJzYo4YsSX-F8R6Sl4_CeuUyw,2026-05-16T01:00:18Z,2026-05-16,5,ja,True,False,2026-09-28T05:30:21.875Z
9d4baa52a845f5b4,ChIJzYo4YsSX-F8R6Sl4_CeuUyw,2026-05-16T06:21:26Z,2026-05-16,4,,False,False,2026-09-28T05:30:21.875Z
247912951d9b298e,ChIJzYo4YsSX-F8R6Sl4_CeuUyw,2026-05-16T09:40:07Z,2026-05-16,5,ja,True,False,2026-09-28T05:30:21.875Z
d7a2065868777032,ChIJzYo4YsSX-F8R6Sl4_CeuUyw,2026-05-17T07:17:22Z,2026-05-17,5,ja,True,False,2026-09-28T05:30:21.875Z
e2727cf26bf9492e,ChIJzYo4YsSX-F8R6Sl4_CeuUyw,2026-05-17T10:00:41Z,2026-05-17,4,,False,False,2026-09-28T05:30:21.875Z
ecd754856cba26c3,ChIJzYo4YsSX-F8R6Sl4_CeuUyw,2026-05-17T11:08:24Z,2026-05-17,5,ja,True,False,2026-09-28T05:30:21.875Z
6e982972ea23b922,ChIJzYo4YsSX-F8R6Sl4_CeuUyw,2026-05-18T03:06:21Z,2026-05-18,4,,False,False,2026-09-28T05:30:21.875Z
4416f413ba6c913c,ChIJzYo4YsSX-F8R6Sl4_CeuUyw,2026-05-18T07:37:15Z,2026-05-18,3,ja,True,False,2026-09-28T05:30:21.875Z
93407a5ec3126d0d,ChIJzYo4YsSX-F8R6Sl4_CeuUyw,2026-05-18T08:45:13Z,2026-05-18,5,,False,False,2026-09-28T05:30:21.875Z
576400b7f0605253,ChIJzYo4YsSX-F8R6Sl4_CeuUyw,2026-05-19T03:27:50Z,2026-05-19,5,en,True,False,2026-09-28T05:30:21.875Z
6724232087f1244b,ChIJzYo4YsSX-F8R6Sl4_CeuUyw,2026-05-19T05:38:53Z,2026-05-19,4,,False,False,2026-09-28T05:30:21.875Z
bc5d72b6027c7d38,ChIJzYo4YsSX-F8R6Sl4_CeuUyw,2026-05-19T08:51:41Z,2026-05-19,4,,False,False,2026-09-28T05:30:21.875Z
f14e31a94a5c9b0a,ChIJzYo4YsSX-F8R6Sl4_CeuUyw,2026-05-19T14:28:41Z,2026-05-19,1,,False,False,2026-09-28T05:30:21.875Z
06704b2ae4e3a788,ChIJzYo4YsSX-F8R6Sl4_CeuUyw,2026-05-19T14:33:08Z,2026-05-19,5,ja,True,False,2026-09-28T05:30:21.875Z
92ba0e5dbd7f87c1,ChIJzYo4YsSX-F8R6Sl4_CeuUyw,2026-05-20T08:25:21Z,2026-05-20,2,ja,True,False,2026-09-28T05:30:21.875Z
b4226a24f1e14115,ChIJzYo4YsSX-F8R6Sl4_CeuUyw,2026-05-20T14:16:41Z,2026-05-20,5,,False,False,2026-09-28T05:30:21.875Z
759d0eab4233b58c,ChIJzYo4YsSX-F8R6Sl4_CeuUyw,2026-05-20T22:39:19Z,2026-05-21,4,,False,False,2026-09-28T05:30:21.875Z
bd3633298ec32949,ChIJzYo4YsSX-F8R6Sl4_CeuUyw,2026-05-21T02:54:58Z,2026-05-21,5,ja,True,False,2026-09-28T05:30:21.875Z
4ed2c3baa1202c47,ChIJzYo4YsSX-F8R6Sl4_CeuUyw,2026-05-21T05:14:42Z,2026-05-21,5,,False,False,2026-09-28T05:30:21.875Z
ef0af84245db31af,ChIJzYo4YsSX-F8R6Sl4_CeuUyw,2026-05-22T00:30:42Z,2026-05-22,5,en,True,False,2026-09-28T05:30:21.875Z
d8ab3c0d87e96eed,ChIJzYo4YsSX-F8R6Sl4_CeuUyw,2026-05-22T04:38:45Z,2026-05-22,5,ja,True,False,2026-09-28T05:30:21.875Z
3192bf37111b4240,ChIJzYo4YsSX-F8R6Sl4_CeuUyw,2026-05-23T15:13:01Z,2026-05-24,5,ja,True,False,2026-09-28T05:30:21.875Z
50fe156defad35b1,ChIJzYo4YsSX-F8R6Sl4_CeuUyw,2026-05-23T22:58:23Z,2026-05-24,5,,False,False,2026-09-28T05:30:21.875Z
a348d087fe7a1bc5,ChIJzYo4YsSX-F8R6Sl4_CeuUyw,2026-05-24T00:47:45Z,2026-05-24,5,,False,False,2026-09-28T05:30:21.875Z
4a5e830be49828a2,ChIJzYo4YsSX-F8R6Sl4_CeuUyw,2026-05-24T12:13:46Z,2026-05-24,5,ja,True,False,2026-09-28T05:30:21.875Z
fd62b5f33f3fdb55,ChIJzYo4YsSX-F8R6Sl4_CeuUyw,2026-05-25T04:19:20Z,2026-05-25,5,ja,True,False,2026-09-28T05:30:21.875Z
3c14297ffd25cb55,ChIJzYo4YsSX-F8R6Sl4_CeuUyw,2026-05-25T16:24:37Z,2026-05-26,5,ja,True,False,2026-09-28T05:30:21.875Z
6394a76798627628,ChIJzYo4YsSX-F8R6Sl4_CeuUyw,2026-05-25T22:04:08Z,2026-05-26,5,,False,False,2026-09-28T05:30:21.875Z
a57aacdff0d5a33f,ChIJzYo4YsSX-F8R6Sl4_CeuUyw,2026-05-26T01:59:20Z,2026-05-26,5,ja,True,False,2026-09-28T05:30:21.875Z
1d89f802405a4201,ChIJzYo4YsSX-F8R6Sl4_CeuUyw,2026-05-26T15:34:01Z,2026-05-27,5,,False,False,2026-09-28T05:30:21.875Z
3530fd97022329a3,ChIJzYo4YsSX-F8R6Sl4_CeuUyw,2026-05-26T17:25:30Z,2026-05-27,4,en,True,False,2026-09-28T05:30:21.875Z
933b37b9bb470891,ChIJzYo4YsSX-F8R6Sl4_CeuUyw,2026-05-28T08:40:20Z,2026-05-28,5,,False,False,2026-09-28T05:30:21.875Z
170d1cd054ebc1bf,ChIJzYo4YsSX-F8R6Sl4_CeuUyw,2026-05-28T09:51:49Z,2026-05-28,4,ja,True,False,2026-09-28T05:30:21.875Z
985916862d54b3e7,ChIJzYo4YsSX-F8R6Sl4_CeuUyw,2026-05-28T11:49:56Z,2026-05-28,4,ja,True,False,2026-09-28T05:30:21.875Z
6507b5cda8a1ea4f,ChIJzYo4YsSX-F8R6Sl4_CeuUyw,2026-05-28T21:29:33Z,2026-05-29,5,ja,True,False,2026-09-28T05:30:21.875Z
1d72f1b6d98f9391,ChIJzYo4YsSX-F8R6Sl4_CeuUyw,2026-05-29T06:53:37Z,2026-05-29,5,,False,False,2026-09-28T05:30:21.875Z
b67739f5258a3a89,ChIJzYo4YsSX-F8R6Sl4_CeuUyw,2026-05-29T10:47:42Z,2026-05-29,5,,False,False,2026-09-28T05:30:21.875Z
3ac23780669a7129,ChIJzYo4YsSX-F8R6Sl4_CeuUyw,2026-05-29T20:06:29Z,2026-05-30,4,ja,True,False,2026-09-28T05:30:21.875Z
713d3fcd50f3ab66,ChIJzYo4YsSX-F8R6Sl4_CeuUyw,2026-05-30T00:20:18Z,2026-05-30,4,ja,True,False,2026-09-28T05:30:21.875Z
a86a9b03587fe65f,ChIJzYo4YsSX-F8R6Sl4_CeuUyw,2026-05-31T04:38:06Z,2026-05-31,5,,False,False,2026-09-28T05:30:21.875Z
cb74a59d4e38f02d,ChIJzYo4YsSX-F8R6Sl4_CeuUyw,2026-05-31T06:41:56Z,2026-05-31,5,ja,True,False,2026-09-28T05:30:21.875Z
176967c2a1dd36bd,ChIJzYo4YsSX-F8R6Sl4_CeuUyw,2026-05-31T15:23:29Z,2026-06-01,5,,False,False,2026-09-28T05:30:21.875Z
81a973a35f4fc189,ChIJzYo4YsSX-F8R6Sl4_CeuUyw,2026-06-01T02:30:02Z,2026-06-01,5,,False,False,2026-09-28T05:30:21.875Z
a1027eb43b2e8b7b,ChIJzYo4YsSX-F8R6Sl4_CeuUyw,2026-06-01T11:50:56Z,2026-06-01,5,ja,True,False,2026-09-28T05:30:21.875Z
57192ace621484cf,ChIJzYo4YsSX-F8R6Sl4_CeuUyw,2026-06-01T23:24:58Z,2026-06-02,5,ja,True,False,2026-09-28T05:30:21.875Z
39f066f07e107fd8,ChIJzYo4YsSX-F8R6Sl4_CeuUyw,2026-06-02T04:46:46Z,2026-06-02,5,ja,True,False,2026-09-28T05:30:21.875Z
371c808cd33ed117,ChIJzYo4YsSX-F8R6Sl4_CeuUyw,2026-06-02T09:06:02Z,2026-06-02,5,en,True,False,2026-09-28T05:30:21.875Z
332db529bd4492ac,ChIJzYo4YsSX-F8R6Sl4_CeuUyw,2026-06-02T10:28:12Z,2026-06-02,4,ja,True,False,2026-09-28T05:30:21.875Z
2701bc22029b57a2,ChIJzYo4YsSX-F8R6Sl4_CeuUyw,2026-06-02T10:50:29Z,2026-06-02,5,,False,False,2026-09-28T05:30:21.875Z
396ad3036d5974e5,ChIJzYo4YsSX-F8R6Sl4_CeuUyw,2026-06-02T13:02:38Z,2026-06-02,4,ja,True,False,2026-09-28T05:30:21.875Z
23225167d12cae97,ChIJzYo4YsSX-F8R6Sl4_CeuUyw,2026-06-03T02:41:23Z,2026-06-03,5,ja,True,False,2026-09-28T05:30:21.875Z
2f70be84afdc9f39,ChIJzYo4YsSX-F8R6Sl4_CeuUyw,2026-06-03T13:21:18Z,2026-06-03,5,ja,True,False,2026-09-28T05:30:21.875Z
a53ee563bf2d6c86,ChIJzYo4YsSX-F8R6Sl4_CeuUyw,2026-06-05T16:26:44Z,2026-06-06,4,,False,False,2026-09-28T05:30:21.875Z
136da573d45a3ede,ChIJzYo4YsSX-F8R6Sl4_CeuUyw,2026-06-06T10:16:44Z,2026-06-06,5,,False,False,2026-09-28T05:30:21.875Z
a78469252fb4ad55,ChIJzYo4YsSX-F8R6Sl4_CeuUyw,2026-06-06T13:35:19Z,2026-06-06,5,,False,False,2026-09-28T05:30:21.875Z
0cdb16b02092b4ac,ChIJzYo4YsSX-F8R6Sl4_CeuUyw,2026-06-06T16:13:48Z,2026-06-07,5,,False,False,2026-09-28T05:30:21.875Z
c5db323df42fafae,ChIJzYo4YsSX-F8R6Sl4_CeuUyw,2026-06-06T19:49:37Z,2026-06-07,4,ja,True,False,2026-09-28T05:30:21.875Z
9578166613fae4a9,ChIJzYo4YsSX-F8R6Sl4_CeuUyw,2026-06-07T12:10:57Z,2026-06-07,5,ja,True,False,2026-09-28T05:30:21.875Z
610d1dac12470a8b,ChIJzYo4YsSX-F8R6Sl4_CeuUyw,2026-06-07T12:31:30Z,2026-06-07,5,,False,False,2026-09-28T05:30:21.875Z
218bbf8f6ba2b1c8,ChIJzYo4YsSX-F8R6Sl4_CeuUyw,2026-06-07T12:49:24Z,2026-06-07,4,ja,True,False,2026-09-28T05:30:21.875Z
5eb2c4ac41afae62,ChIJzYo4YsSX-F8R6Sl4_CeuUyw,2026-06-07T21:14:49Z,2026-06-08,5,ja,True,False,2026-09-28T05:30:21.875Z
ea890a4fe9e8bdd4,ChIJzYo4YsSX-F8R6Sl4_CeuUyw,2026-06-07T21:30:22Z,2026-06-08,4,ja,True,False,2026-09-28T05:30:21.875Z
9b69a2e148caa885,ChIJzYo4YsSX-F8R6Sl4_CeuUyw,2026-06-07T22:01:51Z,2026-06-08,5,,False,False,2026-09-28T05:30:21.875Z
e11cc88dd4a46a97,ChIJzYo4YsSX-F8R6Sl4_CeuUyw,2026-06-09T20:26:58Z,2026-06-10,3,ja,True,False,2026-09-28T05:30:21.875Z
02bc4d0a571b89df,ChIJzYo4YsSX-F8R6Sl4_CeuUyw,2026-06-10T00:26:37Z,2026-06-10,4,ja,True,False,2026-09-28T05:30:21.875Z
fbc625cc635fd193,ChIJzYo4YsSX-F8R6Sl4_CeuUyw,2026-06-10T09:52:25Z,2026-06-10,5,,False,False,2026-09-28T05:30:21.875Z
6ca55af1db117fba,ChIJzYo4YsSX-F8R6Sl4_CeuUyw,2026-06-10T19:34:32Z,2026-06-11,3,,False,False,2026-09-28T05:30:21.875Z
da0f3404d787aba8,ChIJzYo4YsSX-F8R6Sl4_CeuUyw,2026-06-11T04:10:46Z,2026-06-11,5,zh-Hans,True,False,2026-09-28T05:30:21.875Z
0b2f873e65605ddf,ChIJzYo4YsSX-F8R6Sl4_CeuUyw,2026-06-13T01:49:12Z,2026-06-13,5,ja,True,False,2026-09-28T05:30:21.875Z
0c03d6a1bd56a5ad,ChIJzYo4YsSX-F8R6Sl4_CeuUyw,2026-06-14T04:54:16Z,2026-06-14,3,,False,False,2026-09-28T05:30:21.875Z
8f874a1b77dc6b67,ChIJzYo4YsSX-F8R6Sl4_CeuUyw,2026-06-15T23:02:23Z,2026-06-16,5,ja,True,False,2026-09-28T05:30:21.875Z
24da350175877a0e,ChIJzYo4YsSX-F8R6Sl4_CeuUyw,2026-06-16T00:57:41Z,2026-06-16,5,,False,False,2026-09-28T05:30:21.875Z
285796b55a4a18d7,ChIJzYo4YsSX-F8R6Sl4_CeuUyw,2026-06-16T05:56:19Z,2026-06-16,5,ja,True,False,2026-09-28T05:30:21.875Z
a84a22f307b852d5,ChIJzYo4YsSX-F8R6Sl4_CeuUyw,2026-06-16T06:03:17Z,2026-06-16,4,ja,True,False,2026-09-28T05:30:21.875Z
f67393b293a3ac0f,ChIJzYo4YsSX-F8R6Sl4_CeuUyw,2026-06-16T11:24:33Z,2026-06-16,3,ja,True,False,2026-09-28T05:30:21.875Z
76316906ec5e733b,ChIJzYo4YsSX-F8R6Sl4_CeuUyw,2026-06-17T07:15:19Z,2026-06-17,5,ja,True,False,2026-09-28T05:30:21.875Z
dadfeb6230bf8c92,ChIJzYo4YsSX-F8R6Sl4_CeuUyw,2026-06-17T23:51:01Z,2026-06-18,5,ja,True,False,2026-09-28T05:30:21.875Z
ff4d1cee1d728f50,ChIJzYo4YsSX-F8R6Sl4_CeuUyw,2026-06-18T08:17:52Z,2026-06-18,5,ja,True,False,2026-09-28T05:30:21.875Z
93965c8b51c5eadc,ChIJzYo4YsSX-F8R6Sl4_CeuUyw,2026-06-18T11:25:57Z,2026-06-18,5,,False,False,2026-09-28T05:30:21.875Z
da98f2e9851e289c,ChIJzYo4YsSX-F8R6Sl4_CeuUyw,2026-06-19T00:37:39Z,2026-06-19,5,ja,True,False,2026-09-28T05:30:21.875Z
e3883d96e30b12da,ChIJzYo4YsSX-F8R6Sl4_CeuUyw,2026-06-19T06:46:36Z,2026-06-19,5,,False,False,2026-09-28T05:30:21.875Z
3259b2dcb98d8dad,ChIJzYo4YsSX-F8R6Sl4_CeuUyw,2026-06-20T02:40:40Z,2026-06-20,4,ja,True,False,2026-09-28T05:30:21.875Z
3b18e7c1f63bc3fa,ChIJzYo4YsSX-F8R6Sl4_CeuUyw,2026-06-20T18:30:17Z,2026-06-21,5,,False,False,2026-09-28T05:30:21.875Z
29cdcde7470e50d2,ChIJzYo4YsSX-F8R6Sl4_CeuUyw,2026-06-21T13:57:52Z,2026-06-21,5,ja,True,False,2026-09-28T05:30:21.875Z
2c5351a5b06673f7,ChIJzYo4YsSX-F8R6Sl4_CeuUyw,2026-06-21T22:42:01Z,2026-06-22,5,en,True,False,2026-09-28T05:30:21.875Z
285a9ae5b261a204,ChIJzYo4YsSX-F8R6Sl4_CeuUyw,2026-06-23T08:24:04Z,2026-06-23,5,,False,False,2026-09-28T05:30:21.875Z
d3711c75431bcf82,ChIJzYo4YsSX-F8R6Sl4_CeuUyw,2026-06-23T13:56:10Z,2026-06-23,4,ja,True,False,2026-09-28T05:30:21.875Z
42b82fc0b5ac1b54,ChIJzYo4YsSX-F8R6Sl4_CeuUyw,2026-06-23T15:51:02Z,2026-06-24,3,,False,False,2026-09-28T05:30:21.875Z
4466b3b7b9c526c9,ChIJzYo4YsSX-F8R6Sl4_CeuUyw,2026-06-23T22:22:03Z,2026-06-24,4,,False,False,2026-09-28T05:30:21.875Z
0522a39ee9f4db19,ChIJzYo4YsSX-F8R6Sl4_CeuUyw,2026-06-24T06:16:06Z,2026-06-24,5,,False,False,2026-09-28T05:30:21.875Z
57e00a43d5262606,ChIJzYo4YsSX-F8R6Sl4_CeuUyw,2026-06-24T21:18:41Z,2026-06-25,5,,False,False,2026-09-28T05:30:21.875Z
980cbf64fc78f2fe,ChIJzYo4YsSX-F8R6Sl4_CeuUyw,2026-06-26T00:39:00Z,2026-06-26,4,,False,False,2026-09-28T05:30:21.875Z
b1b889841f2c0151,ChIJzYo4YsSX-F8R6Sl4_CeuUyw,2026-06-26T03:29:55Z,2026-06-26,2,,False,False,2026-09-28T05:30:21.875Z
f4bb4f20331126a3,ChIJzYo4YsSX-F8R6Sl4_CeuUyw,2026-06-26T03:41:15Z,2026-06-26,1,ja,True,False,2026-09-28T05:30:21.875Z
d077e08399790668,ChIJzYo4YsSX-F8R6Sl4_CeuUyw,2026-06-27T01:28:33Z,2026-06-27,5,,False,False,2026-09-28T05:30:21.875Z
577128145c8f8b69,ChIJzYo4YsSX-F8R6Sl4_CeuUyw,2026-06-27T05:47:03Z,2026-06-27,5,,False,False,2026-09-28T05:30:21.875Z
678436d3cc1e6d64,ChIJzYo4YsSX-F8R6Sl4_CeuUyw,2026-06-28T15:51:49Z,2026-06-29,5,,False,False,2026-09-28T05:30:21.875Z
0e8a372100bd1363,ChIJzYo4YsSX-F8R6Sl4_CeuUyw,2026-06-29T12:02:39Z,2026-06-29,5,ja,True,False,2026-09-28T05:30:21.875Z
518c0b3fd1722407,ChIJzYo4YsSX-F8R6Sl4_CeuUyw,2026-06-29T23:26:36Z,2026-06-30,4,ja,True,False,2026-09-28T05:30:21.875Z
e7576ebf1b1b293f,ChIJzYo4YsSX-F8R6Sl4_CeuUyw,2026-06-30T00:12:14Z,2026-06-30,5,,False,False,2026-09-28T05:30:21.875Z
05b86f9ed97aa09b,ChIJzYo4YsSX-F8R6Sl4_CeuUyw,2026-06-30T04:25:39Z,2026-06-30,5,,False,False,2026-09-28T05:30:21.875Z
aeb6c444d561e7d7,ChIJzYo4YsSX-F8R6Sl4_CeuUyw,2026-06-30T07:13:15Z,2026-06-30,3,ja,True,False,2026-09-28T05:30:21.875Z
1df8e6b2fb90e5ce,ChIJzYo4YsSX-F8R6Sl4_CeuUyw,2026-06-30T10:11:24Z,2026-06-30,5,ja,True,False,2026-09-28T05:30:21.875Z
57caac98c432940c,ChIJzYo4YsSX-F8R6Sl4_CeuUyw,2026-06-30T11:57:35Z,2026-06-30,5,,False,False,2026-09-28T05:30:21.875Z
1e70e3740e770fb3,ChIJzYo4YsSX-F8R6Sl4_CeuUyw,2026-06-30T23:24:32Z,2026-07-01,5,,False,False,2026-09-28T05:30:21.875Z
6262f1e6cb813d8d,ChIJzYo4YsSX-F8R6Sl4_CeuUyw,2026-07-01T03:47:02Z,2026-07-01,5,ja,True,False,2026-09-28T05:30:21.875Z
2970b1db36c54ee7,ChIJzYo4YsSX-F8R6Sl4_CeuUyw,2026-07-01T09:28:57Z,2026-07-01,5,ja,True,False,2026-09-28T05:30:21.875Z
2a9f5c571748707d,ChIJzYo4YsSX-F8R6Sl4_CeuUyw,2026-07-02T04:16:51Z,2026-07-02,5,,False,False,2026-09-28T05:30:21.875Z
e849cc08561e5536,ChIJzYo4YsSX-F8R6Sl4_CeuUyw,2026-07-02T06:29:33Z,2026-07-02,5,ja,True,False,2026-09-28T05:30:21.875Z
c3868d8fed790153,ChIJzYo4YsSX-F8R6Sl4_CeuUyw,2026-07-02T10:50:53Z,2026-07-02,5,en,True,False,2026-09-28T05:30:21.875Z
d486f1804deaa7e3,ChIJzYo4YsSX-F8R6Sl4_CeuUyw,2026-07-03T04:47:11Z,2026-07-03,5,ja,True,False,2026-09-28T05:30:21.875Z
a021e7160a6b45b9,ChIJzYo4YsSX-F8R6Sl4_CeuUyw,2026-07-03T06:29:05Z,2026-07-03,5,,False,False,2026-09-28T05:30:21.875Z
a97fccce964aebbc,ChIJzYo4YsSX-F8R6Sl4_CeuUyw,2026-07-03T20:31:12Z,2026-07-04,5,ja,True,False,2026-09-28T05:30:21.875Z
5a959c54578c656b,ChIJzYo4YsSX-F8R6Sl4_CeuUyw,2026-07-05T03:45:47Z,2026-07-05,5,ja,True,False,2026-09-28T05:30:21.875Z
3ed63d7b39a734ed,ChIJzYo4YsSX-F8R6Sl4_CeuUyw,2026-07-05T04:34:10Z,2026-07-05,5,ja,True,False,2026-09-28T05:30:21.875Z
5b3429e1ed116e10,ChIJzYo4YsSX-F8R6Sl4_CeuUyw,2026-07-05T22:08:51Z,2026-07-06,3,,False,False,2026-09-28T05:30:21.875Z
5bc3dfb8ffca745f,ChIJzYo4YsSX-F8R6Sl4_CeuUyw,2026-07-06T07:42:12Z,2026-07-06,5,en,True,False,2026-09-28T05:30:21.875Z
5b98cb83581d5342,ChIJzYo4YsSX-F8R6Sl4_CeuUyw,2026-07-06T10:31:37Z,2026-07-06,5,,False,False,2026-09-28T05:30:21.875Z
53f83baa751aee19,ChIJzYo4YsSX-F8R6Sl4_CeuUyw,2026-07-08T00:51:41Z,2026-07-08,5,ja,True,False,2026-09-28T05:30:21.875Z
23fb5c9636ffb810,ChIJzYo4YsSX-F8R6Sl4_CeuUyw,2026-07-08T13:15:22Z,2026-07-08,3,,False,False,2026-09-28T05:30:21.875Z
eef95129729e8042,ChIJzYo4YsSX-F8R6Sl4_CeuUyw,2026-07-08T21:37:44Z,2026-07-09,5,ja,True,False,2026-09-28T05:30:21.875Z
075f7004ca12f1e2,ChIJzYo4YsSX-F8R6Sl4_CeuUyw,2026-07-08T23:06:37Z,2026-07-09,5,ja,True,False,2026-09-28T05:30:21.875Z
f5ca62c1ad99f60c,ChIJzYo4YsSX-F8R6Sl4_CeuUyw,2026-07-09T12:08:20Z,2026-07-09,5,,False,False,2026-09-28T05:30:21.875Z
bf475d5471940f03,ChIJzYo4YsSX-F8R6Sl4_CeuUyw,2026-07-10T03:13:36Z,2026-07-10,5,ja,True,False,2026-09-28T05:30:21.875Z
e341fa39ec7f4e75,ChIJzYo4YsSX-F8R6Sl4_CeuUyw,2026-07-10T11:34:32Z,2026-07-10,5,,False,False,2026-09-28T05:30:21.875Z
d63a9875b488c1e7,ChIJzYo4YsSX-F8R6Sl4_CeuUyw,2026-07-10T21:50:24Z,2026-07-11,4,,False,False,2026-09-28T05:30:21.875Z
0f5ec84cd7548cbf,ChIJzYo4YsSX-F8R6Sl4_CeuUyw,2026-07-10T23:44:08Z,2026-07-11,4,ja,True,False,2026-09-28T05:30:21.875Z
0da09353e1822d87,ChIJzYo4YsSX-F8R6Sl4_CeuUyw,2026-07-11T08:10:18Z,2026-07-11,5,,False,False,2026-09-28T05:30:21.875Z
29e26a912c1350fa,ChIJzYo4YsSX-F8R6Sl4_CeuUyw,2026-07-13T10:58:05Z,2026-07-13,4,ja,True,False,2026-09-28T05:30:21.875Z
ae507d33e654ccfb,ChIJzYo4YsSX-F8R6Sl4_CeuUyw,2026-07-14T09:50:36Z,2026-07-14,4,ja,True,False,2026-09-28T05:30:21.875Z
5c487533f12c9350,ChIJzYo4YsSX-F8R6Sl4_CeuUyw,2026-07-14T11:28:12Z,2026-07-14,5,,False,False,2026-09-28T05:30:21.875Z
44dd56358ce0a487,ChIJzYo4YsSX-F8R6Sl4_CeuUyw,2026-07-16T04:31:17Z,2026-07-16,5,zh-Hant,True,False,2026-09-28T05:30:21.875Z
84204b2598cd723e,ChIJzYo4YsSX-F8R6Sl4_CeuUyw,2026-07-16T11:10:21Z,2026-07-16,5,ja,True,False,2026-09-28T05:30:21.875Z
640da703e42f068b,ChIJzYo4YsSX-F8R6Sl4_CeuUyw,2026-07-17T14:45:27Z,2026-07-17,5,ja,True,False,2026-09-28T05:30:21.875Z
324e87c1675dc9df,ChIJzYo4YsSX-F8R6Sl4_CeuUyw,2026-07-18T06:08:10Z,2026-07-18,3,ja,True,False,2026-09-28T05:30:21.875Z
52efd9b658339076,ChIJzYo4YsSX-F8R6Sl4_CeuUyw,2026-07-18T20:34:39Z,2026-07-19,5,ja,True,False,2026-09-28T05:30:21.875Z
0a26064274d14e87,ChIJzYo4YsSX-F8R6Sl4_CeuUyw,2026-07-18T22:01:34Z,2026-07-19,5,ja,True,False,2026-09-28T05:30:21.875Z
715616c71bd63b7b,ChIJzYo4YsSX-F8R6Sl4_CeuUyw,2026-07-19T05:36:45Z,2026-07-19,5,,False,False,2026-09-28T05:30:21.875Z
1cfe23c17641bea4,ChIJzYo4YsSX-F8R6Sl4_CeuUyw,2026-07-19T10:11:32Z,2026-07-19,5,ja,True,False,2026-09-28T05:30:21.875Z
7fe60a8c690e7f47,ChIJzYo4YsSX-F8R6Sl4_CeuUyw,2026-07-19T16:05:14Z,2026-07-20,5,en,True,False,2026-09-28T05:30:21.875Z
e0aa8e8bc6ac6377,ChIJzYo4YsSX-F8R6Sl4_CeuUyw,2026-07-20T00:59:58Z,2026-07-20,5,,False,False,2026-09-28T05:30:21.875Z
be0c49e0b59c11eb,ChIJzYo4YsSX-F8R6Sl4_CeuUyw,2026-07-20T02:39:31Z,2026-07-20,5,,False,False,2026-09-28T05:30:21.875Z
f85ad0f32dbb6939,ChIJzYo4YsSX-F8R6Sl4_CeuUyw,2026-07-20T14:42:02Z,2026-07-20,5,,False,False,2026-09-28T05:30:21.875Z
34a1b3e13d7527cf,ChIJzYo4YsSX-F8R6Sl4_CeuUyw,2026-07-21T08:37:07Z,2026-07-21,5,,False,False,2026-09-28T05:30:21.875Z
ee18186319c7994e,ChIJzYo4YsSX-F8R6Sl4_CeuUyw,2026-07-21T21:23:02Z,2026-07-22,5,,False,False,2026-09-28T05:30:21.875Z
7d5c09e491064bcf,ChIJzYo4YsSX-F8R6Sl4_CeuUyw,2026-07-22T06:18:56Z,2026-07-22,5,ja,True,False,2026-09-28T05:30:21.875Z
2b6b32913780c079,ChIJzYo4YsSX-F8R6Sl4_CeuUyw,2026-07-22T07:08:40Z,2026-07-22,5,ja,True,False,2026-09-28T05:30:21.875Z
bda801288a787724,ChIJzYo4YsSX-F8R6Sl4_CeuUyw,2026-07-23T07:33:25Z,2026-07-23,5,zh-Hant,True,False,2026-09-28T05:30:21.875Z
e76b6c790335c84f,ChIJzYo4YsSX-F8R6Sl4_CeuUyw,2026-07-23T08:24:27Z,2026-07-23,5,ko,True,False,2026-09-28T05:30:21.875Z
91cb0a2e8d3a410d,ChIJzYo4YsSX-F8R6Sl4_CeuUyw,2026-07-23T09:37:22Z,2026-07-23,5,ja,True,False,2026-09-28T05:30:21.875Z
b1bb0f9fd04f3b26,ChIJzYo4YsSX-F8R6Sl4_CeuUyw,2026-07-24T05:17:51Z,2026-07-24,5,,False,False,2026-09-28T05:30:21.875Z
01dd2775f96cc74c,ChIJzYo4YsSX-F8R6Sl4_CeuUyw,2026-07-24T06:18:54Z,2026-07-24,5,ja,True,False,2026-09-28T05:30:21.875Z
3e01d549e409c6a6,ChIJzYo4YsSX-F8R6Sl4_CeuUyw,2026-07-24T13:38:11Z,2026-07-24,5,,False,False,2026-09-28T05:30:21.875Z
f0accd6738eca757,ChIJzYo4YsSX-F8R6Sl4_CeuUyw,2026-07-25T08:08:56Z,2026-07-25,5,zh-Hant,True,False,2026-09-28T05:30:21.875Z
7afc6df1396d924c,ChIJzYo4YsSX-F8R6Sl4_CeuUyw,2026-07-25T23:43:22Z,2026-07-26,5,,False,False,2026-09-28T05:30:21.875Z
443d9277ea869106,ChIJzYo4YsSX-F8R6Sl4_CeuUyw,2026-07-26T19:11:52Z,2026-07-27,4,ja,True,False,2026-09-28T05:30:21.875Z
9cb2e87a61437d1c,ChIJzYo4YsSX-F8R6Sl4_CeuUyw,2026-07-27T02:51:16Z,2026-07-27,4,,False,False,2026-09-28T05:30:21.875Z
a3da725d17af4929,ChIJzYo4YsSX-F8R6Sl4_CeuUyw,2026-07-27T11:56:42Z,2026-07-27,4,,False,False,2026-09-28T05:30:21.875Z
1bf06c4e47a1dc82,ChIJzYo4YsSX-F8R6Sl4_CeuUyw,2026-07-28T00:29:51Z,2026-07-28,5,en,True,False,2026-09-28T05:30:21.875Z
36ccb2953003bb52,ChIJzYo4YsSX-F8R6Sl4_CeuUyw,2026-07-29T07:54:04Z,2026-07-29,4,ja,True,False,2026-09-28T05:30:21.875Z
2ea3168b79e387e5,ChIJzYo4YsSX-F8R6Sl4_CeuUyw,2026-07-29T09:15:49Z,2026-07-29,5,,False,False,2026-09-28T05:30:21.875Z
764e60cfaae936c8,ChIJzYo4YsSX-F8R6Sl4_CeuUyw,2026-07-29T11:12:24Z,2026-07-29,5,,False,False,2026-09-28T05:30:21.875Z
991580fbadb1282e,ChIJzYo4YsSX-F8R6Sl4_CeuUyw,2026-07-31T03:06:10Z,2026-07-31,5,ja,True,False,2026-09-28T05:30:21.875Z
f3ce82e936e96b05,ChIJzYo4YsSX-F8R6Sl4_CeuUyw,2026-08-01T08:03:19Z,2026-08-01,5,de,True,False,2026-09-28T05:30:21.875Z
fa358f55b2857fa1,ChIJzYo4YsSX-F8R6Sl4_CeuUyw,2026-08-01T20:57:48Z,2026-08-02,5,,False,False,2026-09-28T05:30:21.875Z
46b95d2e18d4aa8f,ChIJzYo4YsSX-F8R6Sl4_CeuUyw,2026-08-01T22:46:12Z,2026-08-02,4,en,True,False,2026-09-28T05:30:21.875Z
eb4d747e2409843f,ChIJzYo4YsSX-F8R6Sl4_CeuUyw,2026-08-02T04:41:55Z,2026-08-02,5,,False,False,2026-09-28T05:30:21.875Z
41aef4c3fb52b269,ChIJzYo4YsSX-F8R6Sl4_CeuUyw,2026-08-02T08:17:43Z,2026-08-02,4,ja,True,False,2026-09-28T05:30:21.875Z
2d8587246618a430,ChIJzYo4YsSX-F8R6Sl4_CeuUyw,2026-08-02T10:23:33Z,2026-08-02,4,,False,False,2026-09-28T05:30:21.875Z
6e72a9efadcf9f3a,ChIJzYo4YsSX-F8R6Sl4_CeuUyw,2026-08-02T12:50:31Z,2026-08-02,5,,False,False,2026-09-28T05:30:21.875Z
74fb4c15ba316ca8,ChIJzYo4YsSX-F8R6Sl4_CeuUyw,2026-08-03T05:35:42Z,2026-08-03,4,ja,True,False,2026-09-28T05:30:21.875Z
976b2f0dd4291e9d,ChIJzYo4YsSX-F8R6Sl4_CeuUyw,2026-08-03T06:36:56Z,2026-08-03,5,,False,False,2026-09-28T05:30:21.875Z
447d70d39c59aa09,ChIJzYo4YsSX-F8R6Sl4_CeuUyw,2026-08-03T12:49:21Z,2026-08-03,5,,False,False,2026-09-28T05:30:21.875Z
a65a1912c2310b73,ChIJzYo4YsSX-F8R6Sl4_CeuUyw,2026-08-04T07:43:40Z,2026-08-04,5,ja,True,False,2026-09-28T05:30:21.875Z
9efe830b560653ea,ChIJzYo4YsSX-F8R6Sl4_CeuUyw,2026-08-04T08:18:16Z,2026-08-04,5,ja,True,False,2026-09-28T05:30:21.875Z
8248efe07f16a62d,ChIJzYo4YsSX-F8R6Sl4_CeuUyw,2026-08-05T01:28:34Z,2026-08-05,5,ja,True,False,2026-09-28T05:30:21.875Z
fd88a20cbc2dc541,ChIJzYo4YsSX-F8R6Sl4_CeuUyw,2026-08-05T08:00:23Z,2026-08-05,5,ja,True,False,2026-09-28T05:30:21.875Z
e99e113f08778220,ChIJzYo4YsSX-F8R6Sl4_CeuUyw,2026-08-05T08:17:52Z,2026-08-05,5,ja,True,False,2026-09-28T05:30:21.875Z
8ed1fe494615dc0c,ChIJzYo4YsSX-F8R6Sl4_CeuUyw,2026-08-06T01:26:38Z,2026-08-06,4,ja,True,False,2026-09-28T05:30:21.875Z
4dab206f99b4cbde,ChIJzYo4YsSX-F8R6Sl4_CeuUyw,2026-08-06T07:33:57Z,2026-08-06,4,ja,True,False,2026-09-28T05:30:21.875Z
4fdfa61223a638c0,ChIJzYo4YsSX-F8R6Sl4_CeuUyw,2026-08-07T00:27:15Z,2026-08-07,1,ja,True,False,2026-09-28T05:30:21.875Z
ddb5a5baa694d22e,ChIJzYo4YsSX-F8R6Sl4_CeuUyw,2026-08-07T09:03:21Z,2026-08-07,5,,False,False,2026-09-28T05:30:21.875Z
0ebfe26abfb4b6d8,ChIJzYo4YsSX-F8R6Sl4_CeuUyw,2026-08-07T11:50:01Z,2026-08-07,5,ja,True,False,2026-09-28T05:30:21.875Z
6cd3cf1a4f2fc197,ChIJzYo4YsSX-F8R6Sl4_CeuUyw,2026-08-07T13:24:38Z,2026-08-07,5,ja,True,False,2026-09-28T05:30:21.875Z
61e26cb57e76c3ca,ChIJzYo4YsSX-F8R6Sl4_CeuUyw,2026-08-08T04:11:45Z,2026-08-08,5,ja,True,False,2026-09-28T05:30:21.875Z
101d643ad135417c,ChIJzYo4YsSX-F8R6Sl4_CeuUyw,2026-08-08T13:46:07Z,2026-08-08,5,ja,True,False,2026-09-28T05:30:21.875Z
33f1884efdfe4bdd,ChIJzYo4YsSX-F8R6Sl4_CeuUyw,2026-08-08T14:00:12Z,2026-08-08,5,en,True,False,2026-09-28T05:30:21.875Z
07a27d83b40ef1fd,ChIJzYo4YsSX-F8R6Sl4_CeuUyw,2026-08-08T15:07:15Z,2026-08-09,5,en,True,False,2026-09-28T05:30:21.875Z
8b7230a4e78fbe86,ChIJzYo4YsSX-F8R6Sl4_CeuUyw,2026-08-09T01:06:15Z,2026-08-09,5,ja,True,False,2026-09-28T05:30:21.875Z
1d3efb8b0f30139e,ChIJzYo4YsSX-F8R6Sl4_CeuUyw,2026-08-09T04:08:29Z,2026-08-09,4,ja,True,False,2026-09-28T05:30:21.875Z
ae0a1e9d767a97cd,ChIJzYo4YsSX-F8R6Sl4_CeuUyw,2026-08-09T04:32:09Z,2026-08-09,5,ja,True,False,2026-09-28T05:30:21.875Z
df281a58d911b7e2,ChIJzYo4YsSX-F8R6Sl4_CeuUyw,2026-08-09T06:02:38Z,2026-08-09,5,,False,False,2026-09-28T05:30:21.875Z
cec715f82952c4f0,ChIJzYo4YsSX-F8R6Sl4_CeuUyw,2026-08-09T13:34:48Z,2026-08-09,4,,False,False,2026-09-28T05:30:21.875Z
9f999a62e765f0a2,ChIJzYo4YsSX-F8R6Sl4_CeuUyw,2026-08-10T01:59:36Z,2026-08-10,4,ja,True,False,2026-09-28T05:30:21.875Z
009d6de3dea7e599,ChIJzYo4YsSX-F8R6Sl4_CeuUyw,2026-08-10T04:05:07Z,2026-08-10,5,,False,False,2026-09-28T05:30:21.875Z
9cee0c5abb5c7dc3,ChIJzYo4YsSX-F8R6Sl4_CeuUyw,2026-08-10T04:42:00Z,2026-08-10,5,ja,True,False,2026-09-28T05:30:21.875Z
7378b35ef36d5371,ChIJzYo4YsSX-F8R6Sl4_CeuUyw,2026-08-10T08:37:37Z,2026-08-10,4,ja,True,False,2026-09-28T05:30:21.875Z
2da5082d0bf0e5ef,ChIJzYo4YsSX-F8R6Sl4_CeuUyw,2026-08-10T09:12:20Z,2026-08-10,5,fr,True,False,2026-09-28T05:30:21.875Z
11ade93b22371b69,ChIJzYo4YsSX-F8R6Sl4_CeuUyw,2026-08-10T11:21:32Z,2026-08-10,5,,False,False,2026-09-28T05:30:21.875Z
e7028ae4fa7d20e6,ChIJzYo4YsSX-F8R6Sl4_CeuUyw,2026-08-10T12:12:11Z,2026-08-10,5,en,True,False,2026-09-28T05:30:21.875Z
b6d6e05814fbf60e,ChIJzYo4YsSX-F8R6Sl4_CeuUyw,2026-08-10T13:49:22Z,2026-08-10,4,,False,False,2026-09-28T05:30:21.875Z
9022a0d4e7b31b88,ChIJzYo4YsSX-F8R6Sl4_CeuUyw,2026-08-11T08:16:16Z,2026-08-11,5,ja,True,False,2026-09-28T05:30:21.875Z
a06791cae9d1d901,ChIJzYo4YsSX-F8R6Sl4_CeuUyw,2026-08-11T16:44:16Z,2026-08-12,5,,False,False,2026-09-28T05:30:21.875Z
2f5b744c7d4b3950,ChIJzYo4YsSX-F8R6Sl4_CeuUyw,2026-08-12T04:31:24Z,2026-08-12,5,,False,False,2026-09-28T05:30:21.875Z
9dfe02657a5dd8dd,ChIJzYo4YsSX-F8R6Sl4_CeuUyw,2026-08-12T11:07:25Z,2026-08-12,5,,False,False,2026-09-28T05:30:21.875Z
0690707de6b99f51,ChIJzYo4YsSX-F8R6Sl4_CeuUyw,2026-08-12T22:48:26Z,2026-08-13,5,ja,True,False,2026-09-28T05:30:21.875Z
90f30c8d229040bf,ChIJzYo4YsSX-F8R6Sl4_CeuUyw,2026-08-12T23:06:25Z,2026-08-13,5,,False,False,2026-09-28T05:30:21.875Z
4d2d4b21c9dcef42,ChIJzYo4YsSX-F8R6Sl4_CeuUyw,2026-08-13T03:02:47Z,2026-08-13,5,,False,False,2026-09-28T05:30:21.875Z
781de19aa120dc05,ChIJzYo4YsSX-F8R6Sl4_CeuUyw,2026-08-13T13:38:18Z,2026-08-13,3,,False,False,2026-09-28T05:30:21.875Z
51f3f96450c3929d,ChIJzYo4YsSX-F8R6Sl4_CeuUyw,2026-08-13T14:47:58Z,2026-08-13,5,,False,False,2026-09-28T05:30:21.875Z
cda9840a405f329c,ChIJzYo4YsSX-F8R6Sl4_CeuUyw,2026-08-13T16:24:29Z,2026-08-14,5,ja,True,False,2026-09-28T05:30:21.875Z
012e26422732b320,ChIJzYo4YsSX-F8R6Sl4_CeuUyw,2026-08-13T21:25:15Z,2026-08-14,5,ja,True,False,2026-09-28T05:30:21.875Z
ccaf03e53c2412e1,ChIJzYo4YsSX-F8R6Sl4_CeuUyw,2026-08-14T01:38:36Z,2026-08-14,4,,False,False,2026-09-28T05:30:21.875Z
8fe09ebdf3353b5a,ChIJzYo4YsSX-F8R6Sl4_CeuUyw,2026-08-14T14:42:54Z,2026-08-14,5,,False,False,2026-09-28T05:30:21.875Z
7c48942c7a78e5bd,ChIJzYo4YsSX-F8R6Sl4_CeuUyw,2026-08-14T21:55:51Z,2026-08-15,5,ja,True,False,2026-09-28T05:30:21.875Z
10736a7f1b9d3a5e,ChIJzYo4YsSX-F8R6Sl4_CeuUyw,2026-08-15T00:44:09Z,2026-08-15,5,ja,True,False,2026-09-28T05:30:21.875Z
9ff633305df6d1a1,ChIJzYo4YsSX-F8R6Sl4_CeuUyw,2026-08-15T01:48:58Z,2026-08-15,5,fr,True,False,2026-09-28T05:30:21.875Z
aa030b0546d5cda6,ChIJzYo4YsSX-F8R6Sl4_CeuUyw,2026-08-15T10:54:58Z,2026-08-15,3,ja,True,False,2026-09-28T05:30:21.875Z
eaefc96d4c0dd359,ChIJzYo4YsSX-F8R6Sl4_CeuUyw,2026-08-15T12:08:06Z,2026-08-15,5,ja,True,False,2026-09-28T05:30:21.875Z
c84be88e4ced428a,ChIJzYo4YsSX-F8R6Sl4_CeuUyw,2026-08-15T12:34:30Z,2026-08-15,4,,False,False,2026-09-28T05:30:21.875Z
e84036f0a8a99f0f,ChIJzYo4YsSX-F8R6Sl4_CeuUyw,2026-08-16T03:55:45Z,2026-08-16,5,ja,True,False,2026-09-28T05:30:21.875Z
931196c71d3d510d,ChIJzYo4YsSX-F8R6Sl4_CeuUyw,2026-08-16T05:31:50Z,2026-08-16,5,,False,False,2026-09-28T05:30:21.875Z
28185dcf8032bbd1,ChIJzYo4YsSX-F8R6Sl4_CeuUyw,2026-08-16T07:01:27Z,2026-08-16,4,,False,False,2026-09-28T05:30:21.875Z
33a1b5e5f56d79ce,ChIJzYo4YsSX-F8R6Sl4_CeuUyw,2026-08-16T07:55:03Z,2026-08-16,5,ja,True,False,2026-09-28T05:30:21.875Z
7c538747ec1b7315,ChIJzYo4YsSX-F8R6Sl4_CeuUyw,2026-08-16T10:22:16Z,2026-08-16,5,ja,True,False,2026-09-28T05:30:21.875Z
13c8d5cbcddf9f08,ChIJzYo4YsSX-F8R6Sl4_CeuUyw,2026-08-16T14:29:18Z,2026-08-16,5,ja,True,False,2026-09-28T05:30:21.875Z
ad9c68b31e52f574,ChIJzYo4YsSX-F8R6Sl4_CeuUyw,2026-08-17T09:18:19Z,2026-08-17,5,ja,True,False,2026-09-28T05:30:21.875Z
3a78dab426b67317,ChIJzYo4YsSX-F8R6Sl4_CeuUyw,2026-08-17T23:44:23Z,2026-08-18,3,ja,True,False,2026-09-28T05:30:21.875Z
ff4c89e2eb7aec97,ChIJzYo4YsSX-F8R6Sl4_CeuUyw,2026-08-18T11:13:30Z,2026-08-18,5,ja,True,False,2026-09-28T05:30:21.875Z
e015d8b042e7cd0e,ChIJzYo4YsSX-F8R6Sl4_CeuUyw,2026-08-18T12:22:37Z,2026-08-18,5,ja,True,False,2026-09-28T05:30:21.875Z
348071e45acb447d,ChIJzYo4YsSX-F8R6Sl4_CeuUyw,2026-08-18T21:05:05Z,2026-08-19,5,ja,True,False,2026-09-28T05:30:21.875Z
12e3153f5969beda,ChIJzYo4YsSX-F8R6Sl4_CeuUyw,2026-08-18T23:05:53Z,2026-08-19,5,,False,False,2026-09-28T05:30:21.875Z
ddbed8e5fb0978dd,ChIJzYo4YsSX-F8R6Sl4_CeuUyw,2026-08-19T09:49:08Z,2026-08-19,5,,False,False,2026-09-28T05:30:21.875Z
635f6a00cc41c5bc,ChIJzYo4YsSX-F8R6Sl4_CeuUyw,2026-08-19T20:30:31Z,2026-08-20,5,,False,False,2026-09-28T05:30:21.875Z
0245fb758d1310b9,ChIJzYo4YsSX-F8R6Sl4_CeuUyw,2026-08-20T02:30:05Z,2026-08-20,5,zh-Hant,True,False,2026-09-28T05:30:21.875Z
ffa6e6bec716b50d,ChIJzYo4YsSX-F8R6Sl4_CeuUyw,2026-08-20T12:32:31Z,2026-08-20,4,,False,False,2026-09-28T05:30:21.875Z
c73081c5202f7a7e,ChIJzYo4YsSX-F8R6Sl4_CeuUyw,2026-08-20T15:17:02Z,2026-08-21,5,,False,False,2026-09-28T05:30:21.875Z
ca48159cacbd281e,ChIJzYo4YsSX-F8R6Sl4_CeuUyw,2026-08-21T15:06:42Z,2026-08-22,5,,False,False,2026-09-28T05:30:21.875Z
1174f01e550df5a0,ChIJzYo4YsSX-F8R6Sl4_CeuUyw,2026-08-21T15:49:23Z,2026-08-22,5,ja,True,False,2026-09-28T05:30:21.875Z
1bc12ef1403084f9,ChIJzYo4YsSX-F8R6Sl4_CeuUyw,2026-08-21T20:18:21Z,2026-08-22,5,,False,False,2026-09-28T05:30:21.875Z
0f3c2e977b2f77c0,ChIJzYo4YsSX-F8R6Sl4_CeuUyw,2026-08-22T09:40:28Z,2026-08-22,4,,False,False,2026-09-28T05:30:21.875Z
a814bd5e389aeaa0,ChIJzYo4YsSX-F8R6Sl4_CeuUyw,2026-08-23T03:08:06Z,2026-08-23,5,,False,False,2026-09-28T05:30:21.875Z
311d9a4fc4cee9ce,ChIJzYo4YsSX-F8R6Sl4_CeuUyw,2026-08-23T12:17:07Z,2026-08-23,3,ja,True,False,2026-09-28T05:30:21.875Z
2e5b63b1fbc4e182,ChIJzYo4YsSX-F8R6Sl4_CeuUyw,2026-08-23T19:51:55Z,2026-08-24,5,ja,True,False,2026-09-28T05:30:21.875Z
17f6a4e291d47f93,ChIJzYo4YsSX-F8R6Sl4_CeuUyw,2026-08-24T14:03:44Z,2026-08-24,5,ja,True,False,2026-09-28T05:30:21.875Z
cab42a610eaec682,ChIJzYo4YsSX-F8R6Sl4_CeuUyw,2026-08-25T15:34:45Z,2026-08-26,5,ja,True,False,2026-09-28T05:30:21.875Z
21064a4cc6b8debc,ChIJzYo4YsSX-F8R6Sl4_CeuUyw,2026-08-26T09:18:45Z,2026-08-26,5,,False,False,2026-09-28T05:30:21.875Z
f67633944dd1d181,ChIJzYo4YsSX-F8R6Sl4_CeuUyw,2026-08-27T14:37:41Z,2026-08-27,5,fr,True,False,2026-09-28T05:30:21.875Z
1140fa0afbeded49,ChIJzYo4YsSX-F8R6Sl4_CeuUyw,2026-08-28T03:31:05Z,2026-08-28,5,,False,False,2026-09-28T05:30:21.875Z
8933725be25f63b4,ChIJzYo4YsSX-F8R6Sl4_CeuUyw,2026-08-28T07:43:51Z,2026-08-28,5,ja,True,False,2026-09-28T05:30:21.875Z
a7fcaf8e0e8100c8,ChIJzYo4YsSX-F8R6Sl4_CeuUyw,2026-08-28T20:55:44Z,2026-08-29,5,,False,False,2026-09-28T05:30:21.875Z
a772989e12283596,ChIJzYo4YsSX-F8R6Sl4_CeuUyw,2026-08-29T13:01:57Z,2026-08-29,4,ja,True,False,2026-09-28T05:30:21.875Z
c1d09bc916b4b96b,ChIJzYo4YsSX-F8R6Sl4_CeuUyw,2026-08-29T14:09:32Z,2026-08-29,5,,False,False,2026-09-28T05:30:21.875Z
54b237e77045525a,ChIJzYo4YsSX-F8R6Sl4_CeuUyw,2026-08-30T01:15:33Z,2026-08-30,5,,False,False,2026-09-28T05:30:21.875Z
92fd09b76bc321d6,ChIJzYo4YsSX-F8R6Sl4_CeuUyw,2026-08-30T08:23:13Z,2026-08-30,5,,False,False,2026-09-28T05:30:21.875Z
a8a212b4a43025d2,ChIJzYo4YsSX-F8R6Sl4_CeuUyw,2026-08-30T17:47:01Z,2026-08-31,5,zh-Hant,True,False,2026-09-28T05:30:21.875Z
61727e3ffd71923a,ChIJzYo4YsSX-F8R6Sl4_CeuUyw,2026-08-30T22:02:55Z,2026-08-31,5,ja,True,False,2026-09-28T05:30:21.875Z
5174e5d19364148c,ChIJzYo4YsSX-F8R6Sl4_CeuUyw,2026-08-31T14:39:52Z,2026-08-31,5,,False,False,2026-09-28T05:30:21.875Z
cbcf7277211321e1,ChIJzYo4YsSX-F8R6Sl4_CeuUyw,2026-08-31T23:02:20Z,2026-09-01,5,,False,False,2026-09-28T05:30:21.875Z
e55a36709e99c33e,ChIJzYo4YsSX-F8R6Sl4_CeuUyw,2026-09-01T12:05:28Z,2026-09-01,5,ja,True,False,2026-09-28T05:30:21.875Z
f9e50af4a0bbab29,ChIJzYo4YsSX-F8R6Sl4_CeuUyw,2026-09-01T12:42:13Z,2026-09-01,5,ja,True,False,2026-09-28T05:30:21.875Z
76555e9d0e54ec58,ChIJzYo4YsSX-F8R6Sl4_CeuUyw,2026-09-02T00:28:21Z,2026-09-02,5,,False,False,2026-09-28T05:30:21.875Z
8561569ccabfae00,ChIJzYo4YsSX-F8R6Sl4_CeuUyw,2026-09-03T00:31:51Z,2026-09-03,5,,False,False,2026-09-28T05:30:21.875Z
292704cbba94fe12,ChIJzYo4YsSX-F8R6Sl4_CeuUyw,2026-09-03T04:53:08Z,2026-09-03,3,,False,False,2026-09-28T05:30:21.875Z
40389991dc1fc231,ChIJzYo4YsSX-F8R6Sl4_CeuUyw,2026-09-03T11:37:25Z,2026-09-03,5,ja,True,False,2026-09-28T05:30:21.875Z
f0986e78660a60b6,ChIJzYo4YsSX-F8R6Sl4_CeuUyw,2026-09-03T21:17:55Z,2026-09-04,5,,False,False,2026-09-28T05:30:21.875Z
0ef25625b22a3c1f,ChIJzYo4YsSX-F8R6Sl4_CeuUyw,2026-09-04T19:48:52Z,2026-09-05,4,,False,False,2026-09-28T05:30:21.875Z
3d3d8d769f3c82cc,ChIJzYo4YsSX-F8R6Sl4_CeuUyw,2026-09-04T22:11:36Z,2026-09-05,2,ja,True,False,2026-09-28T05:30:21.875Z
ced38e303f2f0d33,ChIJzYo4YsSX-F8R6Sl4_CeuUyw,2026-09-04T23:46:19Z,2026-09-05,5,ja,True,False,2026-09-28T05:30:21.875Z
6a3b2e79c2f99bf1,ChIJzYo4YsSX-F8R6Sl4_CeuUyw,2026-09-05T07:04:05Z,2026-09-05,5,ja,True,False,2026-09-28T05:30:21.875Z
19a7f539d0302d01,ChIJzYo4YsSX-F8R6Sl4_CeuUyw,2026-09-05T12:23:26Z,2026-09-05,5,ja,True,False,2026-09-28T05:30:21.875Z
cb1df0a522658f12,ChIJzYo4YsSX-F8R6Sl4_CeuUyw,2026-09-05T13:59:34Z,2026-09-05,5,ja,True,False,2026-09-28T05:30:21.875Z
972eb28f1319a4fe,ChIJzYo4YsSX-F8R6Sl4_CeuUyw,2026-09-05T14:23:59Z,2026-09-05,5,,False,False,2026-09-28T05:30:21.875Z
542803e05563de1f,ChIJzYo4YsSX-F8R6Sl4_CeuUyw,2026-09-05T21:58:22Z,2026-09-06,4,,False,False,2026-09-28T05:30:21.875Z
e9759ef6909bcccc,ChIJzYo4YsSX-F8R6Sl4_CeuUyw,2026-09-06T03:39:40Z,2026-09-06,4,ja,True,False,2026-09-28T05:30:21.875Z
d66a0e70acb0b330,ChIJzYo4YsSX-F8R6Sl4_CeuUyw,2026-09-06T05:49:35Z,2026-09-06,5,,False,False,2026-09-28T05:30:21.875Z
a9189d9f3a443789,ChIJzYo4YsSX-F8R6Sl4_CeuUyw,2026-09-06T07:59:07Z,2026-09-06,5,ja,True,False,2026-09-28T05:30:21.875Z
83fdc80de6e58cc8,ChIJzYo4YsSX-F8R6Sl4_CeuUyw,2026-09-08T10:23:53Z,2026-09-08,5,,False,False,2026-09-28T05:30:21.875Z
f036b4ef39a35d95,ChIJzYo4YsSX-F8R6Sl4_CeuUyw,2026-09-09T11:40:46Z,2026-09-09,5,,False,False,2026-09-28T05:30:21.875Z
d474ffbc5d4cbc2a,ChIJzYo4YsSX-F8R6Sl4_CeuUyw,2026-09-09T22:50:12Z,2026-09-10,5,,False,False,2026-09-28T05:30:21.875Z
b153f90795c6c660,ChIJzYo4YsSX-F8R6Sl4_CeuUyw,2026-09-10T02:42:29Z,2026-09-10,5,,False,False,2026-09-28T05:30:21.875Z
89afd8d12ac8ab03,ChIJzYo4YsSX-F8R6Sl4_CeuUyw,2026-09-10T06:43:27Z,2026-09-10,5,ja,True,False,2026-09-28T05:30:21.875Z
ee807fd49ed45871,ChIJzYo4YsSX-F8R6Sl4_CeuUyw,2026-09-10T11:08:03Z,2026-09-10,3,,False,False,2026-09-28T05:30:21.875Z
72fb670aba6b861c,ChIJzYo4YsSX-F8R6Sl4_CeuUyw,2026-09-11T06:39:55Z,2026-09-11,5,ja,True,False,2026-09-28T05:30:21.875Z
a89b6b106d47090a,ChIJzYo4YsSX-F8R6Sl4_CeuUyw,2026-09-11T11:37:35Z,2026-09-11,4,ja,True,False,2026-09-28T05:30:21.875Z
386a24d706c857d1,ChIJzYo4YsSX-F8R6Sl4_CeuUyw,2026-09-12T07:01:33Z,2026-09-12,5,ja,True,False,2026-09-28T05:30:21.875Z
9530dd00ab002b9a,ChIJzYo4YsSX-F8R6Sl4_CeuUyw,2026-09-12T09:43:01Z,2026-09-12,4,ja,True,False,2026-09-28T05:30:21.875Z
224e7254094593c4,ChIJzYo4YsSX-F8R6Sl4_CeuUyw,2026-09-13T00:26:29Z,2026-09-13,5,ja,True,False,2026-09-28T05:30:21.875Z
9fd23e733b24e97b,ChIJzYo4YsSX-F8R6Sl4_CeuUyw,2026-09-14T07:37:43Z,2026-09-14,5,,False,False,2026-09-28T05:30:21.875Z
d7d0f627749dca95,ChIJzYo4YsSX-F8R6Sl4_CeuUyw,2026-09-14T11:27:15Z,2026-09-14,4,ja,True,False,2026-09-28T05:30:21.875Z
631074da4d8dfab5,ChIJzYo4YsSX-F8R6Sl4_CeuUyw,2026-09-14T14:00:14Z,2026-09-14,5,ja,True,False,2026-09-28T05:30:21.875Z
5d0008d87d7dc2ed,ChIJzYo4YsSX-F8R6Sl4_CeuUyw,2026-09-14T14:47:09Z,2026-09-14,5,ja,True,False,2026-09-28T05:30:21.875Z
17b1c4595cda2153,ChIJzYo4YsSX-F8R6Sl4_CeuUyw,2026-09-15T09:29:37Z,2026-09-15,4,,False,False,2026-09-28T05:30:21.875Z
cec19438a5a55551,ChIJzYo4YsSX-F8R6Sl4_CeuUyw,2026-09-15T15:41:54Z,2026-09-16,5,,False,False,2026-09-28T05:30:21.875Z
9dec9c31396ed3aa,ChIJzYo4YsSX-F8R6Sl4_CeuUyw,2026-09-16T04:46:24Z,2026-09-16,5,ja,True,False,2026-09-28T05:30:21.875Z
fd3c952b90e6d598,ChIJzYo4YsSX-F8R6Sl4_CeuUyw,2026-09-18T00:26:16Z,2026-09-18,5,ja,True,False,2026-09-28T05:30:21.875Z
5e08d5719d638a0d,ChIJzYo4YsSX-F8R6Sl4_CeuUyw,2026-09-18T00:36:25Z,2026-09-18,4,,False,False,2026-09-28T05:30:21.875Z
7f8d9202ce8a9b50,ChIJzYo4YsSX-F8R6Sl4_CeuUyw,2026-09-18T09:48:45Z,2026-09-18,5,ja,True,False,2026-09-28T05:30:21.875Z
0ed3c1f1a00d1550,ChIJzYo4YsSX-F8R6Sl4_CeuUyw,2026-09-18T09:51:21Z,2026-09-18,5,,False,False,2026-09-28T05:30:21.875Z
6022a412b1ba2a98,ChIJzYo4YsSX-F8R6Sl4_CeuUyw,2026-09-18T11:55:22Z,2026-09-18,5,ja,True,False,2026-09-28T05:30:21.875Z
974e0681416748f8,ChIJzYo4YsSX-F8R6Sl4_CeuUyw,2026-09-19T03:02:13Z,2026-09-19,5,,False,False,2026-09-28T05:30:21.875Z
80bd38200c567723,ChIJzYo4YsSX-F8R6Sl4_CeuUyw,2026-09-20T00:46:50Z,2026-09-20,5,it,True,False,2026-09-28T05:30:21.875Z
6c90a170df3c6f60,ChIJzYo4YsSX-F8R6Sl4_CeuUyw,2026-09-20T22:22:44Z,2026-09-21,5,ja,True,False,2026-09-28T05:30:21.875Z
e5a5a29862cfcb85,ChIJzYo4YsSX-F8R6Sl4_CeuUyw,2026-09-21T02:42:06Z,2026-09-21,5,ja,True,False,2026-09-28T05:30:21.875Z
46baa19574881fc7,ChIJzYo4YsSX-F8R6Sl4_CeuUyw,2026-09-21T08:21:11Z,2026-09-21,5,,False,False,2026-09-28T05:30:21.875Z
527a3e027bfdec61,ChIJzYo4YsSX-F8R6Sl4_CeuUyw,2026-09-21T10:35:54Z,2026-09-21,4,,False,False,2026-09-28T05:30:21.875Z
b4d45253d4e74205,ChIJzYo4YsSX-F8R6Sl4_CeuUyw,2026-09-21T14:57:59Z,2026-09-21,5,ja,True,False,2026-09-28T05:30:21.875Z
9e85c61f45d8bb7e,ChIJzYo4YsSX-F8R6Sl4_CeuUyw,2026-09-22T07:18:42Z,2026-09-22,5,,False,False,2026-09-28T05:30:21.875Z
f97fef536d7bf752,ChIJzYo4YsSX-F8R6Sl4_CeuUyw,2026-09-22T12:17:26Z,2026-09-22,5,,False,False,2026-09-28T05:30:21.875Z
21b668fc00a7e2c6,ChIJzYo4YsSX-F8R6Sl4_CeuUyw,2026-09-22T15:51:41Z,2026-09-23,5,ja,True,False,2026-09-28T05:30:21.875Z
34a5abf2beeb0cee,ChIJzYo4YsSX-F8R6Sl4_CeuUyw,2026-09-23T00:07:07Z,2026-09-23,5,,False,False,2026-09-28T05:30:21.875Z
5e49bfef5d6b99d8,ChIJzYo4YsSX-F8R6Sl4_CeuUyw,2026-09-23T01:52:09Z,2026-09-23,3,,False,False,2026-09-28T05:30:21.875Z
08cf9b0cbe64fcae,ChIJzYo4YsSX-F8R6Sl4_CeuUyw,2026-09-23T06:30:06Z,2026-09-23,5,ja,True,False,2026-09-28T05:30:21.875Z
81400e3f803706fa,ChIJzYo4YsSX-F8R6Sl4_CeuUyw,2026-09-23T08:14:21Z,2026-09-23,3,ja,True,False,2026-09-28T05:30:21.875Z
d1f4c72f896d169e,ChIJzYo4YsSX-F8R6Sl4_CeuUyw,2026-09-24T01:07:13Z,2026-09-24,5,,False,False,2026-09-28T05:30:21.875Z
769ce420fca38f67,ChIJzYo4YsSX-F8R6Sl4_CeuUyw,2026-09-24T09:17:33Z,2026-09-24,5,ja,True,False,2026-09-28T05:30:21.875Z
27c7f91c75c8afb5,ChIJzYo4YsSX-F8R6Sl4_CeuUyw,2026-09-25T13:14:23Z,2026-09-25,5,ko,True,False,2026-09-28T05:30:21.875Z
dc7a12355d1a1c4d,ChIJzYo4YsSX-F8R6Sl4_CeuUyw,2026-09-26T09:24:34Z,2026-09-26,5,en,True,False,2026-09-28T05:30:21.875Z
c8fea8911fb02cbd,ChIJzYo4YsSX-F8R6Sl4_CeuUyw,2026-09-26T14:46:15Z,2026-09-26,5,,False,False,2026-09-28T05:30:21.875Z
74bcdcf7e6bbbef7,ChIJzYo4YsSX-F8R6Sl4_CeuUyw,2026-09-27T03:00:58Z,2026-09-27,5,,False,False,2026-09-28T05:30:21.875Z
c7dba769e9bdf6ed,ChIJzYo4YsSX-F8R6Sl4_CeuUyw,2026-09-27T04:11:53Z,2026-09-27,5,,False,False,2026-09-28T05:30:21.875Z
