review_hash,place_id,published_at,date,stars,language,has_text,owner_replied,scraped_at
ab9faaba5485a8f8,ChIJV5xzMu2--F8RWQ-vfzwcJFs,2017-11-06T15:33:22Z,2017-11-07,4,ja,True,False,2026-09-28T05:30:49.356Z
7fb89e48d02894b0,ChIJV5xzMu2--F8RWQ-vfzwcJFs,2017-11-13T06:42:00Z,2017-11-13,5,,False,False,2026-09-28T05:30:49.356Z
15b4a3137999d97d,ChIJV5xzMu2--F8RWQ-vfzwcJFs,2017-11-14T10:15:34Z,2017-11-14,4,,False,False,2026-09-28T05:30:49.356Z
3eebc000cc39d178,ChIJV5xzMu2--F8RWQ-vfzwcJFs,2017-11-21T20:33:55Z,2017-11-22,3,,False,False,2026-09-28T05:30:49.356Z
6d46734d4e4e550d,ChIJV5xzMu2--F8RWQ-vfzwcJFs,2017-11-24T13:48:30Z,2017-11-24,5,,False,False,2026-09-28T05:30:49.356Z
3c11022e59895c0b,ChIJV5xzMu2--F8RWQ-vfzwcJFs,2017-11-25T00:49:21Z,2017-11-25,1,,False,False,2026-09-28T05:30:49.356Z
8951db2ecb86d891,ChIJV5xzMu2--F8RWQ-vfzwcJFs,2017-11-25T07:20:30Z,2017-11-25,4,ja,True,False,2026-09-28T05:30:49.356Z
400591e74c50ef97,ChIJV5xzMu2--F8RWQ-vfzwcJFs,2017-12-15T11:39:41Z,2017-12-15,5,,False,False,2026-09-28T05:30:49.356Z
e25ead9b9adf642c,ChIJV5xzMu2--F8RWQ-vfzwcJFs,2017-12-17T09:53:26Z,2017-12-17,3,,False,False,2026-09-28T05:30:49.356Z
e6dba333dc934b8b,ChIJV5xzMu2--F8RWQ-vfzwcJFs,2017-12-21T21:25:31Z,2017-12-22,4,ja,True,False,2026-09-28T05:30:49.356Z
1e9e3fe87e4138c8,ChIJV5xzMu2--F8RWQ-vfzwcJFs,2017-12-24T07:59:50Z,2017-12-24,3,ja,True,False,2026-09-28T05:30:49.356Z
83efb0acc67541b8,ChIJV5xzMu2--F8RWQ-vfzwcJFs,2017-12-30T16:16:03Z,2017-12-31,3,ja,True,False,2026-09-28T05:30:49.356Z
3fc1d258d1c28947,ChIJV5xzMu2--F8RWQ-vfzwcJFs,2018-01-08T15:13:37Z,2018-01-09,4,,False,False,2026-09-28T05:30:49.356Z
82fb4d9ae7985e8a,ChIJV5xzMu2--F8RWQ-vfzwcJFs,2018-01-21T11:11:41Z,2018-01-21,4,ja,True,False,2026-09-28T05:30:49.356Z
19d978678d84136d,ChIJV5xzMu2--F8RWQ-vfzwcJFs,2018-01-22T13:17:10Z,2018-01-22,5,,False,False,2026-09-28T05:30:49.356Z
113e02c9d7d4c1b1,ChIJV5xzMu2--F8RWQ-vfzwcJFs,2018-02-07T13:47:38Z,2018-02-07,3,ja,True,False,2026-09-28T05:30:49.356Z
080f40f5a8bfeb9c,ChIJV5xzMu2--F8RWQ-vfzwcJFs,2018-02-14T04:55:51Z,2018-02-14,5,,False,False,2026-09-28T05:30:49.356Z
a134a096b17f11fc,ChIJV5xzMu2--F8RWQ-vfzwcJFs,2018-02-18T14:57:57Z,2018-02-18,5,ja,True,False,2026-09-28T05:30:49.356Z
fcae3684fe9e08d8,ChIJV5xzMu2--F8RWQ-vfzwcJFs,2018-02-22T04:30:23Z,2018-02-22,3,,False,False,2026-09-28T05:30:49.356Z
3e77334a123a31c8,ChIJV5xzMu2--F8RWQ-vfzwcJFs,2018-03-03T13:12:32Z,2018-03-03,3,ja,True,False,2026-09-28T05:30:49.356Z
181e02865c94f08d,ChIJV5xzMu2--F8RWQ-vfzwcJFs,2018-03-10T04:13:28Z,2018-03-10,4,ja,True,False,2026-09-28T05:30:49.356Z
79e16c1c8d0d19cc,ChIJV5xzMu2--F8RWQ-vfzwcJFs,2018-03-10T07:20:44Z,2018-03-10,4,ja,True,False,2026-09-28T05:30:49.356Z
1167ca6831a0d6f7,ChIJV5xzMu2--F8RWQ-vfzwcJFs,2018-03-14T12:38:56Z,2018-03-14,5,,False,False,2026-09-28T05:30:49.356Z
58d3b3451f49792d,ChIJV5xzMu2--F8RWQ-vfzwcJFs,2018-03-16T12:13:49Z,2018-03-16,3,ja,True,False,2026-09-28T05:30:49.356Z
ecedefc62a245278,ChIJV5xzMu2--F8RWQ-vfzwcJFs,2018-03-19T23:49:09Z,2018-03-20,3,ja,True,False,2026-09-28T05:30:49.356Z
00843bda2f9bde95,ChIJV5xzMu2--F8RWQ-vfzwcJFs,2018-03-26T13:45:30Z,2018-03-26,4,ja,True,False,2026-09-28T05:30:49.356Z
9d65a224f756dca1,ChIJV5xzMu2--F8RWQ-vfzwcJFs,2018-03-29T01:00:06Z,2018-03-29,5,ja,True,False,2026-09-28T05:30:49.356Z
8867b4dccd19e7d6,ChIJV5xzMu2--F8RWQ-vfzwcJFs,2018-04-11T02:18:57Z,2018-04-11,4,ja,True,False,2026-09-28T05:30:49.356Z
b53b906f8e3b161e,ChIJV5xzMu2--F8RWQ-vfzwcJFs,2018-04-14T06:21:54Z,2018-04-14,4,th,True,False,2026-09-28T05:30:49.356Z
8b264502bf96b62f,ChIJV5xzMu2--F8RWQ-vfzwcJFs,2018-04-14T10:39:37Z,2018-04-14,4,,False,False,2026-09-28T05:30:49.356Z
8b3a4718345e4f50,ChIJV5xzMu2--F8RWQ-vfzwcJFs,2018-04-15T04:20:44Z,2018-04-15,3,,False,False,2026-09-28T05:30:49.356Z
cd95b721f9821b41,ChIJV5xzMu2--F8RWQ-vfzwcJFs,2018-04-17T14:31:44Z,2018-04-17,4,ja,True,False,2026-09-28T05:30:49.356Z
4129b95e46a9b713,ChIJV5xzMu2--F8RWQ-vfzwcJFs,2018-04-24T13:10:50Z,2018-04-24,5,en,True,False,2026-09-28T05:30:49.356Z
6a87ef8317fdd7bc,ChIJV5xzMu2--F8RWQ-vfzwcJFs,2018-04-28T12:03:09Z,2018-04-28,3,ja,True,False,2026-09-28T05:30:49.356Z
6b85dd1d6c0c85d5,ChIJV5xzMu2--F8RWQ-vfzwcJFs,2018-05-06T22:56:23Z,2018-05-07,5,ja,True,False,2026-09-28T05:30:49.356Z
39964070fa353877,ChIJV5xzMu2--F8RWQ-vfzwcJFs,2018-06-08T10:01:51Z,2018-06-08,4,,False,False,2026-09-28T05:30:49.356Z
ad210671b3ba6e0c,ChIJV5xzMu2--F8RWQ-vfzwcJFs,2018-06-11T14:49:50Z,2018-06-11,5,ja,True,False,2026-09-28T05:30:49.356Z
dd4a6d3219a4e831,ChIJV5xzMu2--F8RWQ-vfzwcJFs,2018-06-14T10:16:10Z,2018-06-14,5,,False,False,2026-09-28T05:30:49.356Z
f4db1d1cbcea46b1,ChIJV5xzMu2--F8RWQ-vfzwcJFs,2018-06-24T11:22:47Z,2018-06-24,3,,False,False,2026-09-28T05:30:49.356Z
f38c50edee40398c,ChIJV5xzMu2--F8RWQ-vfzwcJFs,2018-06-26T07:54:07Z,2018-06-26,4,,False,False,2026-09-28T05:30:49.356Z
5f33c5028cbd4474,ChIJV5xzMu2--F8RWQ-vfzwcJFs,2018-07-02T04:01:06Z,2018-07-02,4,ja,True,False,2026-09-28T05:30:49.356Z
a4fd938fd293e825,ChIJV5xzMu2--F8RWQ-vfzwcJFs,2018-07-04T11:27:12Z,2018-07-04,4,ja,True,False,2026-09-28T05:30:49.356Z
f20d95fa6f4ea2f8,ChIJV5xzMu2--F8RWQ-vfzwcJFs,2018-07-15T08:17:22Z,2018-07-15,5,ja,True,False,2026-09-28T05:30:49.356Z
d063073d98e0583e,ChIJV5xzMu2--F8RWQ-vfzwcJFs,2018-07-16T07:20:00Z,2018-07-16,4,,False,False,2026-09-28T05:30:49.356Z
e068ce87d1619d87,ChIJV5xzMu2--F8RWQ-vfzwcJFs,2018-07-22T04:37:36Z,2018-07-22,3,ja,True,False,2026-09-28T05:30:49.356Z
90052769f4f2158c,ChIJV5xzMu2--F8RWQ-vfzwcJFs,2018-07-30T12:55:18Z,2018-07-30,2,,False,False,2026-09-28T05:30:49.356Z
ec3b26b620913b4d,ChIJV5xzMu2--F8RWQ-vfzwcJFs,2018-07-31T11:19:55Z,2018-07-31,5,,False,False,2026-09-28T05:30:49.356Z
bbb9dc198a9d7a8c,ChIJV5xzMu2--F8RWQ-vfzwcJFs,2018-08-10T00:50:45Z,2018-08-10,4,ja,True,False,2026-09-28T05:30:49.356Z
30bc6a8708644688,ChIJV5xzMu2--F8RWQ-vfzwcJFs,2018-08-12T23:56:58Z,2018-08-13,4,en,True,False,2026-09-28T05:30:49.356Z
8d200501a5a0dec1,ChIJV5xzMu2--F8RWQ-vfzwcJFs,2018-08-13T12:50:32Z,2018-08-13,3,ja,True,False,2026-09-28T05:30:49.356Z
65887ad0d0e8e775,ChIJV5xzMu2--F8RWQ-vfzwcJFs,2018-08-26T01:30:20Z,2018-08-26,5,ja,True,False,2026-09-28T05:30:49.356Z
25a68525025d7ddd,ChIJV5xzMu2--F8RWQ-vfzwcJFs,2018-08-30T13:50:47Z,2018-08-30,4,ja,True,False,2026-09-28T05:30:49.356Z
59de8c615b2cd7c7,ChIJV5xzMu2--F8RWQ-vfzwcJFs,2018-09-02T06:56:49Z,2018-09-02,1,ja,True,False,2026-09-28T05:30:49.356Z
27afd870a43cef70,ChIJV5xzMu2--F8RWQ-vfzwcJFs,2018-09-05T09:51:51Z,2018-09-05,4,ja,True,False,2026-09-28T05:30:49.356Z
9d5e1dff90822a06,ChIJV5xzMu2--F8RWQ-vfzwcJFs,2018-09-14T09:43:43Z,2018-09-14,5,,False,False,2026-09-28T05:30:49.356Z
1bedcbfbeb8344ba,ChIJV5xzMu2--F8RWQ-vfzwcJFs,2018-09-23T14:22:24Z,2018-09-23,4,,False,False,2026-09-28T05:30:49.356Z
482635552ad5ebf5,ChIJV5xzMu2--F8RWQ-vfzwcJFs,2018-09-26T23:18:26Z,2018-09-27,5,ja,True,False,2026-09-28T05:30:49.356Z
dbfcad71e0c2542a,ChIJV5xzMu2--F8RWQ-vfzwcJFs,2018-10-06T13:40:27Z,2018-10-06,3,ja,True,False,2026-09-28T05:30:49.356Z
41b7cb9598805d49,ChIJV5xzMu2--F8RWQ-vfzwcJFs,2018-10-17T06:21:25Z,2018-10-17,4,ja,True,False,2026-09-28T05:30:49.356Z
c5e607e75e6635f8,ChIJV5xzMu2--F8RWQ-vfzwcJFs,2018-11-05T13:45:22Z,2018-11-05,4,,False,False,2026-09-28T05:30:49.356Z
65d733ce59b7aa64,ChIJV5xzMu2--F8RWQ-vfzwcJFs,2018-11-06T08:38:56Z,2018-11-06,2,ja,True,False,2026-09-28T05:30:49.356Z
971ae111cfcfeaa8,ChIJV5xzMu2--F8RWQ-vfzwcJFs,2018-11-09T05:20:59Z,2018-11-09,4,,False,False,2026-09-28T05:30:49.356Z
f41495b615e2e48b,ChIJV5xzMu2--F8RWQ-vfzwcJFs,2018-11-13T00:42:58Z,2018-11-13,5,,False,False,2026-09-28T05:30:49.356Z
ba85b259e35fd58b,ChIJV5xzMu2--F8RWQ-vfzwcJFs,2018-11-16T19:50:17Z,2018-11-17,4,ja,True,False,2026-09-28T05:30:49.356Z
f3e53396353235aa,ChIJV5xzMu2--F8RWQ-vfzwcJFs,2018-12-02T10:24:51Z,2018-12-02,4,,False,False,2026-09-28T05:30:49.356Z
9d990456d7cd51ab,ChIJV5xzMu2--F8RWQ-vfzwcJFs,2018-12-04T21:22:51Z,2018-12-05,5,,False,False,2026-09-28T05:30:49.356Z
d79d5a49f5b32243,ChIJV5xzMu2--F8RWQ-vfzwcJFs,2018-12-21T09:00:07Z,2018-12-21,3,,False,False,2026-09-28T05:30:49.356Z
d5aee75cd353316c,ChIJV5xzMu2--F8RWQ-vfzwcJFs,2018-12-23T06:03:03Z,2018-12-23,4,,False,False,2026-09-28T05:30:49.356Z
4f2f28defa7dc1de,ChIJV5xzMu2--F8RWQ-vfzwcJFs,2018-12-25T11:42:38Z,2018-12-25,1,,False,False,2026-09-28T05:30:49.356Z
5047c6b1623a0004,ChIJV5xzMu2--F8RWQ-vfzwcJFs,2018-12-31T12:09:26Z,2018-12-31,5,ja,True,False,2026-09-28T05:30:49.356Z
bba7590781ef9b48,ChIJV5xzMu2--F8RWQ-vfzwcJFs,2019-01-04T20:43:40Z,2019-01-05,4,,False,False,2026-09-28T05:30:49.356Z
036e7accc89dfaff,ChIJV5xzMu2--F8RWQ-vfzwcJFs,2019-01-05T01:47:13Z,2019-01-05,5,ja,True,False,2026-09-28T05:30:49.356Z
a01db697c2f7f189,ChIJV5xzMu2--F8RWQ-vfzwcJFs,2019-01-08T09:24:17Z,2019-01-08,4,,False,False,2026-09-28T05:30:49.356Z
d0dd17ee9c7623ee,ChIJV5xzMu2--F8RWQ-vfzwcJFs,2019-01-18T12:10:08Z,2019-01-18,5,ja,True,False,2026-09-28T05:30:49.356Z
bff4cf10af33412e,ChIJV5xzMu2--F8RWQ-vfzwcJFs,2019-01-27T07:40:59Z,2019-01-27,3,ja,True,False,2026-09-28T05:30:49.356Z
d625906e4d278170,ChIJV5xzMu2--F8RWQ-vfzwcJFs,2019-01-27T12:55:29Z,2019-01-27,4,ja,True,False,2026-09-28T05:30:49.356Z
a2cc325930186e7e,ChIJV5xzMu2--F8RWQ-vfzwcJFs,2019-02-08T08:40:52Z,2019-02-08,2,ja,True,False,2026-09-28T05:30:49.356Z
809fff18f9931130,ChIJV5xzMu2--F8RWQ-vfzwcJFs,2019-02-08T09:14:28Z,2019-02-08,5,ja,True,False,2026-09-28T05:30:49.356Z
b5018d7b988d5c52,ChIJV5xzMu2--F8RWQ-vfzwcJFs,2019-02-16T04:28:09Z,2019-02-16,4,ja,True,False,2026-09-28T05:30:49.356Z
a691a5ae0965d1ca,ChIJV5xzMu2--F8RWQ-vfzwcJFs,2019-02-23T04:59:28Z,2019-02-23,3,ja,True,False,2026-09-28T05:30:49.356Z
f9df60a28f302a18,ChIJV5xzMu2--F8RWQ-vfzwcJFs,2019-03-08T01:22:20Z,2019-03-08,4,,False,False,2026-09-28T05:30:49.356Z
5e7ef9dbcea4567f,ChIJV5xzMu2--F8RWQ-vfzwcJFs,2019-03-08T09:58:55Z,2019-03-08,3,,False,False,2026-09-28T05:30:49.356Z
888d2fbe1666d44f,ChIJV5xzMu2--F8RWQ-vfzwcJFs,2019-03-19T15:58:36Z,2019-03-20,4,ja,True,False,2026-09-28T05:30:49.356Z
b1e724cfaf3a72f6,ChIJV5xzMu2--F8RWQ-vfzwcJFs,2019-03-20T06:32:21Z,2019-03-20,5,ja,True,False,2026-09-28T05:30:49.356Z
4f213e8aa5d70f8f,ChIJV5xzMu2--F8RWQ-vfzwcJFs,2019-04-11T07:16:57Z,2019-04-11,4,ja,True,False,2026-09-28T05:30:49.356Z
040f862a7e72f142,ChIJV5xzMu2--F8RWQ-vfzwcJFs,2019-04-19T13:54:31Z,2019-04-19,4,ja,True,False,2026-09-28T05:30:49.356Z
c45075e7ac3a7ec8,ChIJV5xzMu2--F8RWQ-vfzwcJFs,2019-04-26T05:57:03Z,2019-04-26,3,,False,False,2026-09-28T05:30:49.356Z
97c10e33185e74d7,ChIJV5xzMu2--F8RWQ-vfzwcJFs,2019-04-26T16:36:10Z,2019-04-27,4,,False,False,2026-09-28T05:30:49.356Z
9c29e8e1732a74e3,ChIJV5xzMu2--F8RWQ-vfzwcJFs,2019-04-29T10:12:44Z,2019-04-29,3,ja,True,False,2026-09-28T05:30:49.356Z
0c46d890ea140677,ChIJV5xzMu2--F8RWQ-vfzwcJFs,2019-05-06T04:33:01Z,2019-05-06,5,,False,False,2026-09-28T05:30:49.356Z
a0773dd82e583424,ChIJV5xzMu2--F8RWQ-vfzwcJFs,2019-05-07T13:24:18Z,2019-05-07,5,,False,False,2026-09-28T05:30:49.356Z
ba724f85d1522a9c,ChIJV5xzMu2--F8RWQ-vfzwcJFs,2019-05-19T04:58:02Z,2019-05-19,1,,False,False,2026-09-28T05:30:49.356Z
f9a37cdaa53f6dee,ChIJV5xzMu2--F8RWQ-vfzwcJFs,2019-05-23T12:30:34Z,2019-05-23,3,,False,False,2026-09-28T05:30:49.356Z
9c717ab2da77ee7b,ChIJV5xzMu2--F8RWQ-vfzwcJFs,2019-05-26T08:38:59Z,2019-05-26,4,ja,True,False,2026-09-28T05:30:49.356Z
2902ac72583ec57f,ChIJV5xzMu2--F8RWQ-vfzwcJFs,2019-05-28T14:40:53Z,2019-05-28,5,,False,False,2026-09-28T05:30:49.356Z
99e592b8945e703f,ChIJV5xzMu2--F8RWQ-vfzwcJFs,2019-05-29T23:25:09Z,2019-05-30,4,,False,False,2026-09-28T05:30:49.356Z
0acc5f8711dd9b49,ChIJV5xzMu2--F8RWQ-vfzwcJFs,2019-05-30T13:59:32Z,2019-05-30,5,ja,True,False,2026-09-28T05:30:49.356Z
bad9a5ad000d8010,ChIJV5xzMu2--F8RWQ-vfzwcJFs,2019-06-09T15:16:28Z,2019-06-10,5,en,True,False,2026-09-28T05:30:49.356Z
d1d198acb4908cec,ChIJV5xzMu2--F8RWQ-vfzwcJFs,2019-06-18T06:55:20Z,2019-06-18,4,ja,True,False,2026-09-28T05:30:49.356Z
5b0e54d34bc22c60,ChIJV5xzMu2--F8RWQ-vfzwcJFs,2019-07-08T02:17:33Z,2019-07-08,4,,False,False,2026-09-28T05:30:49.356Z
50b0bfb82af7f937,ChIJV5xzMu2--F8RWQ-vfzwcJFs,2019-07-09T09:54:57Z,2019-07-09,4,zh-Hant,True,False,2026-09-28T05:30:49.356Z
1188548a68742010,ChIJV5xzMu2--F8RWQ-vfzwcJFs,2019-07-13T22:10:43Z,2019-07-14,4,ja,True,False,2026-09-28T05:30:49.356Z
9a417e1c3711a0e8,ChIJV5xzMu2--F8RWQ-vfzwcJFs,2019-07-16T06:49:03Z,2019-07-16,3,ja,True,False,2026-09-28T05:30:49.356Z
16f9b790ce909bca,ChIJV5xzMu2--F8RWQ-vfzwcJFs,2019-07-18T08:54:43Z,2019-07-18,4,ja,True,False,2026-09-28T05:30:49.356Z
1f5be1933d1aa3ee,ChIJV5xzMu2--F8RWQ-vfzwcJFs,2019-07-19T18:34:17Z,2019-07-20,5,,False,False,2026-09-28T05:30:49.356Z
4f9ed02e4f87e9ef,ChIJV5xzMu2--F8RWQ-vfzwcJFs,2019-07-23T22:58:00Z,2019-07-24,4,ja,True,False,2026-09-28T05:30:49.356Z
103a137d68ff0f6c,ChIJV5xzMu2--F8RWQ-vfzwcJFs,2019-07-24T03:41:55Z,2019-07-24,5,ja,True,False,2026-09-28T05:30:49.356Z
aebeaca08a43f738,ChIJV5xzMu2--F8RWQ-vfzwcJFs,2019-07-30T08:02:46Z,2019-07-30,4,,False,False,2026-09-28T05:30:49.356Z
b571a737ae2087cf,ChIJV5xzMu2--F8RWQ-vfzwcJFs,2019-08-11T13:53:41Z,2019-08-11,2,ja,True,False,2026-09-28T05:30:49.356Z
a80e4a5f0fbdd32a,ChIJV5xzMu2--F8RWQ-vfzwcJFs,2019-08-13T06:03:19Z,2019-08-13,3,ja,True,False,2026-09-28T05:30:49.356Z
c50de6c44d042c43,ChIJV5xzMu2--F8RWQ-vfzwcJFs,2019-08-17T16:16:30Z,2019-08-18,3,bs,True,False,2026-09-28T05:30:49.356Z
ddb5d38dde287eda,ChIJV5xzMu2--F8RWQ-vfzwcJFs,2019-08-18T02:22:53Z,2019-08-18,5,es,True,False,2026-09-28T05:30:49.356Z
f91b8513efe6d90c,ChIJV5xzMu2--F8RWQ-vfzwcJFs,2019-08-19T11:54:21Z,2019-08-19,5,ja,True,False,2026-09-28T05:30:49.356Z
071044d81b00be54,ChIJV5xzMu2--F8RWQ-vfzwcJFs,2019-09-02T10:48:25Z,2019-09-02,4,,False,False,2026-09-28T05:30:49.356Z
2ce42be09aee5e4c,ChIJV5xzMu2--F8RWQ-vfzwcJFs,2019-09-09T01:10:47Z,2019-09-09,3,,False,False,2026-09-28T05:30:49.356Z
0b1e4bf538c1406a,ChIJV5xzMu2--F8RWQ-vfzwcJFs,2019-09-10T04:35:45Z,2019-09-10,5,ja,True,False,2026-09-28T05:30:49.356Z
29dad40e42cba10e,ChIJV5xzMu2--F8RWQ-vfzwcJFs,2019-09-12T03:51:07Z,2019-09-12,3,,False,False,2026-09-28T05:30:49.356Z
024069ea484f82dc,ChIJV5xzMu2--F8RWQ-vfzwcJFs,2019-09-18T00:44:52Z,2019-09-18,3,,False,False,2026-09-28T05:30:49.356Z
728d978575e670ba,ChIJV5xzMu2--F8RWQ-vfzwcJFs,2019-09-19T08:40:52Z,2019-09-19,4,,False,False,2026-09-28T05:30:49.356Z
13a1c53110539239,ChIJV5xzMu2--F8RWQ-vfzwcJFs,2019-09-22T15:38:25Z,2019-09-23,4,,False,False,2026-09-28T05:30:49.356Z
e80f71e52ee63df4,ChIJV5xzMu2--F8RWQ-vfzwcJFs,2019-09-23T05:54:39Z,2019-09-23,5,,False,False,2026-09-28T05:30:49.356Z
1723748e74b9d262,ChIJV5xzMu2--F8RWQ-vfzwcJFs,2019-09-30T06:05:23Z,2019-09-30,5,ja,True,False,2026-09-28T05:30:49.356Z
2e170c6b49a29d9f,ChIJV5xzMu2--F8RWQ-vfzwcJFs,2019-10-04T12:57:22Z,2019-10-04,5,,False,False,2026-09-28T05:30:49.356Z
ac07b9064521a5c6,ChIJV5xzMu2--F8RWQ-vfzwcJFs,2019-10-06T01:54:49Z,2019-10-06,2,,False,False,2026-09-28T05:30:49.356Z
3a3922d57b6495f8,ChIJV5xzMu2--F8RWQ-vfzwcJFs,2019-10-10T12:52:03Z,2019-10-10,3,ja,True,False,2026-09-28T05:30:49.356Z
26d7b613fc95ea6c,ChIJV5xzMu2--F8RWQ-vfzwcJFs,2019-10-11T13:01:03Z,2019-10-11,5,,False,False,2026-09-28T05:30:49.356Z
f6ab1c3cdedf7eed,ChIJV5xzMu2--F8RWQ-vfzwcJFs,2019-10-13T08:24:54Z,2019-10-13,4,ja,True,False,2026-09-28T05:30:49.356Z
a209b0487e5370db,ChIJV5xzMu2--F8RWQ-vfzwcJFs,2019-10-16T11:37:06Z,2019-10-16,4,,False,False,2026-09-28T05:30:49.356Z
5540da3bfa65ec2f,ChIJV5xzMu2--F8RWQ-vfzwcJFs,2019-10-18T02:50:35Z,2019-10-18,5,ja,True,False,2026-09-28T05:30:49.356Z
b414a3b22e4257da,ChIJV5xzMu2--F8RWQ-vfzwcJFs,2019-10-19T23:35:06Z,2019-10-20,4,ja,True,False,2026-09-28T05:30:49.356Z
16e935c339161574,ChIJV5xzMu2--F8RWQ-vfzwcJFs,2019-10-21T08:47:08Z,2019-10-21,5,ja,True,False,2026-09-28T05:30:49.356Z
28dc40053234b9d8,ChIJV5xzMu2--F8RWQ-vfzwcJFs,2019-10-24T10:47:30Z,2019-10-24,4,ja,True,False,2026-09-28T05:30:49.356Z
ac4dbc9bdff24273,ChIJV5xzMu2--F8RWQ-vfzwcJFs,2019-10-26T11:50:10Z,2019-10-26,5,,False,False,2026-09-28T05:30:49.356Z
8e023ed697d587fe,ChIJV5xzMu2--F8RWQ-vfzwcJFs,2019-10-27T09:15:55Z,2019-10-27,3,ja,True,False,2026-09-28T05:30:49.356Z
760c249d67ac887b,ChIJV5xzMu2--F8RWQ-vfzwcJFs,2019-10-27T09:45:37Z,2019-10-27,4,ja,True,False,2026-09-28T05:30:49.356Z
7137598a9f9979f4,ChIJV5xzMu2--F8RWQ-vfzwcJFs,2019-10-28T09:03:05Z,2019-10-28,4,,False,False,2026-09-28T05:30:49.356Z
2186c02dfabc4154,ChIJV5xzMu2--F8RWQ-vfzwcJFs,2019-10-28T17:22:43Z,2019-10-29,4,ja,True,False,2026-09-28T05:30:49.356Z
07b7fa4e4444b070,ChIJV5xzMu2--F8RWQ-vfzwcJFs,2019-11-03T18:21:55Z,2019-11-04,3,ja,True,False,2026-09-28T05:30:49.356Z
45454aeb67b746c4,ChIJV5xzMu2--F8RWQ-vfzwcJFs,2019-11-09T12:23:38Z,2019-11-09,5,,False,False,2026-09-28T05:30:49.356Z
4e8def3cb8a271f6,ChIJV5xzMu2--F8RWQ-vfzwcJFs,2019-11-09T14:32:27Z,2019-11-09,3,ja,True,False,2026-09-28T05:30:49.356Z
1efad9f6371a1be8,ChIJV5xzMu2--F8RWQ-vfzwcJFs,2019-11-11T07:15:27Z,2019-11-11,5,ja,True,False,2026-09-28T05:30:49.356Z
ec6dc6c33716ea76,ChIJV5xzMu2--F8RWQ-vfzwcJFs,2019-11-16T01:19:47Z,2019-11-16,3,ja,True,False,2026-09-28T05:30:49.356Z
26912ebb65961070,ChIJV5xzMu2--F8RWQ-vfzwcJFs,2019-11-16T12:04:58Z,2019-11-16,4,,False,False,2026-09-28T05:30:49.356Z
867e18988a34ebb6,ChIJV5xzMu2--F8RWQ-vfzwcJFs,2019-11-25T11:43:09Z,2019-11-25,4,,False,False,2026-09-28T05:30:49.356Z
662c8f78a250be57,ChIJV5xzMu2--F8RWQ-vfzwcJFs,2019-11-25T15:04:34Z,2019-11-26,5,,False,False,2026-09-28T05:30:49.356Z
1d796f454c69edfc,ChIJV5xzMu2--F8RWQ-vfzwcJFs,2019-11-29T02:01:13Z,2019-11-29,3,ja,True,False,2026-09-28T05:30:49.356Z
57de70edeede8ad1,ChIJV5xzMu2--F8RWQ-vfzwcJFs,2019-12-03T04:13:01Z,2019-12-03,4,,False,False,2026-09-28T05:30:49.356Z
f0957091b9625a9a,ChIJV5xzMu2--F8RWQ-vfzwcJFs,2019-12-07T06:21:23Z,2019-12-07,5,,False,False,2026-09-28T05:30:49.356Z
0b8fee4bd10425be,ChIJV5xzMu2--F8RWQ-vfzwcJFs,2019-12-11T07:08:52Z,2019-12-11,3,,False,False,2026-09-28T05:30:49.356Z
60c503bfba146ce6,ChIJV5xzMu2--F8RWQ-vfzwcJFs,2019-12-11T13:53:57Z,2019-12-11,4,,False,False,2026-09-28T05:30:49.356Z
30bfda50eaba9edc,ChIJV5xzMu2--F8RWQ-vfzwcJFs,2019-12-16T23:12:21Z,2019-12-17,5,,False,False,2026-09-28T05:30:49.356Z
30e571c34076e171,ChIJV5xzMu2--F8RWQ-vfzwcJFs,2019-12-17T14:04:53Z,2019-12-17,4,th,True,False,2026-09-28T05:30:49.356Z
4134d2916f2b9df6,ChIJV5xzMu2--F8RWQ-vfzwcJFs,2019-12-18T02:18:14Z,2019-12-18,4,,False,False,2026-09-28T05:30:49.356Z
1d938a0cb77a95b5,ChIJV5xzMu2--F8RWQ-vfzwcJFs,2019-12-18T05:49:40Z,2019-12-18,4,,False,False,2026-09-28T05:30:49.356Z
37e5171b8023605e,ChIJV5xzMu2--F8RWQ-vfzwcJFs,2019-12-18T06:13:16Z,2019-12-18,4,ja,True,False,2026-09-28T05:30:49.356Z
a1655dc06155010e,ChIJV5xzMu2--F8RWQ-vfzwcJFs,2019-12-19T10:21:30Z,2019-12-19,3,ja,True,False,2026-09-28T05:30:49.356Z
7999388794ddafc8,ChIJV5xzMu2--F8RWQ-vfzwcJFs,2019-12-23T06:20:18Z,2019-12-23,5,ja,True,False,2026-09-28T05:30:49.356Z
b833ccd8359c3a12,ChIJV5xzMu2--F8RWQ-vfzwcJFs,2019-12-29T03:04:12Z,2019-12-29,5,ja,True,False,2026-09-28T05:30:49.356Z
7e20035039714606,ChIJV5xzMu2--F8RWQ-vfzwcJFs,2019-12-30T01:56:07Z,2019-12-30,2,ja,True,False,2026-09-28T05:30:49.356Z
3f98753e68c12eac,ChIJV5xzMu2--F8RWQ-vfzwcJFs,2020-01-01T05:49:42Z,2020-01-01,4,id,True,False,2026-09-28T05:30:49.356Z
7751a5795a475d93,ChIJV5xzMu2--F8RWQ-vfzwcJFs,2020-01-02T06:20:59Z,2020-01-02,4,ja,True,False,2026-09-28T05:30:49.356Z
7190fcaa343fc541,ChIJV5xzMu2--F8RWQ-vfzwcJFs,2020-01-02T10:56:30Z,2020-01-02,3,,False,False,2026-09-28T05:30:49.356Z
ba7fad324a984a78,ChIJV5xzMu2--F8RWQ-vfzwcJFs,2020-01-02T13:55:50Z,2020-01-02,4,ja,True,False,2026-09-28T05:30:49.356Z
3491377a90e9f0ff,ChIJV5xzMu2--F8RWQ-vfzwcJFs,2020-01-03T13:04:22Z,2020-01-03,5,en,True,False,2026-09-28T05:30:49.356Z
b00b641944257a2d,ChIJV5xzMu2--F8RWQ-vfzwcJFs,2020-01-07T10:33:57Z,2020-01-07,3,,False,False,2026-09-28T05:30:49.356Z
8f40738b1254fab4,ChIJV5xzMu2--F8RWQ-vfzwcJFs,2020-01-11T06:50:34Z,2020-01-11,4,,False,False,2026-09-28T05:30:49.356Z
604e47bd77e855fe,ChIJV5xzMu2--F8RWQ-vfzwcJFs,2020-01-12T07:17:30Z,2020-01-12,3,,False,False,2026-09-28T05:30:49.356Z
a20929b2d75112d0,ChIJV5xzMu2--F8RWQ-vfzwcJFs,2020-01-18T18:31:10Z,2020-01-19,4,ja,True,False,2026-09-28T05:30:49.356Z
ef052cb10b7102d5,ChIJV5xzMu2--F8RWQ-vfzwcJFs,2020-01-20T22:31:06Z,2020-01-21,4,zh-Hant,True,False,2026-09-28T05:30:49.356Z
d3cb7c66168fb03c,ChIJV5xzMu2--F8RWQ-vfzwcJFs,2020-01-25T10:49:36Z,2020-01-25,3,,False,False,2026-09-28T05:30:49.356Z
4427d331cfe54aa1,ChIJV5xzMu2--F8RWQ-vfzwcJFs,2020-01-27T12:26:20Z,2020-01-27,4,ja,True,False,2026-09-28T05:30:49.356Z
e414682dcd5c7609,ChIJV5xzMu2--F8RWQ-vfzwcJFs,2020-01-29T09:38:24Z,2020-01-29,3,ja,True,False,2026-09-28T05:30:49.356Z
40e8500ce1fc9073,ChIJV5xzMu2--F8RWQ-vfzwcJFs,2020-01-29T16:47:37Z,2020-01-30,4,,False,False,2026-09-28T05:30:49.356Z
449f82139a1496a5,ChIJV5xzMu2--F8RWQ-vfzwcJFs,2020-02-09T02:33:44Z,2020-02-09,3,,False,False,2026-09-28T05:30:49.356Z
13fb271b6f34f05f,ChIJV5xzMu2--F8RWQ-vfzwcJFs,2020-02-10T01:34:18Z,2020-02-10,4,,False,False,2026-09-28T05:30:49.356Z
340d263498aece01,ChIJV5xzMu2--F8RWQ-vfzwcJFs,2020-02-10T16:03:28Z,2020-02-11,5,ja,True,False,2026-09-28T05:30:49.356Z
03c3f418a2883d00,ChIJV5xzMu2--F8RWQ-vfzwcJFs,2020-02-20T05:28:09Z,2020-02-20,4,,False,False,2026-09-28T05:30:49.356Z
705f9b2d8a6b70de,ChIJV5xzMu2--F8RWQ-vfzwcJFs,2020-02-22T10:17:55Z,2020-02-22,1,,False,False,2026-09-28T05:30:49.356Z
e7d6ed2f2d26fc09,ChIJV5xzMu2--F8RWQ-vfzwcJFs,2020-02-23T23:00:20Z,2020-02-24,4,ja,True,False,2026-09-28T05:30:49.356Z
dcaecf687d1d043c,ChIJV5xzMu2--F8RWQ-vfzwcJFs,2020-02-25T12:29:55Z,2020-02-25,4,ja,True,False,2026-09-28T05:30:49.356Z
6d31403586747115,ChIJV5xzMu2--F8RWQ-vfzwcJFs,2020-03-08T11:43:55Z,2020-03-08,5,,False,False,2026-09-28T05:30:49.356Z
9bde9f06b8047bad,ChIJV5xzMu2--F8RWQ-vfzwcJFs,2020-03-12T04:10:42Z,2020-03-12,4,,False,False,2026-09-28T05:30:49.356Z
3a865c9883688e9d,ChIJV5xzMu2--F8RWQ-vfzwcJFs,2020-03-13T22:27:22Z,2020-03-14,5,ja,True,False,2026-09-28T05:30:49.356Z
4a31fc98f2654e1d,ChIJV5xzMu2--F8RWQ-vfzwcJFs,2020-03-20T00:07:00Z,2020-03-20,5,ja,True,False,2026-09-28T05:30:49.356Z
9d2fa25334faf5c8,ChIJV5xzMu2--F8RWQ-vfzwcJFs,2020-03-21T23:49:40Z,2020-03-22,3,,False,False,2026-09-28T05:30:49.356Z
f1bc10ce48f18bd9,ChIJV5xzMu2--F8RWQ-vfzwcJFs,2020-03-22T04:21:10Z,2020-03-22,4,,False,False,2026-09-28T05:30:49.356Z
a6d1a6998b014fe1,ChIJV5xzMu2--F8RWQ-vfzwcJFs,2020-03-27T05:33:14Z,2020-03-27,4,ja,True,False,2026-09-28T05:30:49.356Z
a333a6e381e67b0a,ChIJV5xzMu2--F8RWQ-vfzwcJFs,2020-06-25T06:41:33Z,2020-06-25,5,,False,False,2026-09-28T05:30:49.356Z
bfe306bbfe8ff410,ChIJV5xzMu2--F8RWQ-vfzwcJFs,2020-07-22T12:19:37Z,2020-07-22,5,,False,False,2026-09-28T05:30:49.356Z
1b6e118338e527ec,ChIJV5xzMu2--F8RWQ-vfzwcJFs,2020-07-23T07:52:06Z,2020-07-23,4,ja,True,False,2026-09-28T05:30:49.356Z
9ba8224ca5f076e3,ChIJV5xzMu2--F8RWQ-vfzwcJFs,2020-07-24T04:48:50Z,2020-07-24,1,ja,True,False,2026-09-28T05:30:49.356Z
a89ebd6a0c62df12,ChIJV5xzMu2--F8RWQ-vfzwcJFs,2020-07-25T02:24:50Z,2020-07-25,3,,False,False,2026-09-28T05:30:49.356Z
7f052c8f6ac5b2d6,ChIJV5xzMu2--F8RWQ-vfzwcJFs,2020-07-26T03:49:50Z,2020-07-26,5,,False,False,2026-09-28T05:30:49.356Z
d4842af8db1ff7e0,ChIJV5xzMu2--F8RWQ-vfzwcJFs,2020-07-26T05:44:15Z,2020-07-26,4,ja,True,False,2026-09-28T05:30:49.356Z
7b2061395dcb889a,ChIJV5xzMu2--F8RWQ-vfzwcJFs,2020-07-31T04:25:30Z,2020-07-31,5,,False,False,2026-09-28T05:30:49.356Z
a3dad3ec810c8ef6,ChIJV5xzMu2--F8RWQ-vfzwcJFs,2020-08-03T07:44:57Z,2020-08-03,4,,False,False,2026-09-28T05:30:49.356Z
b1f81ec005541266,ChIJV5xzMu2--F8RWQ-vfzwcJFs,2020-08-08T03:14:00Z,2020-08-08,3,ja,True,False,2026-09-28T05:30:49.356Z
070c744f78a43cae,ChIJV5xzMu2--F8RWQ-vfzwcJFs,2020-08-11T08:08:58Z,2020-08-11,5,,False,False,2026-09-28T05:30:49.356Z
0687dfa0b5e7690e,ChIJV5xzMu2--F8RWQ-vfzwcJFs,2020-08-13T01:13:34Z,2020-08-13,3,,False,False,2026-09-28T05:30:49.356Z
0b5ba331a937bfc0,ChIJV5xzMu2--F8RWQ-vfzwcJFs,2020-08-13T06:34:37Z,2020-08-13,4,ja,True,False,2026-09-28T05:30:49.356Z
b1b93bcc4dc26589,ChIJV5xzMu2--F8RWQ-vfzwcJFs,2020-08-14T00:53:56Z,2020-08-14,4,vi,True,False,2026-09-28T05:30:49.356Z
dbf2d9d8030f7828,ChIJV5xzMu2--F8RWQ-vfzwcJFs,2020-08-22T08:15:37Z,2020-08-22,4,ja,True,False,2026-09-28T05:30:49.356Z
f315baaa19aaf087,ChIJV5xzMu2--F8RWQ-vfzwcJFs,2020-08-26T09:09:37Z,2020-08-26,3,ja,True,False,2026-09-28T05:30:49.356Z
9f8c3cee65c7a3ca,ChIJV5xzMu2--F8RWQ-vfzwcJFs,2020-09-04T00:45:01Z,2020-09-04,3,ja,True,False,2026-09-28T05:30:49.356Z
f1c9f787bd419fa7,ChIJV5xzMu2--F8RWQ-vfzwcJFs,2020-09-04T05:09:18Z,2020-09-04,5,ja,True,False,2026-09-28T05:30:49.356Z
6791c64cab73b5a7,ChIJV5xzMu2--F8RWQ-vfzwcJFs,2020-09-09T11:30:56Z,2020-09-09,3,ja,True,False,2026-09-28T05:30:49.356Z
4375c26d70095cf9,ChIJV5xzMu2--F8RWQ-vfzwcJFs,2020-09-21T06:31:52Z,2020-09-21,5,ja,True,False,2026-09-28T05:30:49.356Z
ba68f7c0f073f854,ChIJV5xzMu2--F8RWQ-vfzwcJFs,2020-09-21T12:24:25Z,2020-09-21,3,,False,False,2026-09-28T05:30:49.356Z
ecf4f47a4ea3af29,ChIJV5xzMu2--F8RWQ-vfzwcJFs,2020-09-25T23:39:12Z,2020-09-26,4,pt,True,False,2026-09-28T05:30:49.356Z
5354998557f8fa29,ChIJV5xzMu2--F8RWQ-vfzwcJFs,2020-10-11T04:40:39Z,2020-10-11,3,,False,False,2026-09-28T05:30:49.356Z
5d2a373ed4f9be4a,ChIJV5xzMu2--F8RWQ-vfzwcJFs,2020-10-12T02:31:58Z,2020-10-12,3,ja,True,False,2026-09-28T05:30:49.356Z
b2e60b090c1de85c,ChIJV5xzMu2--F8RWQ-vfzwcJFs,2020-10-21T03:29:06Z,2020-10-21,2,,False,False,2026-09-28T05:30:49.356Z
6b51b399db7b9009,ChIJV5xzMu2--F8RWQ-vfzwcJFs,2020-11-03T14:25:07Z,2020-11-03,2,ja,True,False,2026-09-28T05:30:49.356Z
0276f5c890eaaa34,ChIJV5xzMu2--F8RWQ-vfzwcJFs,2020-11-07T15:53:15Z,2020-11-08,4,ja,True,False,2026-09-28T05:30:49.356Z
164eff8e577f3d1c,ChIJV5xzMu2--F8RWQ-vfzwcJFs,2020-11-23T05:44:31Z,2020-11-23,4,ja,True,False,2026-09-28T05:30:49.356Z
a15c3d678e6563ea,ChIJV5xzMu2--F8RWQ-vfzwcJFs,2020-11-23T07:23:35Z,2020-11-23,5,ja,True,False,2026-09-28T05:30:49.356Z
8abd2df24e418138,ChIJV5xzMu2--F8RWQ-vfzwcJFs,2020-11-29T07:25:46Z,2020-11-29,1,ja,True,False,2026-09-28T05:30:49.356Z
7539fe24d35a343a,ChIJV5xzMu2--F8RWQ-vfzwcJFs,2020-12-07T00:46:08Z,2020-12-07,5,,False,False,2026-09-28T05:30:49.356Z
ee596fc501932028,ChIJV5xzMu2--F8RWQ-vfzwcJFs,2020-12-13T03:11:45Z,2020-12-13,4,en,True,False,2026-09-28T05:30:49.356Z
36cb01ce5c191f62,ChIJV5xzMu2--F8RWQ-vfzwcJFs,2020-12-15T13:08:28Z,2020-12-15,5,ja,True,False,2026-09-28T05:30:49.356Z
74b1b3df8ac0acda,ChIJV5xzMu2--F8RWQ-vfzwcJFs,2020-12-15T23:55:14Z,2020-12-16,3,,False,False,2026-09-28T05:30:49.356Z
a4d7ea95c070ad62,ChIJV5xzMu2--F8RWQ-vfzwcJFs,2020-12-23T02:10:02Z,2020-12-23,5,ja,True,False,2026-09-28T05:30:49.356Z
1c287876a6f75395,ChIJV5xzMu2--F8RWQ-vfzwcJFs,2020-12-27T02:23:32Z,2020-12-27,4,,False,False,2026-09-28T05:30:49.356Z
5ee546669c14429f,ChIJV5xzMu2--F8RWQ-vfzwcJFs,2021-01-03T07:54:23Z,2021-01-03,4,,False,False,2026-09-28T05:30:49.356Z
b8250044af4c0c28,ChIJV5xzMu2--F8RWQ-vfzwcJFs,2021-01-05T16:08:34Z,2021-01-06,3,,False,False,2026-09-28T05:30:49.356Z
29128b4e53568d73,ChIJV5xzMu2--F8RWQ-vfzwcJFs,2021-01-08T03:28:31Z,2021-01-08,4,,False,False,2026-09-28T05:30:49.356Z
8b2a5e55e1a6fa24,ChIJV5xzMu2--F8RWQ-vfzwcJFs,2021-02-17T13:14:46Z,2021-02-17,4,ja,True,False,2026-09-28T05:30:49.356Z
a160664223c79353,ChIJV5xzMu2--F8RWQ-vfzwcJFs,2021-03-02T08:27:33Z,2021-03-02,3,ja,True,False,2026-09-28T05:30:49.356Z
4bffc0a928479e7e,ChIJV5xzMu2--F8RWQ-vfzwcJFs,2021-03-04T09:06:15Z,2021-03-04,4,,False,False,2026-09-28T05:30:49.356Z
ab717c6f4e65a355,ChIJV5xzMu2--F8RWQ-vfzwcJFs,2021-03-07T02:43:16Z,2021-03-07,4,ja,True,False,2026-09-28T05:30:49.356Z
41f262f84a8ee43f,ChIJV5xzMu2--F8RWQ-vfzwcJFs,2021-03-08T23:59:59Z,2021-03-09,3,ja,True,False,2026-09-28T05:30:49.356Z
afac14413c7859a0,ChIJV5xzMu2--F8RWQ-vfzwcJFs,2021-03-10T20:26:46Z,2021-03-11,4,,False,False,2026-09-28T05:30:49.356Z
9e8bc7428ef2259a,ChIJV5xzMu2--F8RWQ-vfzwcJFs,2021-03-13T08:36:32Z,2021-03-13,3,,False,False,2026-09-28T05:30:49.356Z
7d5735275938b3c0,ChIJV5xzMu2--F8RWQ-vfzwcJFs,2021-03-22T08:34:25Z,2021-03-22,4,ja,True,False,2026-09-28T05:30:49.356Z
25e8aff16aae9685,ChIJV5xzMu2--F8RWQ-vfzwcJFs,2021-03-25T06:04:33Z,2021-03-25,4,ja,True,False,2026-09-28T05:30:49.356Z
15d02b22184fe8c5,ChIJV5xzMu2--F8RWQ-vfzwcJFs,2021-03-29T02:47:41Z,2021-03-29,5,ja,True,False,2026-09-28T05:30:49.356Z
64c57d975167233b,ChIJV5xzMu2--F8RWQ-vfzwcJFs,2021-03-29T04:05:22Z,2021-03-29,4,ja,True,False,2026-09-28T05:30:49.356Z
7924a37524402f42,ChIJV5xzMu2--F8RWQ-vfzwcJFs,2021-04-02T11:46:28Z,2021-04-02,3,,False,False,2026-09-28T05:30:49.356Z
0354ebfa8fbe279c,ChIJV5xzMu2--F8RWQ-vfzwcJFs,2021-04-11T05:59:18Z,2021-04-11,5,ja,True,False,2026-09-28T05:30:49.356Z
436a50bb9665dc48,ChIJV5xzMu2--F8RWQ-vfzwcJFs,2021-04-20T22:08:21Z,2021-04-21,3,,False,False,2026-09-28T05:30:49.356Z
7875b86137e7cba0,ChIJV5xzMu2--F8RWQ-vfzwcJFs,2021-04-21T20:29:42Z,2021-04-22,5,ja,True,False,2026-09-28T05:30:49.356Z
e0ba943952bb989d,ChIJV5xzMu2--F8RWQ-vfzwcJFs,2021-04-23T01:50:19Z,2021-04-23,4,ja,True,False,2026-09-28T05:30:49.356Z
4876df843a872467,ChIJV5xzMu2--F8RWQ-vfzwcJFs,2021-04-25T00:52:12Z,2021-04-25,3,,False,False,2026-09-28T05:30:49.356Z
1715e1eb04b655cd,ChIJV5xzMu2--F8RWQ-vfzwcJFs,2021-04-25T11:03:55Z,2021-04-25,4,,False,False,2026-09-28T05:30:49.356Z
eda58c33ecf32b31,ChIJV5xzMu2--F8RWQ-vfzwcJFs,2021-04-29T04:57:00Z,2021-04-29,4,,False,False,2026-09-28T05:30:49.356Z
af0f80f48cb14d07,ChIJV5xzMu2--F8RWQ-vfzwcJFs,2021-05-01T13:09:58Z,2021-05-01,4,ja,True,False,2026-09-28T05:30:49.356Z
9ac4accb5b9aac6a,ChIJV5xzMu2--F8RWQ-vfzwcJFs,2021-05-04T02:56:29Z,2021-05-04,5,en,True,False,2026-09-28T05:30:49.356Z
8536c5ae36e53c57,ChIJV5xzMu2--F8RWQ-vfzwcJFs,2021-05-17T13:53:36Z,2021-05-17,3,ja,True,False,2026-09-28T05:30:49.356Z
3477ebd46d94b11b,ChIJV5xzMu2--F8RWQ-vfzwcJFs,2021-05-22T07:06:38Z,2021-05-22,4,,False,False,2026-09-28T05:30:49.356Z
a362121fef38d50f,ChIJV5xzMu2--F8RWQ-vfzwcJFs,2021-05-27T01:03:48Z,2021-05-27,4,,False,False,2026-09-28T05:30:49.356Z
dd49b93157c368f0,ChIJV5xzMu2--F8RWQ-vfzwcJFs,2021-06-24T11:00:42Z,2021-06-24,3,ja,True,False,2026-09-28T05:30:49.356Z
dee1d0d04311806b,ChIJV5xzMu2--F8RWQ-vfzwcJFs,2021-06-25T03:16:08Z,2021-06-25,1,,False,False,2026-09-28T05:30:49.356Z
84008ac750715ecd,ChIJV5xzMu2--F8RWQ-vfzwcJFs,2021-06-27T03:06:11Z,2021-06-27,3,,False,False,2026-09-28T05:30:49.356Z
1c5a154e4ade5f7c,ChIJV5xzMu2--F8RWQ-vfzwcJFs,2021-07-14T01:47:58Z,2021-07-14,3,,False,False,2026-09-28T05:30:49.356Z
84674bf9e6623865,ChIJV5xzMu2--F8RWQ-vfzwcJFs,2021-07-24T04:06:29Z,2021-07-24,5,ja,True,False,2026-09-28T05:30:49.356Z
b4b3771fe9455389,ChIJV5xzMu2--F8RWQ-vfzwcJFs,2021-07-28T09:11:17Z,2021-07-28,3,ja,True,False,2026-09-28T05:30:49.356Z
557e20927047670b,ChIJV5xzMu2--F8RWQ-vfzwcJFs,2021-08-01T08:56:14Z,2021-08-01,3,,False,False,2026-09-28T05:30:49.356Z
fdcdf8ad3e978d76,ChIJV5xzMu2--F8RWQ-vfzwcJFs,2021-08-01T22:48:39Z,2021-08-02,3,,False,False,2026-09-28T05:30:49.356Z
a172b976a6997106,ChIJV5xzMu2--F8RWQ-vfzwcJFs,2021-08-05T03:38:09Z,2021-08-05,4,ja,True,False,2026-09-28T05:30:49.356Z
bc10adb82ec92393,ChIJV5xzMu2--F8RWQ-vfzwcJFs,2021-08-05T20:55:21Z,2021-08-06,3,,False,False,2026-09-28T05:30:49.356Z
5e5ba47786e1d430,ChIJV5xzMu2--F8RWQ-vfzwcJFs,2021-08-07T10:20:26Z,2021-08-07,4,,False,False,2026-09-28T05:30:49.356Z
4ae8ea37c62ca296,ChIJV5xzMu2--F8RWQ-vfzwcJFs,2021-08-08T02:22:03Z,2021-08-08,4,ja,True,False,2026-09-28T05:30:49.356Z
7bb3a85e8122868e,ChIJV5xzMu2--F8RWQ-vfzwcJFs,2021-08-14T23:50:17Z,2021-08-15,4,ja,True,False,2026-09-28T05:30:49.356Z
7d878356bf6ed3dc,ChIJV5xzMu2--F8RWQ-vfzwcJFs,2021-08-20T01:24:01Z,2021-08-20,5,,False,False,2026-09-28T05:30:49.356Z
80c6b02585b00944,ChIJV5xzMu2--F8RWQ-vfzwcJFs,2021-08-21T06:44:11Z,2021-08-21,4,ja,True,False,2026-09-28T05:30:49.356Z
ede511d11c24b0cb,ChIJV5xzMu2--F8RWQ-vfzwcJFs,2021-08-21T10:25:33Z,2021-08-21,4,vi,True,False,2026-09-28T05:30:49.356Z
24cb162cb8507ac7,ChIJV5xzMu2--F8RWQ-vfzwcJFs,2021-08-26T20:25:18Z,2021-08-27,5,ja,True,False,2026-09-28T05:30:49.356Z
8bff713ac526b747,ChIJV5xzMu2--F8RWQ-vfzwcJFs,2021-08-27T01:55:18Z,2021-08-27,3,,False,False,2026-09-28T05:30:49.356Z
bff6149f579276d4,ChIJV5xzMu2--F8RWQ-vfzwcJFs,2021-09-11T09:29:46Z,2021-09-11,5,,False,False,2026-09-28T05:30:49.356Z
85e0dc2d6b40b94f,ChIJV5xzMu2--F8RWQ-vfzwcJFs,2021-09-12T07:47:38Z,2021-09-12,3,,False,False,2026-09-28T05:30:49.356Z
a42b87dc8e608d31,ChIJV5xzMu2--F8RWQ-vfzwcJFs,2021-09-12T09:35:43Z,2021-09-12,5,,False,False,2026-09-28T05:30:49.356Z
8ae44afb2259f438,ChIJV5xzMu2--F8RWQ-vfzwcJFs,2021-09-16T02:09:15Z,2021-09-16,5,,False,False,2026-09-28T05:30:49.356Z
4880a9cc26c60cd6,ChIJV5xzMu2--F8RWQ-vfzwcJFs,2021-09-16T10:34:01Z,2021-09-16,3,,False,False,2026-09-28T05:30:49.356Z
c60502302221c78b,ChIJV5xzMu2--F8RWQ-vfzwcJFs,2021-09-19T14:30:18Z,2021-09-19,3,ja,True,False,2026-09-28T05:30:49.356Z
e609e69bf24ed73e,ChIJV5xzMu2--F8RWQ-vfzwcJFs,2021-09-21T01:12:58Z,2021-09-21,4,ja,True,False,2026-09-28T05:30:49.356Z
bb7f278df87453d5,ChIJV5xzMu2--F8RWQ-vfzwcJFs,2021-09-24T11:31:51Z,2021-09-24,3,es,True,False,2026-09-28T05:30:49.356Z
a3bef903e00794d3,ChIJV5xzMu2--F8RWQ-vfzwcJFs,2021-09-25T16:13:20Z,2021-09-26,5,ja,True,False,2026-09-28T05:30:49.356Z
3d50cd2f214394f4,ChIJV5xzMu2--F8RWQ-vfzwcJFs,2021-10-12T04:40:11Z,2021-10-12,4,ja,True,False,2026-09-28T05:30:49.356Z
8d610362380e490d,ChIJV5xzMu2--F8RWQ-vfzwcJFs,2021-10-14T11:32:32Z,2021-10-14,5,,False,False,2026-09-28T05:30:49.356Z
56c360754e064ee8,ChIJV5xzMu2--F8RWQ-vfzwcJFs,2021-10-20T06:12:48Z,2021-10-20,5,ja,True,False,2026-09-28T05:30:49.356Z
b3e5b39c22301db4,ChIJV5xzMu2--F8RWQ-vfzwcJFs,2021-10-22T03:40:17Z,2021-10-22,2,,False,False,2026-09-28T05:30:49.356Z
c812cdda9f211ebf,ChIJV5xzMu2--F8RWQ-vfzwcJFs,2021-10-22T05:52:54Z,2021-10-22,3,,False,False,2026-09-28T05:30:49.356Z
afb907143f9b28f3,ChIJV5xzMu2--F8RWQ-vfzwcJFs,2021-11-05T05:33:50Z,2021-11-05,5,ja,True,False,2026-09-28T05:30:49.356Z
5dab9648dfc47b0f,ChIJV5xzMu2--F8RWQ-vfzwcJFs,2021-11-13T11:30:28Z,2021-11-13,5,ja,True,False,2026-09-28T05:30:49.356Z
11ef4c8dead109db,ChIJV5xzMu2--F8RWQ-vfzwcJFs,2021-11-16T10:53:53Z,2021-11-16,3,,False,False,2026-09-28T05:30:49.356Z
4db76d3198489b4b,ChIJV5xzMu2--F8RWQ-vfzwcJFs,2021-11-22T23:36:19Z,2021-11-23,3,,False,False,2026-09-28T05:30:49.356Z
852d99ddfe54ed7c,ChIJV5xzMu2--F8RWQ-vfzwcJFs,2021-12-03T15:56:45Z,2021-12-04,4,,False,False,2026-09-28T05:30:49.356Z
8a5ece98a6c641a5,ChIJV5xzMu2--F8RWQ-vfzwcJFs,2021-12-05T05:11:49Z,2021-12-05,4,,False,False,2026-09-28T05:30:49.356Z
16b2231d89cdc729,ChIJV5xzMu2--F8RWQ-vfzwcJFs,2021-12-07T17:40:28Z,2021-12-08,5,ja,True,False,2026-09-28T05:30:49.356Z
5a8386af2227ae9a,ChIJV5xzMu2--F8RWQ-vfzwcJFs,2021-12-10T09:02:26Z,2021-12-10,5,,False,False,2026-09-28T05:30:49.356Z
23aa75ec08038d47,ChIJV5xzMu2--F8RWQ-vfzwcJFs,2021-12-19T09:49:18Z,2021-12-19,5,,False,False,2026-09-28T05:30:49.356Z
e5b409ff01d09673,ChIJV5xzMu2--F8RWQ-vfzwcJFs,2021-12-25T01:55:36Z,2021-12-25,2,ja,True,False,2026-09-28T05:30:49.356Z
a7390b989890cdde,ChIJV5xzMu2--F8RWQ-vfzwcJFs,2021-12-26T11:08:37Z,2021-12-26,4,ja,True,False,2026-09-28T05:30:49.356Z
d7cae1896db6c563,ChIJV5xzMu2--F8RWQ-vfzwcJFs,2021-12-30T09:26:29Z,2021-12-30,4,,False,False,2026-09-28T05:30:49.356Z
6b4fd3f06154a1df,ChIJV5xzMu2--F8RWQ-vfzwcJFs,2022-01-03T12:42:10Z,2022-01-03,3,,False,False,2026-09-28T05:30:49.356Z
f6dfe469f765c7a8,ChIJV5xzMu2--F8RWQ-vfzwcJFs,2022-01-08T03:27:23Z,2022-01-08,3,,False,False,2026-09-28T05:30:49.356Z
4e9bb25640dda3f7,ChIJV5xzMu2--F8RWQ-vfzwcJFs,2022-01-14T11:42:06Z,2022-01-14,4,ja,True,False,2026-09-28T05:30:49.356Z
d9fa2a1dbd558446,ChIJV5xzMu2--F8RWQ-vfzwcJFs,2022-01-21T11:20:28Z,2022-01-21,4,,False,False,2026-09-28T05:30:49.356Z
215097b82eeedc47,ChIJV5xzMu2--F8RWQ-vfzwcJFs,2022-01-28T23:49:43Z,2022-01-29,4,ja,True,False,2026-09-28T05:30:49.356Z
d3fe34c69450ec1f,ChIJV5xzMu2--F8RWQ-vfzwcJFs,2022-01-31T22:25:37Z,2022-02-01,4,,False,False,2026-09-28T05:30:49.356Z
a88a3f4f6ff2bd8c,ChIJV5xzMu2--F8RWQ-vfzwcJFs,2022-02-10T08:02:59Z,2022-02-10,4,ja,True,False,2026-09-28T05:30:49.356Z
91cd1436ee523e8c,ChIJV5xzMu2--F8RWQ-vfzwcJFs,2022-02-14T17:13:30Z,2022-02-15,4,,False,False,2026-09-28T05:30:49.356Z
637d6354750e5299,ChIJV5xzMu2--F8RWQ-vfzwcJFs,2022-02-23T23:58:31Z,2022-02-24,5,,False,False,2026-09-28T05:30:49.356Z
81d94aee71d75804,ChIJV5xzMu2--F8RWQ-vfzwcJFs,2022-02-26T23:54:49Z,2022-02-27,3,,False,False,2026-09-28T05:30:49.356Z
e450b62324bcc769,ChIJV5xzMu2--F8RWQ-vfzwcJFs,2022-03-03T13:17:42Z,2022-03-03,3,ja,True,False,2026-09-28T05:30:49.356Z
23eb4e8c4e7464de,ChIJV5xzMu2--F8RWQ-vfzwcJFs,2022-03-05T03:35:49Z,2022-03-05,5,,False,False,2026-09-28T05:30:49.356Z
4ce828aac2ebd9ef,ChIJV5xzMu2--F8RWQ-vfzwcJFs,2022-03-11T12:49:11Z,2022-03-11,5,ja,True,False,2026-09-28T05:30:49.356Z
41c47f5cad741ac3,ChIJV5xzMu2--F8RWQ-vfzwcJFs,2022-03-11T20:31:58Z,2022-03-12,3,ja,True,False,2026-09-28T05:30:49.356Z
ce136df35d31a3ed,ChIJV5xzMu2--F8RWQ-vfzwcJFs,2022-03-22T10:42:35Z,2022-03-22,5,ja,True,False,2026-09-28T05:30:49.356Z
b7b0b4050fefbd6d,ChIJV5xzMu2--F8RWQ-vfzwcJFs,2022-03-24T11:05:33Z,2022-03-24,4,,False,False,2026-09-28T05:30:49.356Z
f883fb4c12450ac2,ChIJV5xzMu2--F8RWQ-vfzwcJFs,2022-03-29T02:07:17Z,2022-03-29,3,,False,False,2026-09-28T05:30:49.356Z
774a7e585667a622,ChIJV5xzMu2--F8RWQ-vfzwcJFs,2022-04-01T09:08:17Z,2022-04-01,4,ja,True,False,2026-09-28T05:30:49.356Z
ea4ec98d182d4714,ChIJV5xzMu2--F8RWQ-vfzwcJFs,2022-04-02T04:16:18Z,2022-04-02,5,,False,False,2026-09-28T05:30:49.356Z
3f135a2937def57b,ChIJV5xzMu2--F8RWQ-vfzwcJFs,2022-04-03T00:01:27Z,2022-04-03,3,ja,True,False,2026-09-28T05:30:49.356Z
fb47bd81bd92db75,ChIJV5xzMu2--F8RWQ-vfzwcJFs,2022-04-07T02:54:59Z,2022-04-07,3,ja,True,False,2026-09-28T05:30:49.356Z
a87d23357d1d99e5,ChIJV5xzMu2--F8RWQ-vfzwcJFs,2022-04-10T22:05:02Z,2022-04-11,4,,False,False,2026-09-28T05:30:49.356Z
3cd373e46e75a25a,ChIJV5xzMu2--F8RWQ-vfzwcJFs,2022-04-13T23:02:20Z,2022-04-14,5,ja,True,False,2026-09-28T05:30:49.356Z
744fa35f0b0bdaf8,ChIJV5xzMu2--F8RWQ-vfzwcJFs,2022-04-21T05:46:54Z,2022-04-21,3,ja,True,False,2026-09-28T05:30:49.356Z
603ecb49b7ed8e07,ChIJV5xzMu2--F8RWQ-vfzwcJFs,2022-04-30T06:23:53Z,2022-04-30,4,,False,False,2026-09-28T05:30:49.356Z
b4fb87a4654384ee,ChIJV5xzMu2--F8RWQ-vfzwcJFs,2022-05-01T23:12:22Z,2022-05-02,4,ja,True,False,2026-09-28T05:30:49.356Z
4ec69dc22f992068,ChIJV5xzMu2--F8RWQ-vfzwcJFs,2022-05-05T12:33:39Z,2022-05-05,3,ja,True,False,2026-09-28T05:30:49.356Z
14e5ba4586b3c353,ChIJV5xzMu2--F8RWQ-vfzwcJFs,2022-05-09T12:02:48Z,2022-05-09,4,ja,True,False,2026-09-28T05:30:49.356Z
3c5eafd7b5f0db32,ChIJV5xzMu2--F8RWQ-vfzwcJFs,2022-05-12T03:38:00Z,2022-05-12,5,,False,False,2026-09-28T05:30:49.356Z
ef73fbb18e3d6a0f,ChIJV5xzMu2--F8RWQ-vfzwcJFs,2022-05-17T09:00:20Z,2022-05-17,5,,False,False,2026-09-28T05:30:49.356Z
7cb465080ae33994,ChIJV5xzMu2--F8RWQ-vfzwcJFs,2022-05-18T11:54:44Z,2022-05-18,3,,False,False,2026-09-28T05:30:49.356Z
b73dde62e017af83,ChIJV5xzMu2--F8RWQ-vfzwcJFs,2022-05-28T00:11:50Z,2022-05-28,5,,False,False,2026-09-28T05:30:49.356Z
a5066f62f144e7b4,ChIJV5xzMu2--F8RWQ-vfzwcJFs,2022-05-28T14:13:07Z,2022-05-28,3,,False,False,2026-09-28T05:30:49.356Z
eaf7c217b0fc4b28,ChIJV5xzMu2--F8RWQ-vfzwcJFs,2022-05-29T04:12:00Z,2022-05-29,3,ja,True,False,2026-09-28T05:30:49.356Z
fe670695ae7641bb,ChIJV5xzMu2--F8RWQ-vfzwcJFs,2022-06-03T23:19:46Z,2022-06-04,4,,False,False,2026-09-28T05:30:49.356Z
734387c6cdd68eff,ChIJV5xzMu2--F8RWQ-vfzwcJFs,2022-06-08T20:53:38Z,2022-06-09,4,,False,False,2026-09-28T05:30:49.356Z
15c41c21ecc94c04,ChIJV5xzMu2--F8RWQ-vfzwcJFs,2022-06-15T07:48:43Z,2022-06-15,4,,False,False,2026-09-28T05:30:49.356Z
32c1868a1b2486d6,ChIJV5xzMu2--F8RWQ-vfzwcJFs,2022-06-21T10:41:23Z,2022-06-21,5,en,True,False,2026-09-28T05:30:49.356Z
1a0e0b6f0d790b05,ChIJV5xzMu2--F8RWQ-vfzwcJFs,2022-06-25T12:56:33Z,2022-06-25,4,ja,True,False,2026-09-28T05:30:49.356Z
4ac6e1aa285a1e3e,ChIJV5xzMu2--F8RWQ-vfzwcJFs,2022-06-29T00:41:12Z,2022-06-29,3,,False,False,2026-09-28T05:30:49.356Z
1f7ed8d89f5a7528,ChIJV5xzMu2--F8RWQ-vfzwcJFs,2022-06-29T09:14:38Z,2022-06-29,4,ja,True,False,2026-09-28T05:30:49.356Z
963e14d7b22a2f1a,ChIJV5xzMu2--F8RWQ-vfzwcJFs,2022-07-07T03:53:35Z,2022-07-07,3,ja,True,False,2026-09-28T05:30:49.356Z
1fb59cca1458eab2,ChIJV5xzMu2--F8RWQ-vfzwcJFs,2022-07-12T09:16:24Z,2022-07-12,3,,False,False,2026-09-28T05:30:49.356Z
3dccd2e5dbe52bc2,ChIJV5xzMu2--F8RWQ-vfzwcJFs,2022-07-15T00:31:43Z,2022-07-15,1,en,True,False,2026-09-28T05:30:49.356Z
014236fa98846d0c,ChIJV5xzMu2--F8RWQ-vfzwcJFs,2022-07-16T01:10:18Z,2022-07-16,3,,False,False,2026-09-28T05:30:49.356Z
8c0bea1f1e10207f,ChIJV5xzMu2--F8RWQ-vfzwcJFs,2022-07-18T06:10:32Z,2022-07-18,3,,False,False,2026-09-28T05:30:49.356Z
db05ce7e8f9a5c79,ChIJV5xzMu2--F8RWQ-vfzwcJFs,2022-08-02T03:59:58Z,2022-08-02,5,ja,True,False,2026-09-28T05:30:49.356Z
dfa02863709ac574,ChIJV5xzMu2--F8RWQ-vfzwcJFs,2022-08-10T03:10:00Z,2022-08-10,2,ja,True,False,2026-09-28T05:30:49.356Z
9066f7ffa907d673,ChIJV5xzMu2--F8RWQ-vfzwcJFs,2022-08-11T09:27:33Z,2022-08-11,5,,False,False,2026-09-28T05:30:49.356Z
0551cc731550da48,ChIJV5xzMu2--F8RWQ-vfzwcJFs,2022-08-13T12:04:31Z,2022-08-13,5,en,True,False,2026-09-28T05:30:49.356Z
631487522a2023d6,ChIJV5xzMu2--F8RWQ-vfzwcJFs,2022-08-15T10:33:48Z,2022-08-15,5,ja,True,False,2026-09-28T05:30:49.356Z
e86a7e715492e2db,ChIJV5xzMu2--F8RWQ-vfzwcJFs,2022-08-15T12:53:52Z,2022-08-15,4,,False,False,2026-09-28T05:30:49.356Z
e6cc50e54c5bafc8,ChIJV5xzMu2--F8RWQ-vfzwcJFs,2022-08-15T16:02:28Z,2022-08-16,5,,False,False,2026-09-28T05:30:49.356Z
cc86c1cafcf46af0,ChIJV5xzMu2--F8RWQ-vfzwcJFs,2022-08-18T05:26:35Z,2022-08-18,5,ja,True,False,2026-09-28T05:30:49.356Z
f404a24658f34917,ChIJV5xzMu2--F8RWQ-vfzwcJFs,2022-08-19T04:57:57Z,2022-08-19,4,,False,False,2026-09-28T05:30:49.356Z
55b01fa047775da1,ChIJV5xzMu2--F8RWQ-vfzwcJFs,2022-08-21T05:22:05Z,2022-08-21,3,,False,False,2026-09-28T05:30:49.356Z
6c77fbc81ff151e7,ChIJV5xzMu2--F8RWQ-vfzwcJFs,2022-08-23T22:11:18Z,2022-08-24,4,,False,False,2026-09-28T05:30:49.356Z
e892bd53a1e95071,ChIJV5xzMu2--F8RWQ-vfzwcJFs,2022-08-23T23:28:12Z,2022-08-24,4,ja,True,False,2026-09-28T05:30:49.356Z
84985396dafc8d05,ChIJV5xzMu2--F8RWQ-vfzwcJFs,2022-09-02T13:30:50Z,2022-09-02,4,ja,True,False,2026-09-28T05:30:49.356Z
44fa63aa67fa3a62,ChIJV5xzMu2--F8RWQ-vfzwcJFs,2022-09-03T06:13:45Z,2022-09-03,4,,False,False,2026-09-28T05:30:49.356Z
7e84f8606f1fdc03,ChIJV5xzMu2--F8RWQ-vfzwcJFs,2022-09-04T08:11:14Z,2022-09-04,4,,False,False,2026-09-28T05:30:49.356Z
26345bb9b2fcf02a,ChIJV5xzMu2--F8RWQ-vfzwcJFs,2022-09-09T15:41:19Z,2022-09-10,3,,False,False,2026-09-28T05:30:49.356Z
33776f7c06aadbd3,ChIJV5xzMu2--F8RWQ-vfzwcJFs,2022-09-09T21:33:51Z,2022-09-10,3,ja,True,False,2026-09-28T05:30:49.356Z
456d1a3a90a25f37,ChIJV5xzMu2--F8RWQ-vfzwcJFs,2022-09-11T13:40:15Z,2022-09-11,4,,False,False,2026-09-28T05:30:49.356Z
30ebb9ee2cf4f914,ChIJV5xzMu2--F8RWQ-vfzwcJFs,2022-09-12T22:12:37Z,2022-09-13,5,ja,True,False,2026-09-28T05:30:49.356Z
16f1e0dec54d13cb,ChIJV5xzMu2--F8RWQ-vfzwcJFs,2022-10-01T09:29:21Z,2022-10-01,3,,False,False,2026-09-28T05:30:49.356Z
19249fc561858f30,ChIJV5xzMu2--F8RWQ-vfzwcJFs,2022-10-02T22:48:24Z,2022-10-03,4,,False,False,2026-09-28T05:30:49.356Z
effae8053959375f,ChIJV5xzMu2--F8RWQ-vfzwcJFs,2022-10-04T16:17:17Z,2022-10-05,1,ja,True,False,2026-09-28T05:30:49.356Z
0549d45121549b71,ChIJV5xzMu2--F8RWQ-vfzwcJFs,2022-10-05T09:44:45Z,2022-10-05,5,ja,True,False,2026-09-28T05:30:49.356Z
04f79f12a4b6c89f,ChIJV5xzMu2--F8RWQ-vfzwcJFs,2022-10-06T02:48:23Z,2022-10-06,4,ja,True,False,2026-09-28T05:30:49.356Z
9ca94d70de704ce3,ChIJV5xzMu2--F8RWQ-vfzwcJFs,2022-10-08T01:00:48Z,2022-10-08,5,,False,False,2026-09-28T05:30:49.356Z
0b07967eb9333ede,ChIJV5xzMu2--F8RWQ-vfzwcJFs,2022-10-10T07:04:59Z,2022-10-10,1,ja,True,False,2026-09-28T05:30:49.356Z
db8f69261c98c548,ChIJV5xzMu2--F8RWQ-vfzwcJFs,2022-10-15T14:33:57Z,2022-10-15,4,ja,True,False,2026-09-28T05:30:49.356Z
44d71307faedb8dd,ChIJV5xzMu2--F8RWQ-vfzwcJFs,2022-10-16T01:28:54Z,2022-10-16,4,ja,True,False,2026-09-28T05:30:49.356Z
22d8d3c63b24a838,ChIJV5xzMu2--F8RWQ-vfzwcJFs,2022-10-16T05:54:10Z,2022-10-16,3,,False,False,2026-09-28T05:30:49.356Z
e0abf130f24b607f,ChIJV5xzMu2--F8RWQ-vfzwcJFs,2022-10-19T04:56:54Z,2022-10-19,4,ja,True,False,2026-09-28T05:30:49.356Z
0b5bcd3377be8d4e,ChIJV5xzMu2--F8RWQ-vfzwcJFs,2022-10-24T23:39:39Z,2022-10-25,4,ja,True,False,2026-09-28T05:30:49.356Z
2046d30145b4fe0a,ChIJV5xzMu2--F8RWQ-vfzwcJFs,2022-10-27T12:38:33Z,2022-10-27,4,ja,True,False,2026-09-28T05:30:49.356Z
8f6a80ec21f001ef,ChIJV5xzMu2--F8RWQ-vfzwcJFs,2022-10-30T07:51:16Z,2022-10-30,3,,False,False,2026-09-28T05:30:49.356Z
b1705c4c2deeffbe,ChIJV5xzMu2--F8RWQ-vfzwcJFs,2022-11-04T08:58:06Z,2022-11-04,4,,False,False,2026-09-28T05:30:49.356Z
35c4f355bd854173,ChIJV5xzMu2--F8RWQ-vfzwcJFs,2022-11-11T00:35:04Z,2022-11-11,4,,False,False,2026-09-28T05:30:49.356Z
acda3b5d86b6f32f,ChIJV5xzMu2--F8RWQ-vfzwcJFs,2022-11-12T04:37:11Z,2022-11-12,4,,False,False,2026-09-28T05:30:49.356Z
f88217c36c76e1e4,ChIJV5xzMu2--F8RWQ-vfzwcJFs,2022-11-12T08:19:17Z,2022-11-12,5,zh-Hant,True,False,2026-09-28T05:30:49.356Z
8779d007171ae444,ChIJV5xzMu2--F8RWQ-vfzwcJFs,2022-11-14T20:58:40Z,2022-11-15,4,ja,True,False,2026-09-28T05:30:49.356Z
e78d50008d296bec,ChIJV5xzMu2--F8RWQ-vfzwcJFs,2022-11-15T04:04:44Z,2022-11-15,4,,False,False,2026-09-28T05:30:49.356Z
ef7292552ee9c199,ChIJV5xzMu2--F8RWQ-vfzwcJFs,2022-11-15T20:03:40Z,2022-11-16,4,,False,False,2026-09-28T05:30:49.356Z
6cf6f522a9f4cda8,ChIJV5xzMu2--F8RWQ-vfzwcJFs,2022-11-17T09:16:49Z,2022-11-17,3,zh-Hant,True,False,2026-09-28T05:30:49.356Z
aef0519e3dfab9bf,ChIJV5xzMu2--F8RWQ-vfzwcJFs,2022-11-19T23:14:25Z,2022-11-20,5,,False,False,2026-09-28T05:30:49.356Z
c999150cd5a32fc6,ChIJV5xzMu2--F8RWQ-vfzwcJFs,2022-11-23T00:18:30Z,2022-11-23,5,,False,False,2026-09-28T05:30:49.356Z
56b58b83f9aac288,ChIJV5xzMu2--F8RWQ-vfzwcJFs,2022-11-25T21:51:39Z,2022-11-26,3,ja,True,False,2026-09-28T05:30:49.356Z
02af54fb16e76e39,ChIJV5xzMu2--F8RWQ-vfzwcJFs,2022-11-26T08:46:53Z,2022-11-26,4,ja,True,False,2026-09-28T05:30:49.356Z
e0de4cfff2715e55,ChIJV5xzMu2--F8RWQ-vfzwcJFs,2022-12-09T05:48:24Z,2022-12-09,5,,False,False,2026-09-28T05:30:49.356Z
ba3536071aa969e8,ChIJV5xzMu2--F8RWQ-vfzwcJFs,2022-12-11T10:25:48Z,2022-12-11,5,ja,True,False,2026-09-28T05:30:49.356Z
30c1a3b0fca29e83,ChIJV5xzMu2--F8RWQ-vfzwcJFs,2022-12-11T12:38:57Z,2022-12-11,4,ja,True,False,2026-09-28T05:30:49.356Z
5c4a7ffee613caa5,ChIJV5xzMu2--F8RWQ-vfzwcJFs,2022-12-20T08:50:40Z,2022-12-20,1,en,True,False,2026-09-28T05:30:49.356Z
d36a8463f1d958d1,ChIJV5xzMu2--F8RWQ-vfzwcJFs,2022-12-28T12:33:59Z,2022-12-28,4,ja,True,False,2026-09-28T05:30:49.356Z
0859fb5d4371ba5a,ChIJV5xzMu2--F8RWQ-vfzwcJFs,2022-12-28T14:42:54Z,2022-12-28,5,,False,False,2026-09-28T05:30:49.356Z
544d8a9bbac439d6,ChIJV5xzMu2--F8RWQ-vfzwcJFs,2022-12-29T07:57:03Z,2022-12-29,3,ja,True,False,2026-09-28T05:30:49.356Z
804f236af16e8144,ChIJV5xzMu2--F8RWQ-vfzwcJFs,2022-12-29T14:25:47Z,2022-12-29,4,,False,False,2026-09-28T05:30:49.356Z
638e035fbb44dea2,ChIJV5xzMu2--F8RWQ-vfzwcJFs,2023-01-01T05:14:47Z,2023-01-01,5,ja,True,False,2026-09-28T05:30:49.356Z
44de14d5026b84fd,ChIJV5xzMu2--F8RWQ-vfzwcJFs,2023-01-03T10:14:22Z,2023-01-03,3,ja,True,False,2026-09-28T05:30:49.356Z
b62b1635d2657492,ChIJV5xzMu2--F8RWQ-vfzwcJFs,2023-01-04T23:40:13Z,2023-01-05,5,ja,True,False,2026-09-28T05:30:49.356Z
a13753bd34d320cd,ChIJV5xzMu2--F8RWQ-vfzwcJFs,2023-01-07T22:47:06Z,2023-01-08,5,ja,True,False,2026-09-28T05:30:49.356Z
973c1318a99a92a8,ChIJV5xzMu2--F8RWQ-vfzwcJFs,2023-01-08T01:05:50Z,2023-01-08,4,,False,False,2026-09-28T05:30:49.356Z
a8878563ff9021d0,ChIJV5xzMu2--F8RWQ-vfzwcJFs,2023-01-08T06:41:32Z,2023-01-08,4,,False,False,2026-09-28T05:30:49.356Z
f2974b5d91e2ffc3,ChIJV5xzMu2--F8RWQ-vfzwcJFs,2023-01-10T13:54:14Z,2023-01-10,3,,False,False,2026-09-28T05:30:49.356Z
7370dcdc6d89d319,ChIJV5xzMu2--F8RWQ-vfzwcJFs,2023-01-12T10:31:57Z,2023-01-12,4,ja,True,False,2026-09-28T05:30:49.356Z
6eea7e34ea2004b8,ChIJV5xzMu2--F8RWQ-vfzwcJFs,2023-01-14T09:53:12Z,2023-01-14,3,,False,False,2026-09-28T05:30:49.356Z
47374558262cd6ab,ChIJV5xzMu2--F8RWQ-vfzwcJFs,2023-01-19T05:55:22Z,2023-01-19,4,en,True,False,2026-09-28T05:30:49.356Z
aa8ad0509a51f33b,ChIJV5xzMu2--F8RWQ-vfzwcJFs,2023-01-19T10:47:32Z,2023-01-19,4,,False,False,2026-09-28T05:30:49.356Z
0647e3902c175310,ChIJV5xzMu2--F8RWQ-vfzwcJFs,2023-01-30T02:45:16Z,2023-01-30,4,ja,True,False,2026-09-28T05:30:49.356Z
256bf0fbcc8a0a23,ChIJV5xzMu2--F8RWQ-vfzwcJFs,2023-01-30T04:02:16Z,2023-01-30,3,ja,True,False,2026-09-28T05:30:49.356Z
c61798210d4bdb57,ChIJV5xzMu2--F8RWQ-vfzwcJFs,2023-01-30T07:59:30Z,2023-01-30,4,ja,True,False,2026-09-28T05:30:49.356Z
409b2094ab02d440,ChIJV5xzMu2--F8RWQ-vfzwcJFs,2023-02-05T11:37:26Z,2023-02-05,5,,False,False,2026-09-28T05:30:49.356Z
4ec9bc39e5599c03,ChIJV5xzMu2--F8RWQ-vfzwcJFs,2023-02-08T01:29:23Z,2023-02-08,5,en,True,False,2026-09-28T05:30:49.356Z
cfe2216b9301db2d,ChIJV5xzMu2--F8RWQ-vfzwcJFs,2023-02-08T02:52:20Z,2023-02-08,3,,False,False,2026-09-28T05:30:49.356Z
40a4fedbeb3a0638,ChIJV5xzMu2--F8RWQ-vfzwcJFs,2023-02-11T07:28:40Z,2023-02-11,4,,False,False,2026-09-28T05:30:49.356Z
a7db9d9b706ee114,ChIJV5xzMu2--F8RWQ-vfzwcJFs,2023-02-19T03:42:18Z,2023-02-19,4,,False,False,2026-09-28T05:30:49.356Z
b84eb5e1aae2fae3,ChIJV5xzMu2--F8RWQ-vfzwcJFs,2023-02-21T06:33:09Z,2023-02-21,5,zh-Hant,True,False,2026-09-28T05:30:49.356Z
1c4b9b4221bdcc47,ChIJV5xzMu2--F8RWQ-vfzwcJFs,2023-02-21T14:22:31Z,2023-02-21,3,,False,False,2026-09-28T05:30:49.356Z
ce87524bbe84aa94,ChIJV5xzMu2--F8RWQ-vfzwcJFs,2023-02-23T06:34:30Z,2023-02-23,5,ja,True,False,2026-09-28T05:30:49.356Z
f986f68c1833bad5,ChIJV5xzMu2--F8RWQ-vfzwcJFs,2023-02-23T13:55:56Z,2023-02-23,4,ja,True,False,2026-09-28T05:30:49.356Z
3937836adf6a097c,ChIJV5xzMu2--F8RWQ-vfzwcJFs,2023-03-06T11:04:23Z,2023-03-06,4,,False,False,2026-09-28T05:30:49.356Z
a5c8e0fee80150e3,ChIJV5xzMu2--F8RWQ-vfzwcJFs,2023-03-09T05:05:37Z,2023-03-09,2,ja,True,False,2026-09-28T05:30:49.356Z
675f05d0c9e10f98,ChIJV5xzMu2--F8RWQ-vfzwcJFs,2023-03-18T01:10:12Z,2023-03-18,4,ja,True,False,2026-09-28T05:30:49.356Z
21ee7e4934fa38df,ChIJV5xzMu2--F8RWQ-vfzwcJFs,2023-03-18T08:02:23Z,2023-03-18,4,ja,True,False,2026-09-28T05:30:49.356Z
1471048ba786460a,ChIJV5xzMu2--F8RWQ-vfzwcJFs,2023-03-19T02:28:35Z,2023-03-19,3,ja,True,False,2026-09-28T05:30:49.356Z
af3bf3872d07786c,ChIJV5xzMu2--F8RWQ-vfzwcJFs,2023-03-19T07:15:01Z,2023-03-19,3,,False,False,2026-09-28T05:30:49.356Z
c5d95580986750e3,ChIJV5xzMu2--F8RWQ-vfzwcJFs,2023-03-22T04:30:04Z,2023-03-22,5,pt,True,False,2026-09-28T05:30:49.356Z
f795096145492abe,ChIJV5xzMu2--F8RWQ-vfzwcJFs,2023-03-24T08:02:52Z,2023-03-24,5,ko,True,False,2026-09-28T05:30:49.356Z
6070f99404e2d6b5,ChIJV5xzMu2--F8RWQ-vfzwcJFs,2023-03-25T01:55:17Z,2023-03-25,3,ja,True,False,2026-09-28T05:30:49.356Z
382fc673863f999e,ChIJV5xzMu2--F8RWQ-vfzwcJFs,2023-03-26T22:34:17Z,2023-03-27,3,ja,True,False,2026-09-28T05:30:49.356Z
744e4482b76e9ed5,ChIJV5xzMu2--F8RWQ-vfzwcJFs,2023-03-30T08:33:55Z,2023-03-30,3,ja,True,False,2026-09-28T05:30:49.356Z
9e3d93c2bc5e94c7,ChIJV5xzMu2--F8RWQ-vfzwcJFs,2023-03-31T06:59:43Z,2023-03-31,2,ja,True,False,2026-09-28T05:30:49.356Z
2d76730820852d36,ChIJV5xzMu2--F8RWQ-vfzwcJFs,2023-04-06T06:48:27Z,2023-04-06,4,,False,False,2026-09-28T05:30:49.356Z
874f1f6f0b896416,ChIJV5xzMu2--F8RWQ-vfzwcJFs,2023-04-08T07:34:49Z,2023-04-08,4,,False,False,2026-09-28T05:30:49.356Z
992e48bef4638f75,ChIJV5xzMu2--F8RWQ-vfzwcJFs,2023-04-10T05:02:16Z,2023-04-10,3,,False,False,2026-09-28T05:30:49.356Z
0b8ce1a5b6a66e57,ChIJV5xzMu2--F8RWQ-vfzwcJFs,2023-04-11T01:21:10Z,2023-04-11,3,ja,True,False,2026-09-28T05:30:49.356Z
0353848da8349619,ChIJV5xzMu2--F8RWQ-vfzwcJFs,2023-04-14T01:54:13Z,2023-04-14,5,ja,True,False,2026-09-28T05:30:49.356Z
79734c2de505f579,ChIJV5xzMu2--F8RWQ-vfzwcJFs,2023-04-14T23:46:02Z,2023-04-15,4,ja,True,False,2026-09-28T05:30:49.356Z
99192d3f54803858,ChIJV5xzMu2--F8RWQ-vfzwcJFs,2023-04-15T09:34:58Z,2023-04-15,3,ja,True,False,2026-09-28T05:30:49.356Z
9c54b1bab4a55881,ChIJV5xzMu2--F8RWQ-vfzwcJFs,2023-04-22T01:34:52Z,2023-04-22,3,ja,True,False,2026-09-28T05:30:49.356Z
4ed0bf1888fb743d,ChIJV5xzMu2--F8RWQ-vfzwcJFs,2023-04-22T03:48:56Z,2023-04-22,4,ja,True,False,2026-09-28T05:30:49.356Z
8f8be622c859c1d6,ChIJV5xzMu2--F8RWQ-vfzwcJFs,2023-04-23T01:49:34Z,2023-04-23,4,ja,True,False,2026-09-28T05:30:49.356Z
cd05cae3dd4e0b1a,ChIJV5xzMu2--F8RWQ-vfzwcJFs,2023-04-23T03:13:19Z,2023-04-23,4,,False,False,2026-09-28T05:30:49.356Z
2a083f4d0f8fa0f1,ChIJV5xzMu2--F8RWQ-vfzwcJFs,2023-04-26T06:48:24Z,2023-04-26,3,ja,True,False,2026-09-28T05:30:49.356Z
beb2566c640e5366,ChIJV5xzMu2--F8RWQ-vfzwcJFs,2023-04-26T15:58:39Z,2023-04-27,4,en,True,False,2026-09-28T05:30:49.356Z
aac0af2afb168bce,ChIJV5xzMu2--F8RWQ-vfzwcJFs,2023-04-30T11:46:57Z,2023-04-30,4,ja,True,False,2026-09-28T05:30:49.356Z
ad93292d7aff9b67,ChIJV5xzMu2--F8RWQ-vfzwcJFs,2023-05-01T08:39:03Z,2023-05-01,4,ja,True,False,2026-09-28T05:30:49.356Z
50210482bbe2aa73,ChIJV5xzMu2--F8RWQ-vfzwcJFs,2023-05-02T17:45:16Z,2023-05-03,4,ja,True,False,2026-09-28T05:30:49.356Z
1e4b07b5cbf7b831,ChIJV5xzMu2--F8RWQ-vfzwcJFs,2023-05-04T08:48:07Z,2023-05-04,4,,False,False,2026-09-28T05:30:49.356Z
52559b7bb7831a92,ChIJV5xzMu2--F8RWQ-vfzwcJFs,2023-05-04T16:05:59Z,2023-05-05,5,ja,True,False,2026-09-28T05:30:49.356Z
f383c6a5cbaa8d3c,ChIJV5xzMu2--F8RWQ-vfzwcJFs,2023-05-07T03:19:41Z,2023-05-07,5,ja,True,False,2026-09-28T05:30:49.356Z
0b170863840bfbcb,ChIJV5xzMu2--F8RWQ-vfzwcJFs,2023-05-08T23:18:22Z,2023-05-09,4,,False,False,2026-09-28T05:30:49.356Z
cf262bee3492b2e1,ChIJV5xzMu2--F8RWQ-vfzwcJFs,2023-05-15T12:52:48Z,2023-05-15,4,,False,False,2026-09-28T05:30:49.356Z
9c65460b41d05911,ChIJV5xzMu2--F8RWQ-vfzwcJFs,2023-05-21T07:36:41Z,2023-05-21,3,ja,True,False,2026-09-28T05:30:49.356Z
f67aca51bb17d4bb,ChIJV5xzMu2--F8RWQ-vfzwcJFs,2023-06-05T01:45:03Z,2023-06-05,3,,False,False,2026-09-28T05:30:49.356Z
9b14e1f506cbf9dd,ChIJV5xzMu2--F8RWQ-vfzwcJFs,2023-06-05T15:58:46Z,2023-06-06,3,zh-Hans,True,False,2026-09-28T05:30:49.356Z
250a679da22a6559,ChIJV5xzMu2--F8RWQ-vfzwcJFs,2023-06-10T14:16:31Z,2023-06-10,4,ja,True,False,2026-09-28T05:30:49.356Z
dc4052e9f2088278,ChIJV5xzMu2--F8RWQ-vfzwcJFs,2023-06-14T03:42:29Z,2023-06-14,5,ja,True,False,2026-09-28T05:30:49.356Z
0f0f1fca67fd5b2f,ChIJV5xzMu2--F8RWQ-vfzwcJFs,2023-06-20T08:07:23Z,2023-06-20,3,ja,True,False,2026-09-28T05:30:49.356Z
1ccc138179ae1f5e,ChIJV5xzMu2--F8RWQ-vfzwcJFs,2023-06-20T12:48:51Z,2023-06-20,5,ja,True,False,2026-09-28T05:30:49.356Z
b47db6cd658493dd,ChIJV5xzMu2--F8RWQ-vfzwcJFs,2023-06-20T22:49:58Z,2023-06-21,3,,False,False,2026-09-28T05:30:49.356Z
75be65523ddc779a,ChIJV5xzMu2--F8RWQ-vfzwcJFs,2023-07-11T02:32:26Z,2023-07-11,3,ja,True,False,2026-09-28T05:30:49.356Z
bc4681c9f72b06f6,ChIJV5xzMu2--F8RWQ-vfzwcJFs,2023-07-16T01:32:46Z,2023-07-16,4,,False,False,2026-09-28T05:30:49.356Z
72b92b0f2da582ee,ChIJV5xzMu2--F8RWQ-vfzwcJFs,2023-07-20T19:34:21Z,2023-07-21,3,ja,True,False,2026-09-28T05:30:49.356Z
d1de8a8bd1d9a7aa,ChIJV5xzMu2--F8RWQ-vfzwcJFs,2023-07-24T22:33:40Z,2023-07-25,4,ja,True,False,2026-09-28T05:30:49.356Z
f568b6e458f43814,ChIJV5xzMu2--F8RWQ-vfzwcJFs,2023-07-29T02:59:32Z,2023-07-29,5,ja,True,False,2026-09-28T05:30:49.356Z
bac83ba38d59da04,ChIJV5xzMu2--F8RWQ-vfzwcJFs,2023-08-04T23:19:52Z,2023-08-05,3,,False,False,2026-09-28T05:30:49.356Z
37f69753787d6a6f,ChIJV5xzMu2--F8RWQ-vfzwcJFs,2023-08-06T10:15:39Z,2023-08-06,4,ja,True,False,2026-09-28T05:30:49.356Z
eb259542c7baacee,ChIJV5xzMu2--F8RWQ-vfzwcJFs,2023-08-09T10:27:49Z,2023-08-09,4,ja,True,False,2026-09-28T05:30:49.356Z
e326866eeddefef8,ChIJV5xzMu2--F8RWQ-vfzwcJFs,2023-08-12T23:59:02Z,2023-08-13,4,ja,True,False,2026-09-28T05:30:49.356Z
51a34402572e0db1,ChIJV5xzMu2--F8RWQ-vfzwcJFs,2023-08-13T08:26:15Z,2023-08-13,5,ja,True,False,2026-09-28T05:30:49.356Z
0b735a4596206039,ChIJV5xzMu2--F8RWQ-vfzwcJFs,2023-08-13T23:35:03Z,2023-08-14,3,ja,True,False,2026-09-28T05:30:49.356Z
425af3719336a04c,ChIJV5xzMu2--F8RWQ-vfzwcJFs,2023-08-14T21:12:00Z,2023-08-15,4,ja,True,False,2026-09-28T05:30:49.356Z
78669c453d78ae49,ChIJV5xzMu2--F8RWQ-vfzwcJFs,2023-08-17T07:35:10Z,2023-08-17,4,ja,True,False,2026-09-28T05:30:49.356Z
ece83f687a36c81b,ChIJV5xzMu2--F8RWQ-vfzwcJFs,2023-08-17T16:56:56Z,2023-08-18,5,ja,True,False,2026-09-28T05:30:49.356Z
44cda445e291377b,ChIJV5xzMu2--F8RWQ-vfzwcJFs,2023-08-19T02:34:44Z,2023-08-19,4,ja,True,False,2026-09-28T05:30:49.356Z
0349b6a8d9a83445,ChIJV5xzMu2--F8RWQ-vfzwcJFs,2023-08-23T12:53:40Z,2023-08-23,4,ja,True,False,2026-09-28T05:30:49.356Z
3c7a0f3e614726e1,ChIJV5xzMu2--F8RWQ-vfzwcJFs,2023-08-25T09:45:58Z,2023-08-25,2,ja,True,False,2026-09-28T05:30:49.356Z
1bfaedaf0529a928,ChIJV5xzMu2--F8RWQ-vfzwcJFs,2023-08-25T11:46:09Z,2023-08-25,5,,False,False,2026-09-28T05:30:49.356Z
72d5928912c58feb,ChIJV5xzMu2--F8RWQ-vfzwcJFs,2023-08-29T03:19:20Z,2023-08-29,3,ja,True,False,2026-09-28T05:30:49.356Z
1753e32abc5ce1e7,ChIJV5xzMu2--F8RWQ-vfzwcJFs,2023-09-01T16:28:11Z,2023-09-02,3,,False,False,2026-09-28T05:30:49.356Z
442b55a23a1abfa6,ChIJV5xzMu2--F8RWQ-vfzwcJFs,2023-09-05T13:01:42Z,2023-09-05,5,ja,True,False,2026-09-28T05:30:49.356Z
88e0ef52132108de,ChIJV5xzMu2--F8RWQ-vfzwcJFs,2023-09-18T05:22:57Z,2023-09-18,5,,False,False,2026-09-28T05:30:49.356Z
a4233fe9b9167e7f,ChIJV5xzMu2--F8RWQ-vfzwcJFs,2023-09-21T15:35:59Z,2023-09-22,4,,False,False,2026-09-28T05:30:49.356Z
a6b1850523813497,ChIJV5xzMu2--F8RWQ-vfzwcJFs,2023-09-23T09:05:22Z,2023-09-23,5,ja,True,False,2026-09-28T05:30:49.356Z
3a0e7d45cbebe70e,ChIJV5xzMu2--F8RWQ-vfzwcJFs,2023-09-23T13:18:34Z,2023-09-23,3,,False,False,2026-09-28T05:30:49.356Z
bd1d948e005ffdb4,ChIJV5xzMu2--F8RWQ-vfzwcJFs,2023-09-29T04:47:09Z,2023-09-29,3,,False,False,2026-09-28T05:30:49.356Z
533cff1577778849,ChIJV5xzMu2--F8RWQ-vfzwcJFs,2023-09-29T10:49:40Z,2023-09-29,5,ja,True,False,2026-09-28T05:30:49.356Z
106032e754e54302,ChIJV5xzMu2--F8RWQ-vfzwcJFs,2023-09-29T21:11:02Z,2023-09-30,4,,False,False,2026-09-28T05:30:49.356Z
fcb86d1943d39a0f,ChIJV5xzMu2--F8RWQ-vfzwcJFs,2023-10-01T13:52:32Z,2023-10-01,4,ja,True,False,2026-09-28T05:30:49.356Z
3beef34e068454b4,ChIJV5xzMu2--F8RWQ-vfzwcJFs,2023-10-03T10:03:32Z,2023-10-03,5,ja,True,False,2026-09-28T05:30:49.356Z
77eaa7c302c69732,ChIJV5xzMu2--F8RWQ-vfzwcJFs,2023-10-03T13:00:50Z,2023-10-03,5,en,True,False,2026-09-28T05:30:49.356Z
07836459ba3e5f83,ChIJV5xzMu2--F8RWQ-vfzwcJFs,2023-10-06T12:50:22Z,2023-10-06,3,ja,True,False,2026-09-28T05:30:49.356Z
8cae976d98174359,ChIJV5xzMu2--F8RWQ-vfzwcJFs,2023-10-07T06:47:50Z,2023-10-07,4,,False,False,2026-09-28T05:30:49.356Z
41a03c7dd7727aff,ChIJV5xzMu2--F8RWQ-vfzwcJFs,2023-10-09T12:12:13Z,2023-10-09,5,ja,True,False,2026-09-28T05:30:49.356Z
134f4ea98be7c799,ChIJV5xzMu2--F8RWQ-vfzwcJFs,2023-10-12T00:43:01Z,2023-10-12,5,ja,True,False,2026-09-28T05:30:49.356Z
a1e9f34526ec2ad3,ChIJV5xzMu2--F8RWQ-vfzwcJFs,2023-10-23T09:17:36Z,2023-10-23,3,ja,True,False,2026-09-28T05:30:49.356Z
24ceaaf7715ffcd8,ChIJV5xzMu2--F8RWQ-vfzwcJFs,2023-10-26T01:33:27Z,2023-10-26,4,ja,True,False,2026-09-28T05:30:49.356Z
2558b0de0a100c77,ChIJV5xzMu2--F8RWQ-vfzwcJFs,2023-10-28T06:00:44Z,2023-10-28,4,,False,False,2026-09-28T05:30:49.356Z
ae7ba3ea1f59353b,ChIJV5xzMu2--F8RWQ-vfzwcJFs,2023-10-28T11:24:25Z,2023-10-28,1,ja,True,False,2026-09-28T05:30:49.356Z
bde2bf312d218af4,ChIJV5xzMu2--F8RWQ-vfzwcJFs,2023-10-29T03:48:45Z,2023-10-29,4,ja,True,False,2026-09-28T05:30:49.356Z
ab826f3e43be7c0e,ChIJV5xzMu2--F8RWQ-vfzwcJFs,2023-10-31T16:21:59Z,2023-11-01,5,en,True,False,2026-09-28T05:30:49.356Z
25b60a73f19023c2,ChIJV5xzMu2--F8RWQ-vfzwcJFs,2023-11-01T05:36:52Z,2023-11-01,5,ja,True,False,2026-09-28T05:30:49.356Z
38d9df4d6d0b88c4,ChIJV5xzMu2--F8RWQ-vfzwcJFs,2023-11-03T02:30:31Z,2023-11-03,5,,False,False,2026-09-28T05:30:49.356Z
6d852467842abbf4,ChIJV5xzMu2--F8RWQ-vfzwcJFs,2023-11-06T07:32:31Z,2023-11-06,2,ja,True,False,2026-09-28T05:30:49.356Z
90720d082d15105c,ChIJV5xzMu2--F8RWQ-vfzwcJFs,2023-11-22T22:49:32Z,2023-11-23,3,,False,False,2026-09-28T05:30:49.356Z
2d7bb9f7454f62ca,ChIJV5xzMu2--F8RWQ-vfzwcJFs,2023-11-24T07:03:28Z,2023-11-24,3,ja,True,False,2026-09-28T05:30:49.356Z
305756d263eb4a5f,ChIJV5xzMu2--F8RWQ-vfzwcJFs,2023-11-25T04:56:21Z,2023-11-25,4,en,True,False,2026-09-28T05:30:49.356Z
46213d660d0b94d8,ChIJV5xzMu2--F8RWQ-vfzwcJFs,2023-11-25T08:00:09Z,2023-11-25,5,,False,False,2026-09-28T05:30:49.356Z
c524f9f4e6926a87,ChIJV5xzMu2--F8RWQ-vfzwcJFs,2023-11-26T01:03:18Z,2023-11-26,5,,False,False,2026-09-28T05:30:49.356Z
3cd45b0570eb5d61,ChIJV5xzMu2--F8RWQ-vfzwcJFs,2023-11-26T13:20:20Z,2023-11-26,5,en,True,False,2026-09-28T05:30:49.356Z
6b62a24541a1173f,ChIJV5xzMu2--F8RWQ-vfzwcJFs,2023-11-28T11:06:48Z,2023-11-28,3,ja,True,False,2026-09-28T05:30:49.356Z
6963a15e9d5bd918,ChIJV5xzMu2--F8RWQ-vfzwcJFs,2023-11-30T15:01:38Z,2023-12-01,3,ja,True,False,2026-09-28T05:30:49.356Z
91a239cae054c77c,ChIJV5xzMu2--F8RWQ-vfzwcJFs,2023-12-01T00:15:38Z,2023-12-01,4,ja,True,False,2026-09-28T05:30:49.356Z
9543340a3be12d3b,ChIJV5xzMu2--F8RWQ-vfzwcJFs,2023-12-08T11:02:57Z,2023-12-08,3,ja,True,False,2026-09-28T05:30:49.356Z
78b1af48e6e9a125,ChIJV5xzMu2--F8RWQ-vfzwcJFs,2023-12-09T02:18:13Z,2023-12-09,3,,False,False,2026-09-28T05:30:49.356Z
d003b33a33ba2e53,ChIJV5xzMu2--F8RWQ-vfzwcJFs,2023-12-10T05:30:33Z,2023-12-10,5,ja,True,False,2026-09-28T05:30:49.356Z
f850330441dafedd,ChIJV5xzMu2--F8RWQ-vfzwcJFs,2023-12-11T05:13:09Z,2023-12-11,4,,False,False,2026-09-28T05:30:49.356Z
193d6ebcf6941dd3,ChIJV5xzMu2--F8RWQ-vfzwcJFs,2023-12-19T02:45:07Z,2023-12-19,3,ja,True,False,2026-09-28T05:30:49.356Z
9726532338183746,ChIJV5xzMu2--F8RWQ-vfzwcJFs,2023-12-21T03:02:50Z,2023-12-21,3,ja,True,False,2026-09-28T05:30:49.356Z
6109b40663d6f4ae,ChIJV5xzMu2--F8RWQ-vfzwcJFs,2023-12-24T01:14:50Z,2023-12-24,3,,False,False,2026-09-28T05:30:49.356Z
e17d7527119b52f8,ChIJV5xzMu2--F8RWQ-vfzwcJFs,2023-12-24T08:38:58Z,2023-12-24,5,ja,True,False,2026-09-28T05:30:49.356Z
b1288aeaaa308881,ChIJV5xzMu2--F8RWQ-vfzwcJFs,2023-12-25T12:23:45Z,2023-12-25,5,ja,True,False,2026-09-28T05:30:49.356Z
5d44cf6f11009fbd,ChIJV5xzMu2--F8RWQ-vfzwcJFs,2024-01-07T04:22:16Z,2024-01-07,4,zh-Hant,True,False,2026-09-28T05:30:49.356Z
a03e4e1212bee3ea,ChIJV5xzMu2--F8RWQ-vfzwcJFs,2024-01-08T03:54:07Z,2024-01-08,5,ja,True,False,2026-09-28T05:30:49.356Z
9a0c84ce5ad01c61,ChIJV5xzMu2--F8RWQ-vfzwcJFs,2024-01-08T04:19:20Z,2024-01-08,5,ja,True,False,2026-09-28T05:30:49.356Z
74586ef37508b58d,ChIJV5xzMu2--F8RWQ-vfzwcJFs,2024-01-20T12:59:27Z,2024-01-20,5,,False,False,2026-09-28T05:30:49.356Z
14e688cce36bb1ef,ChIJV5xzMu2--F8RWQ-vfzwcJFs,2024-01-29T06:38:52Z,2024-01-29,4,ja,True,False,2026-09-28T05:30:49.356Z
1db24da113131258,ChIJV5xzMu2--F8RWQ-vfzwcJFs,2024-02-02T09:19:11Z,2024-02-02,3,,False,False,2026-09-28T05:30:49.356Z
69184010604322bb,ChIJV5xzMu2--F8RWQ-vfzwcJFs,2024-02-04T01:42:19Z,2024-02-04,3,ja,True,False,2026-09-28T05:30:49.356Z
5ca663beb32b5bb5,ChIJV5xzMu2--F8RWQ-vfzwcJFs,2024-02-04T04:23:38Z,2024-02-04,5,ja,True,False,2026-09-28T05:30:49.356Z
f9c50d451c54235c,ChIJV5xzMu2--F8RWQ-vfzwcJFs,2024-02-14T12:51:37Z,2024-02-14,4,ja,True,False,2026-09-28T05:30:49.356Z
21c39f46066506b5,ChIJV5xzMu2--F8RWQ-vfzwcJFs,2024-02-16T16:01:42Z,2024-02-17,5,ja,True,False,2026-09-28T05:30:49.356Z
f1d22cac7f5bffbf,ChIJV5xzMu2--F8RWQ-vfzwcJFs,2024-02-17T04:05:32Z,2024-02-17,5,,False,False,2026-09-28T05:30:49.356Z
8b4c5e47a923d3d7,ChIJV5xzMu2--F8RWQ-vfzwcJFs,2024-02-18T12:16:08Z,2024-02-18,5,,False,False,2026-09-28T05:30:49.356Z
fededf146d9337d6,ChIJV5xzMu2--F8RWQ-vfzwcJFs,2024-02-21T11:55:07Z,2024-02-21,4,ja,True,False,2026-09-28T05:30:49.356Z
4927613f6549bcfd,ChIJV5xzMu2--F8RWQ-vfzwcJFs,2024-02-23T10:17:46Z,2024-02-23,4,,False,False,2026-09-28T05:30:49.356Z
4f864aeacf2d2e96,ChIJV5xzMu2--F8RWQ-vfzwcJFs,2024-02-25T09:13:16Z,2024-02-25,5,,False,False,2026-09-28T05:30:49.356Z
e5a50cf91caa4f80,ChIJV5xzMu2--F8RWQ-vfzwcJFs,2024-03-02T09:33:49Z,2024-03-02,5,ja,True,False,2026-09-28T05:30:49.356Z
d9af5adc30d96b03,ChIJV5xzMu2--F8RWQ-vfzwcJFs,2024-03-02T20:05:26Z,2024-03-03,4,ja,True,False,2026-09-28T05:30:49.356Z
b501b241fd943bea,ChIJV5xzMu2--F8RWQ-vfzwcJFs,2024-03-02T23:34:50Z,2024-03-03,3,,False,False,2026-09-28T05:30:49.356Z
26ead01a6b23d538,ChIJV5xzMu2--F8RWQ-vfzwcJFs,2024-03-04T05:39:19Z,2024-03-04,4,,False,False,2026-09-28T05:30:49.356Z
35f0be8c86cae008,ChIJV5xzMu2--F8RWQ-vfzwcJFs,2024-03-04T13:24:40Z,2024-03-04,4,ja,True,False,2026-09-28T05:30:49.356Z
7e1e9151aa13fefe,ChIJV5xzMu2--F8RWQ-vfzwcJFs,2024-03-08T06:22:56Z,2024-03-08,5,,False,False,2026-09-28T05:30:49.356Z
1a5b62765e12a2a2,ChIJV5xzMu2--F8RWQ-vfzwcJFs,2024-03-08T15:09:36Z,2024-03-09,3,ja,True,False,2026-09-28T05:30:49.356Z
7510e341f28ce238,ChIJV5xzMu2--F8RWQ-vfzwcJFs,2024-03-08T19:12:34Z,2024-03-09,4,ja,True,False,2026-09-28T05:30:49.356Z
d30dd0b34c8b0d27,ChIJV5xzMu2--F8RWQ-vfzwcJFs,2024-03-09T06:56:39Z,2024-03-09,4,ja,True,False,2026-09-28T05:30:49.356Z
b89bb8eb019e45ba,ChIJV5xzMu2--F8RWQ-vfzwcJFs,2024-03-12T03:10:33Z,2024-03-12,3,ja,True,False,2026-09-28T05:30:49.356Z
496dc1cfa8f3b108,ChIJV5xzMu2--F8RWQ-vfzwcJFs,2024-03-14T00:33:53Z,2024-03-14,4,,False,False,2026-09-28T05:30:49.356Z
7336d59fdab54b81,ChIJV5xzMu2--F8RWQ-vfzwcJFs,2024-03-14T04:40:05Z,2024-03-14,4,,False,False,2026-09-28T05:30:49.356Z
21a4b4f2a1ef5374,ChIJV5xzMu2--F8RWQ-vfzwcJFs,2024-03-15T20:13:00Z,2024-03-16,3,ja,True,False,2026-09-28T05:30:49.356Z
49a58356d1159162,ChIJV5xzMu2--F8RWQ-vfzwcJFs,2024-03-16T05:34:20Z,2024-03-16,3,ja,True,False,2026-09-28T05:30:49.356Z
3fbe2a1e34b6eccc,ChIJV5xzMu2--F8RWQ-vfzwcJFs,2024-03-16T08:33:37Z,2024-03-16,5,ja,True,False,2026-09-28T05:30:49.356Z
ca3103ee7d194e03,ChIJV5xzMu2--F8RWQ-vfzwcJFs,2024-03-16T11:31:23Z,2024-03-16,5,ja,True,False,2026-09-28T05:30:49.356Z
11a85ec6152144bb,ChIJV5xzMu2--F8RWQ-vfzwcJFs,2024-03-16T11:40:41Z,2024-03-16,5,,False,False,2026-09-28T05:30:49.356Z
5b5c105a6ceba56d,ChIJV5xzMu2--F8RWQ-vfzwcJFs,2024-03-16T11:41:41Z,2024-03-16,4,ja,True,False,2026-09-28T05:30:49.356Z
63eda001a5b9024f,ChIJV5xzMu2--F8RWQ-vfzwcJFs,2024-03-17T00:53:14Z,2024-03-17,3,ja,True,False,2026-09-28T05:30:49.356Z
0888d4cc7ac16caf,ChIJV5xzMu2--F8RWQ-vfzwcJFs,2024-03-17T10:22:53Z,2024-03-17,4,ja,True,False,2026-09-28T05:30:49.356Z
b1da518f607fed4b,ChIJV5xzMu2--F8RWQ-vfzwcJFs,2024-03-18T01:02:07Z,2024-03-18,5,ja,True,False,2026-09-28T05:30:49.356Z
b72e269d94b5f0f5,ChIJV5xzMu2--F8RWQ-vfzwcJFs,2024-03-19T06:16:23Z,2024-03-19,5,,False,False,2026-09-28T05:30:49.356Z
658571fa1c7fe286,ChIJV5xzMu2--F8RWQ-vfzwcJFs,2024-03-19T22:24:43Z,2024-03-20,5,ja,True,False,2026-09-28T05:30:49.356Z
05998693fa983fdc,ChIJV5xzMu2--F8RWQ-vfzwcJFs,2024-03-20T08:12:55Z,2024-03-20,5,ja,True,False,2026-09-28T05:30:49.356Z
35af2190358d9e9c,ChIJV5xzMu2--F8RWQ-vfzwcJFs,2024-03-21T05:51:56Z,2024-03-21,4,ja,True,False,2026-09-28T05:30:49.356Z
605d55e0df4c34be,ChIJV5xzMu2--F8RWQ-vfzwcJFs,2024-03-22T02:24:54Z,2024-03-22,4,ja,True,False,2026-09-28T05:30:49.356Z
4aeaf9fb3a74a6b7,ChIJV5xzMu2--F8RWQ-vfzwcJFs,2024-03-22T10:21:15Z,2024-03-22,5,ja,True,False,2026-09-28T05:30:49.356Z
c4fdf7745223a40a,ChIJV5xzMu2--F8RWQ-vfzwcJFs,2024-03-22T13:21:32Z,2024-03-22,4,ja,True,False,2026-09-28T05:30:49.356Z
05e86b2bc40a22e5,ChIJV5xzMu2--F8RWQ-vfzwcJFs,2024-03-23T22:01:05Z,2024-03-24,3,ja,True,False,2026-09-28T05:30:49.356Z
b0a02879891b97ef,ChIJV5xzMu2--F8RWQ-vfzwcJFs,2024-03-24T12:58:19Z,2024-03-24,3,ja,True,False,2026-09-28T05:30:49.356Z
c794bf48923fc8da,ChIJV5xzMu2--F8RWQ-vfzwcJFs,2024-03-27T00:48:40Z,2024-03-27,5,ja,True,False,2026-09-28T05:30:49.356Z
9573b6e5074d532f,ChIJV5xzMu2--F8RWQ-vfzwcJFs,2024-03-29T09:28:39Z,2024-03-29,3,ja,True,False,2026-09-28T05:30:49.356Z
6baadd93f02f6291,ChIJV5xzMu2--F8RWQ-vfzwcJFs,2024-04-01T01:40:49Z,2024-04-01,4,ja,True,False,2026-09-28T05:30:49.356Z
8e59bd5b0dcbfe15,ChIJV5xzMu2--F8RWQ-vfzwcJFs,2024-04-01T10:40:54Z,2024-04-01,5,ja,True,False,2026-09-28T05:30:49.356Z
c13c30d8016f270a,ChIJV5xzMu2--F8RWQ-vfzwcJFs,2024-04-02T11:24:11Z,2024-04-02,3,ja,True,False,2026-09-28T05:30:49.356Z
849788c44cfd1bf2,ChIJV5xzMu2--F8RWQ-vfzwcJFs,2024-04-06T09:41:32Z,2024-04-06,5,en,True,False,2026-09-28T05:30:49.356Z
b79b7b553afe9b81,ChIJV5xzMu2--F8RWQ-vfzwcJFs,2024-04-07T08:57:35Z,2024-04-07,5,,False,False,2026-09-28T05:30:49.356Z
1efb15b3429bacbe,ChIJV5xzMu2--F8RWQ-vfzwcJFs,2024-04-07T22:59:48Z,2024-04-08,4,ja,True,False,2026-09-28T05:30:49.356Z
86e4212791f492d1,ChIJV5xzMu2--F8RWQ-vfzwcJFs,2024-04-08T09:24:41Z,2024-04-08,4,ja,True,False,2026-09-28T05:30:49.356Z
40d07c9503347d37,ChIJV5xzMu2--F8RWQ-vfzwcJFs,2024-04-10T07:44:19Z,2024-04-10,5,ja,True,False,2026-09-28T05:30:49.356Z
d3fa51419c812d97,ChIJV5xzMu2--F8RWQ-vfzwcJFs,2024-04-20T09:29:12Z,2024-04-20,5,,False,False,2026-09-28T05:30:49.356Z
3aeae2297f5066c0,ChIJV5xzMu2--F8RWQ-vfzwcJFs,2024-04-21T08:57:58Z,2024-04-21,5,ja,True,False,2026-09-28T05:30:49.356Z
688fe891366cc581,ChIJV5xzMu2--F8RWQ-vfzwcJFs,2024-04-21T17:00:16Z,2024-04-22,4,ja,True,False,2026-09-28T05:30:49.356Z
bc5e3ebc8675cb6c,ChIJV5xzMu2--F8RWQ-vfzwcJFs,2024-04-26T06:11:53Z,2024-04-26,5,zh-Hant,True,False,2026-09-28T05:30:49.356Z
bd500cf7886e1365,ChIJV5xzMu2--F8RWQ-vfzwcJFs,2024-04-28T01:59:23Z,2024-04-28,5,,False,False,2026-09-28T05:30:49.356Z
509449a2f20dadb3,ChIJV5xzMu2--F8RWQ-vfzwcJFs,2024-04-28T08:59:10Z,2024-04-28,4,ja,True,False,2026-09-28T05:30:49.356Z
bc9ea0a14be7929f,ChIJV5xzMu2--F8RWQ-vfzwcJFs,2024-04-30T10:28:29Z,2024-04-30,5,,False,False,2026-09-28T05:30:49.356Z
46a56714d4fa6c7a,ChIJV5xzMu2--F8RWQ-vfzwcJFs,2024-05-01T22:13:25Z,2024-05-02,4,,False,False,2026-09-28T05:30:49.356Z
f69b3eb72a348bf6,ChIJV5xzMu2--F8RWQ-vfzwcJFs,2024-05-02T12:10:46Z,2024-05-02,4,ja,True,False,2026-09-28T05:30:49.356Z
244f7764f6bf0368,ChIJV5xzMu2--F8RWQ-vfzwcJFs,2024-05-02T23:35:03Z,2024-05-03,1,ja,True,False,2026-09-28T05:30:49.356Z
14e65c53468e40a3,ChIJV5xzMu2--F8RWQ-vfzwcJFs,2024-05-03T07:46:22Z,2024-05-03,4,ja,True,False,2026-09-28T05:30:49.356Z
e640dbdfb1633db2,ChIJV5xzMu2--F8RWQ-vfzwcJFs,2024-05-03T09:09:16Z,2024-05-03,5,ja,True,False,2026-09-28T05:30:49.356Z
144b5aea52a09a81,ChIJV5xzMu2--F8RWQ-vfzwcJFs,2024-05-04T01:54:23Z,2024-05-04,4,en,True,False,2026-09-28T05:30:49.356Z
ebaa0fdd467b2cf1,ChIJV5xzMu2--F8RWQ-vfzwcJFs,2024-05-06T07:54:37Z,2024-05-06,5,,False,False,2026-09-28T05:30:49.356Z
f22828ea5401642e,ChIJV5xzMu2--F8RWQ-vfzwcJFs,2024-05-06T14:23:01Z,2024-05-06,5,ja,True,False,2026-09-28T05:30:49.356Z
b443eb0d0284267d,ChIJV5xzMu2--F8RWQ-vfzwcJFs,2024-05-08T12:39:03Z,2024-05-08,4,ja,True,False,2026-09-28T05:30:49.356Z
068e2b08848d2549,ChIJV5xzMu2--F8RWQ-vfzwcJFs,2024-05-09T06:11:45Z,2024-05-09,3,,False,False,2026-09-28T05:30:49.356Z
4a3d2a80de6c8c0f,ChIJV5xzMu2--F8RWQ-vfzwcJFs,2024-05-12T07:10:29Z,2024-05-12,2,ja,True,False,2026-09-28T05:30:49.356Z
019b1652cda7fdf1,ChIJV5xzMu2--F8RWQ-vfzwcJFs,2024-05-21T00:58:11Z,2024-05-21,5,ja,True,False,2026-09-28T05:30:49.356Z
744e36cd9dfad4be,ChIJV5xzMu2--F8RWQ-vfzwcJFs,2024-05-28T22:05:34Z,2024-05-29,4,ja,True,False,2026-09-28T05:30:49.356Z
72274143fd51d6fd,ChIJV5xzMu2--F8RWQ-vfzwcJFs,2024-05-31T06:00:38Z,2024-05-31,3,ja,True,False,2026-09-28T05:30:49.356Z
1b94ebfadbdfc2bb,ChIJV5xzMu2--F8RWQ-vfzwcJFs,2024-05-31T06:15:37Z,2024-05-31,1,,False,False,2026-09-28T05:30:49.356Z
7e8995ccf9792740,ChIJV5xzMu2--F8RWQ-vfzwcJFs,2024-06-07T18:29:54Z,2024-06-08,5,,False,False,2026-09-28T05:30:49.356Z
4de29e2f0151f680,ChIJV5xzMu2--F8RWQ-vfzwcJFs,2024-06-08T09:16:44Z,2024-06-08,2,zh-Hans,True,False,2026-09-28T05:30:49.356Z
21c52cdf77749d74,ChIJV5xzMu2--F8RWQ-vfzwcJFs,2024-06-09T11:14:51Z,2024-06-09,4,ja,True,False,2026-09-28T05:30:49.356Z
1c30abe9d19899ec,ChIJV5xzMu2--F8RWQ-vfzwcJFs,2024-06-09T11:59:05Z,2024-06-09,5,,False,False,2026-09-28T05:30:49.356Z
7484e49196766de3,ChIJV5xzMu2--F8RWQ-vfzwcJFs,2024-06-10T00:51:34Z,2024-06-10,5,en,True,False,2026-09-28T05:30:49.356Z
3f7fb0e7937f7791,ChIJV5xzMu2--F8RWQ-vfzwcJFs,2024-06-15T08:43:06Z,2024-06-15,5,ja,True,False,2026-09-28T05:30:49.356Z
8ab8a9e076b117d2,ChIJV5xzMu2--F8RWQ-vfzwcJFs,2024-06-16T00:38:34Z,2024-06-16,4,ja,True,False,2026-09-28T05:30:49.356Z
69c21dab82ce51a3,ChIJV5xzMu2--F8RWQ-vfzwcJFs,2024-06-16T13:24:19Z,2024-06-16,4,ja,True,False,2026-09-28T05:30:49.356Z
9fac46d0fcae17b8,ChIJV5xzMu2--F8RWQ-vfzwcJFs,2024-06-17T09:39:52Z,2024-06-17,4,,False,False,2026-09-28T05:30:49.356Z
05c6382eaa757c2f,ChIJV5xzMu2--F8RWQ-vfzwcJFs,2024-06-18T05:47:12Z,2024-06-18,4,,False,False,2026-09-28T05:30:49.356Z
c51b4ff8143ab0b9,ChIJV5xzMu2--F8RWQ-vfzwcJFs,2024-06-28T02:34:54Z,2024-06-28,4,ja,True,False,2026-09-28T05:30:49.356Z
2c3b5186216cf896,ChIJV5xzMu2--F8RWQ-vfzwcJFs,2024-06-30T01:12:14Z,2024-06-30,5,ja,True,False,2026-09-28T05:30:49.356Z
37dbe7a1c18f6d44,ChIJV5xzMu2--F8RWQ-vfzwcJFs,2024-06-30T02:11:31Z,2024-06-30,5,ja,True,False,2026-09-28T05:30:49.356Z
5e06631364b93bf7,ChIJV5xzMu2--F8RWQ-vfzwcJFs,2024-07-03T14:06:29Z,2024-07-03,5,ja,True,False,2026-09-28T05:30:49.356Z
fc99e0fdc5365072,ChIJV5xzMu2--F8RWQ-vfzwcJFs,2024-07-11T23:44:24Z,2024-07-12,5,zh-Hant,True,False,2026-09-28T05:30:49.356Z
34c5168936e1cd08,ChIJV5xzMu2--F8RWQ-vfzwcJFs,2024-07-12T10:51:41Z,2024-07-12,5,zh-Hant,True,False,2026-09-28T05:30:49.356Z
b168a9d4bc31ec3d,ChIJV5xzMu2--F8RWQ-vfzwcJFs,2024-07-16T08:36:42Z,2024-07-16,4,ja,True,False,2026-09-28T05:30:49.356Z
5d1cc12bc13d3dd1,ChIJV5xzMu2--F8RWQ-vfzwcJFs,2024-07-29T17:06:03Z,2024-07-30,5,en,True,False,2026-09-28T05:30:49.356Z
e4b4fb59adeaf2c0,ChIJV5xzMu2--F8RWQ-vfzwcJFs,2024-07-31T12:36:18Z,2024-07-31,4,ja,True,False,2026-09-28T05:30:49.356Z
8c8cb8aa6a150ea7,ChIJV5xzMu2--F8RWQ-vfzwcJFs,2024-08-01T12:27:26Z,2024-08-01,3,ja,True,False,2026-09-28T05:30:49.356Z
b9e983324f4cf488,ChIJV5xzMu2--F8RWQ-vfzwcJFs,2024-08-04T05:09:41Z,2024-08-04,3,ja,True,False,2026-09-28T05:30:49.356Z
dcc1c9ade6bb8b6d,ChIJV5xzMu2--F8RWQ-vfzwcJFs,2024-08-04T09:45:45Z,2024-08-04,5,zh-Hant,True,False,2026-09-28T05:30:49.356Z
47655fc8b268b6c1,ChIJV5xzMu2--F8RWQ-vfzwcJFs,2024-08-05T21:52:29Z,2024-08-06,5,ja,True,False,2026-09-28T05:30:49.356Z
d639678d63432af9,ChIJV5xzMu2--F8RWQ-vfzwcJFs,2024-08-07T12:19:13Z,2024-08-07,4,ja,True,False,2026-09-28T05:30:49.356Z
63398372f23ca83c,ChIJV5xzMu2--F8RWQ-vfzwcJFs,2024-08-10T12:09:09Z,2024-08-10,4,ja,True,False,2026-09-28T05:30:49.356Z
3a351ba7869bfb90,ChIJV5xzMu2--F8RWQ-vfzwcJFs,2024-08-13T05:24:16Z,2024-08-13,4,,False,False,2026-09-28T05:30:49.356Z
36bc415bcdbf7807,ChIJV5xzMu2--F8RWQ-vfzwcJFs,2024-08-16T04:52:17Z,2024-08-16,4,,False,False,2026-09-28T05:30:49.356Z
b143f88ada70bef0,ChIJV5xzMu2--F8RWQ-vfzwcJFs,2024-08-23T08:10:33Z,2024-08-23,5,zh-Hant,True,False,2026-09-28T05:30:49.356Z
d7da7556a6b991dc,ChIJV5xzMu2--F8RWQ-vfzwcJFs,2024-08-27T09:55:41Z,2024-08-27,5,,False,False,2026-09-28T05:30:49.356Z
003f84f1d05f5f6e,ChIJV5xzMu2--F8RWQ-vfzwcJFs,2024-08-30T06:49:13Z,2024-08-30,5,ja,True,False,2026-09-28T05:30:49.356Z
44b17877c2452ae5,ChIJV5xzMu2--F8RWQ-vfzwcJFs,2024-09-07T03:16:28Z,2024-09-07,3,ja,True,False,2026-09-28T05:30:49.356Z
df3461ee80bc6310,ChIJV5xzMu2--F8RWQ-vfzwcJFs,2024-09-08T04:22:25Z,2024-09-08,1,ja,True,False,2026-09-28T05:30:49.356Z
63e453f8eba04218,ChIJV5xzMu2--F8RWQ-vfzwcJFs,2024-09-08T05:35:48Z,2024-09-08,3,ja,True,False,2026-09-28T05:30:49.356Z
dc7d43c9c6fe61f8,ChIJV5xzMu2--F8RWQ-vfzwcJFs,2024-09-12T09:41:33Z,2024-09-12,3,ja,True,False,2026-09-28T05:30:49.356Z
1065315b187f7f6e,ChIJV5xzMu2--F8RWQ-vfzwcJFs,2024-09-13T13:09:36Z,2024-09-13,5,ja,True,False,2026-09-28T05:30:49.356Z
8b8d952a62079115,ChIJV5xzMu2--F8RWQ-vfzwcJFs,2024-09-17T08:41:56Z,2024-09-17,5,ja,True,False,2026-09-28T05:30:49.356Z
3780da7801a955fd,ChIJV5xzMu2--F8RWQ-vfzwcJFs,2024-09-19T12:08:28Z,2024-09-19,5,ja,True,False,2026-09-28T05:30:49.356Z
97f4546289491cb3,ChIJV5xzMu2--F8RWQ-vfzwcJFs,2024-09-20T06:20:11Z,2024-09-20,3,,False,False,2026-09-28T05:30:49.356Z
4f34da7f65179479,ChIJV5xzMu2--F8RWQ-vfzwcJFs,2024-09-23T08:11:37Z,2024-09-23,5,zh-Hant,True,False,2026-09-28T05:30:49.356Z
43622398d453483d,ChIJV5xzMu2--F8RWQ-vfzwcJFs,2024-09-24T13:04:12Z,2024-09-24,4,,False,False,2026-09-28T05:30:49.356Z
ab7d5848e62d1cb5,ChIJV5xzMu2--F8RWQ-vfzwcJFs,2024-09-29T04:49:32Z,2024-09-29,5,,False,False,2026-09-28T05:30:49.356Z
c647fd335cee135e,ChIJV5xzMu2--F8RWQ-vfzwcJFs,2024-10-03T06:35:41Z,2024-10-03,4,ja,True,False,2026-09-28T05:30:49.356Z
0b9769910b6623b7,ChIJV5xzMu2--F8RWQ-vfzwcJFs,2024-10-04T01:11:03Z,2024-10-04,3,ja,True,False,2026-09-28T05:30:49.356Z
84c907626c111c66,ChIJV5xzMu2--F8RWQ-vfzwcJFs,2024-10-08T22:18:06Z,2024-10-09,3,,False,False,2026-09-28T05:30:49.356Z
8badd6b58985391f,ChIJV5xzMu2--F8RWQ-vfzwcJFs,2024-10-14T09:45:13Z,2024-10-14,4,,False,False,2026-09-28T05:30:49.356Z
9d7edccff3c3d025,ChIJV5xzMu2--F8RWQ-vfzwcJFs,2024-10-16T12:23:08Z,2024-10-16,3,,False,False,2026-09-28T05:30:49.356Z
79256d0e7e39bf6d,ChIJV5xzMu2--F8RWQ-vfzwcJFs,2024-10-19T12:14:20Z,2024-10-19,5,ja,True,False,2026-09-28T05:30:49.356Z
412ceccce0f87b17,ChIJV5xzMu2--F8RWQ-vfzwcJFs,2024-10-21T00:42:54Z,2024-10-21,3,ja,True,False,2026-09-28T05:30:49.356Z
7e9032082fae6d0d,ChIJV5xzMu2--F8RWQ-vfzwcJFs,2024-10-22T07:01:49Z,2024-10-22,5,ja,True,False,2026-09-28T05:30:49.356Z
e262f4c7f60a9b64,ChIJV5xzMu2--F8RWQ-vfzwcJFs,2024-11-06T09:08:13Z,2024-11-06,5,ko,True,False,2026-09-28T05:30:49.356Z
752c154d0b458e30,ChIJV5xzMu2--F8RWQ-vfzwcJFs,2024-11-07T05:34:26Z,2024-11-07,4,,False,False,2026-09-28T05:30:49.356Z
3f041f317e99ae2a,ChIJV5xzMu2--F8RWQ-vfzwcJFs,2024-11-08T12:04:38Z,2024-11-08,5,ja,True,False,2026-09-28T05:30:49.356Z
9c96ee906c103563,ChIJV5xzMu2--F8RWQ-vfzwcJFs,2024-11-11T12:38:18Z,2024-11-11,4,,False,False,2026-09-28T05:30:49.356Z
8be87fb539d98497,ChIJV5xzMu2--F8RWQ-vfzwcJFs,2024-11-20T10:10:25Z,2024-11-20,5,,False,False,2026-09-28T05:30:49.356Z
109837156541839c,ChIJV5xzMu2--F8RWQ-vfzwcJFs,2024-11-23T06:33:50Z,2024-11-23,5,,False,False,2026-09-28T05:30:49.356Z
dedbc96ae23dc113,ChIJV5xzMu2--F8RWQ-vfzwcJFs,2024-11-23T11:11:39Z,2024-11-23,5,,False,False,2026-09-28T05:30:49.356Z
ff6ff19793c034c0,ChIJV5xzMu2--F8RWQ-vfzwcJFs,2024-11-23T14:52:59Z,2024-11-23,3,,False,False,2026-09-28T05:30:49.356Z
2c2f8d3df1992910,ChIJV5xzMu2--F8RWQ-vfzwcJFs,2024-11-26T08:13:03Z,2024-11-26,4,,False,False,2026-09-28T05:30:49.356Z
2f29a5f7915536a8,ChIJV5xzMu2--F8RWQ-vfzwcJFs,2024-12-01T06:44:27Z,2024-12-01,4,ja,True,False,2026-09-28T05:30:49.356Z
f19b1bce73f9e9ff,ChIJV5xzMu2--F8RWQ-vfzwcJFs,2024-12-03T15:49:53Z,2024-12-04,4,ja,True,False,2026-09-28T05:30:49.356Z
7d7d6938e185b2f3,ChIJV5xzMu2--F8RWQ-vfzwcJFs,2024-12-03T23:45:31Z,2024-12-04,4,,False,False,2026-09-28T05:30:49.356Z
2be87757679d161a,ChIJV5xzMu2--F8RWQ-vfzwcJFs,2024-12-04T16:01:06Z,2024-12-05,3,,False,False,2026-09-28T05:30:49.356Z
038c10984cabed04,ChIJV5xzMu2--F8RWQ-vfzwcJFs,2024-12-07T06:22:51Z,2024-12-07,5,,False,False,2026-09-28T05:30:49.356Z
0177d5f8220fed11,ChIJV5xzMu2--F8RWQ-vfzwcJFs,2024-12-13T05:13:13Z,2024-12-13,5,,False,False,2026-09-28T05:30:49.356Z
1f138c4397a452f2,ChIJV5xzMu2--F8RWQ-vfzwcJFs,2024-12-24T06:46:54Z,2024-12-24,5,ja,True,False,2026-09-28T05:30:49.356Z
533b0e6d83bf8904,ChIJV5xzMu2--F8RWQ-vfzwcJFs,2024-12-29T03:14:55Z,2024-12-29,5,zh-Hant,True,False,2026-09-28T05:30:49.356Z
f7e3bc2ad3033648,ChIJV5xzMu2--F8RWQ-vfzwcJFs,2024-12-29T05:10:44Z,2024-12-29,4,,False,False,2026-09-28T05:30:49.356Z
f718645203e7fd92,ChIJV5xzMu2--F8RWQ-vfzwcJFs,2025-01-05T08:57:08Z,2025-01-05,5,ja,True,False,2026-09-28T05:30:49.356Z
cc478981cbc49cdd,ChIJV5xzMu2--F8RWQ-vfzwcJFs,2025-01-07T03:37:44Z,2025-01-07,4,ja,True,False,2026-09-28T05:30:49.356Z
36362d5cbc1b4d53,ChIJV5xzMu2--F8RWQ-vfzwcJFs,2025-01-08T03:58:39Z,2025-01-08,3,,False,False,2026-09-28T05:30:49.356Z
2b97baa61ad79699,ChIJV5xzMu2--F8RWQ-vfzwcJFs,2025-01-11T23:52:34Z,2025-01-12,5,ja,True,False,2026-09-28T05:30:49.356Z
723ec53b409a6dfc,ChIJV5xzMu2--F8RWQ-vfzwcJFs,2025-01-16T06:03:03Z,2025-01-16,4,en,True,False,2026-09-28T05:30:49.356Z
83855be59c953298,ChIJV5xzMu2--F8RWQ-vfzwcJFs,2025-01-20T02:18:46Z,2025-01-20,3,ja,True,False,2026-09-28T05:30:49.356Z
b7c4f616d905b494,ChIJV5xzMu2--F8RWQ-vfzwcJFs,2025-02-08T23:12:06Z,2025-02-09,1,en,True,False,2026-09-28T05:30:49.356Z
06296fbcaf0015a5,ChIJV5xzMu2--F8RWQ-vfzwcJFs,2025-02-20T11:45:39Z,2025-02-20,5,ja,True,False,2026-09-28T05:30:49.356Z
e370d1f578b0162f,ChIJV5xzMu2--F8RWQ-vfzwcJFs,2025-02-22T07:38:37Z,2025-02-22,4,ja,True,False,2026-09-28T05:30:49.356Z
0dbf2330e0df50b0,ChIJV5xzMu2--F8RWQ-vfzwcJFs,2025-02-23T02:20:14Z,2025-02-23,1,,False,False,2026-09-28T05:30:49.356Z
2920462b86258b1b,ChIJV5xzMu2--F8RWQ-vfzwcJFs,2025-03-01T12:39:12Z,2025-03-01,5,ko,True,False,2026-09-28T05:30:49.356Z
96956237303c68ee,ChIJV5xzMu2--F8RWQ-vfzwcJFs,2025-03-02T07:11:00Z,2025-03-02,5,ja,True,False,2026-09-28T05:30:49.356Z
eb296c20caf512ed,ChIJV5xzMu2--F8RWQ-vfzwcJFs,2025-03-03T16:31:12Z,2025-03-04,4,,False,False,2026-09-28T05:30:49.356Z
2dec22da163959c5,ChIJV5xzMu2--F8RWQ-vfzwcJFs,2025-03-06T11:47:50Z,2025-03-06,5,ja,True,False,2026-09-28T05:30:49.356Z
5c1ed812728352e0,ChIJV5xzMu2--F8RWQ-vfzwcJFs,2025-03-09T00:41:40Z,2025-03-09,3,,False,False,2026-09-28T05:30:49.356Z
cdd7d89ad395a300,ChIJV5xzMu2--F8RWQ-vfzwcJFs,2025-03-10T12:22:07Z,2025-03-10,5,en,True,False,2026-09-28T05:30:49.356Z
378f36cffb583f9c,ChIJV5xzMu2--F8RWQ-vfzwcJFs,2025-03-11T08:53:48Z,2025-03-11,5,ja,True,False,2026-09-28T05:30:49.356Z
2e3dc48ef653c096,ChIJV5xzMu2--F8RWQ-vfzwcJFs,2025-03-13T05:03:18Z,2025-03-13,5,en,True,False,2026-09-28T05:30:49.356Z
1ec34dcef837da3d,ChIJV5xzMu2--F8RWQ-vfzwcJFs,2025-03-13T07:48:27Z,2025-03-13,3,ja,True,False,2026-09-28T05:30:49.356Z
790ef4eeb66d8fb7,ChIJV5xzMu2--F8RWQ-vfzwcJFs,2025-03-24T08:38:10Z,2025-03-24,5,en,True,False,2026-09-28T05:30:49.356Z
dc5761fc344fca06,ChIJV5xzMu2--F8RWQ-vfzwcJFs,2025-03-28T18:55:19Z,2025-03-29,4,ja,True,False,2026-09-28T05:30:49.356Z
a51786b6979ee17e,ChIJV5xzMu2--F8RWQ-vfzwcJFs,2025-04-06T12:13:02Z,2025-04-06,5,ja,True,False,2026-09-28T05:30:49.356Z
fe7bf697aa5d8e88,ChIJV5xzMu2--F8RWQ-vfzwcJFs,2025-04-06T19:23:19Z,2025-04-07,1,,False,False,2026-09-28T05:30:49.356Z
d5a5d2f1397b42b5,ChIJV5xzMu2--F8RWQ-vfzwcJFs,2025-04-06T19:38:21Z,2025-04-07,1,,False,False,2026-09-28T05:30:49.356Z
56960fe85e94169a,ChIJV5xzMu2--F8RWQ-vfzwcJFs,2025-04-07T11:22:32Z,2025-04-07,5,en,True,False,2026-09-28T05:30:49.356Z
500f012f7a832908,ChIJV5xzMu2--F8RWQ-vfzwcJFs,2025-04-10T08:54:55Z,2025-04-10,4,en,True,False,2026-09-28T05:30:49.356Z
b83701f2913ef2ee,ChIJV5xzMu2--F8RWQ-vfzwcJFs,2025-04-13T05:20:08Z,2025-04-13,5,zh-Hant,True,False,2026-09-28T05:30:49.356Z
09bc24e99267abcf,ChIJV5xzMu2--F8RWQ-vfzwcJFs,2025-04-18T22:05:29Z,2025-04-19,4,ja,True,False,2026-09-28T05:30:49.356Z
3206fd4c1d6e5d53,ChIJV5xzMu2--F8RWQ-vfzwcJFs,2025-04-23T06:19:13Z,2025-04-23,5,ja,True,False,2026-09-28T05:30:49.356Z
b96d899437f5997c,ChIJV5xzMu2--F8RWQ-vfzwcJFs,2025-05-02T20:47:27Z,2025-05-03,5,,False,False,2026-09-28T05:30:49.356Z
30b2d56d27773e0f,ChIJV5xzMu2--F8RWQ-vfzwcJFs,2025-05-05T09:22:38Z,2025-05-05,3,ja,True,False,2026-09-28T05:30:49.356Z
e9afc56fa5131a23,ChIJV5xzMu2--F8RWQ-vfzwcJFs,2025-05-06T03:39:05Z,2025-05-06,4,ja,True,False,2026-09-28T05:30:49.356Z
11dae042e1aae679,ChIJV5xzMu2--F8RWQ-vfzwcJFs,2025-05-07T00:38:35Z,2025-05-07,5,zh-Hant,True,False,2026-09-28T05:30:49.356Z
cfac6633bfafa9ab,ChIJV5xzMu2--F8RWQ-vfzwcJFs,2025-05-11T00:39:50Z,2025-05-11,5,ja,True,False,2026-09-28T05:30:49.356Z
4a8a7937bd1fcf6c,ChIJV5xzMu2--F8RWQ-vfzwcJFs,2025-05-15T06:43:35Z,2025-05-15,4,ja,True,False,2026-09-28T05:30:49.356Z
36b15f820738013a,ChIJV5xzMu2--F8RWQ-vfzwcJFs,2025-05-17T21:01:21Z,2025-05-18,4,ja,True,False,2026-09-28T05:30:49.356Z
2a7652a6b82c0db0,ChIJV5xzMu2--F8RWQ-vfzwcJFs,2025-05-18T12:01:25Z,2025-05-18,4,ja,True,False,2026-09-28T05:30:49.356Z
3bf201361cce32e8,ChIJV5xzMu2--F8RWQ-vfzwcJFs,2025-05-24T01:33:20Z,2025-05-24,5,,False,False,2026-09-28T05:30:49.356Z
4d8ac6fd6d691909,ChIJV5xzMu2--F8RWQ-vfzwcJFs,2025-05-25T09:51:15Z,2025-05-25,3,,False,False,2026-09-28T05:30:49.356Z
796ef00da66bacd4,ChIJV5xzMu2--F8RWQ-vfzwcJFs,2025-05-25T11:37:51Z,2025-05-25,5,en,True,False,2026-09-28T05:30:49.356Z
7cf46b591ac96df2,ChIJV5xzMu2--F8RWQ-vfzwcJFs,2025-05-27T23:10:21Z,2025-05-28,3,ja,True,False,2026-09-28T05:30:49.356Z
ad2089de3d7133a9,ChIJV5xzMu2--F8RWQ-vfzwcJFs,2025-05-30T11:24:32Z,2025-05-30,5,en,True,False,2026-09-28T05:30:49.356Z
7c425f993168d2d0,ChIJV5xzMu2--F8RWQ-vfzwcJFs,2025-06-03T12:25:05Z,2025-06-03,4,zh-Hant,True,False,2026-09-28T05:30:49.356Z
a2784885e02903e0,ChIJV5xzMu2--F8RWQ-vfzwcJFs,2025-06-29T13:48:43Z,2025-06-29,3,pt,True,False,2026-09-28T05:30:49.356Z
2268483ec20a1871,ChIJV5xzMu2--F8RWQ-vfzwcJFs,2025-07-05T00:59:53Z,2025-07-05,4,ja,True,False,2026-09-28T05:30:49.356Z
0d19c9ee7ce47610,ChIJV5xzMu2--F8RWQ-vfzwcJFs,2025-07-09T05:45:56Z,2025-07-09,5,ja,True,False,2026-09-28T05:30:49.356Z
6302f88fc53ba6ac,ChIJV5xzMu2--F8RWQ-vfzwcJFs,2025-07-10T13:48:26Z,2025-07-10,5,,False,False,2026-09-28T05:30:49.356Z
73aaacb84c17ac6c,ChIJV5xzMu2--F8RWQ-vfzwcJFs,2025-07-27T17:44:27Z,2025-07-28,5,ja,True,False,2026-09-28T05:30:49.356Z
2c09754dd966e2df,ChIJV5xzMu2--F8RWQ-vfzwcJFs,2025-08-05T15:14:26Z,2025-08-06,5,ja,True,False,2026-09-28T05:30:49.356Z
03311f23a6a427b0,ChIJV5xzMu2--F8RWQ-vfzwcJFs,2025-08-15T04:22:08Z,2025-08-15,5,,False,False,2026-09-28T05:30:49.356Z
2a69485563183843,ChIJV5xzMu2--F8RWQ-vfzwcJFs,2025-08-15T06:26:12Z,2025-08-15,5,,False,False,2026-09-28T05:30:49.356Z
5eaa867fe6be3716,ChIJV5xzMu2--F8RWQ-vfzwcJFs,2025-08-16T09:44:15Z,2025-08-16,5,ja,True,False,2026-09-28T05:30:49.356Z
79b25a7e1dc10e85,ChIJV5xzMu2--F8RWQ-vfzwcJFs,2025-08-21T09:24:22Z,2025-08-21,4,ja,True,False,2026-09-28T05:30:49.356Z
9547c946d22612ee,ChIJV5xzMu2--F8RWQ-vfzwcJFs,2025-08-22T23:42:52Z,2025-08-23,1,ja,True,False,2026-09-28T05:30:49.356Z
91769d53e6ae8d3d,ChIJV5xzMu2--F8RWQ-vfzwcJFs,2025-08-27T02:19:18Z,2025-08-27,4,pl,True,False,2026-09-28T05:30:49.356Z
08b85222bdfc73ca,ChIJV5xzMu2--F8RWQ-vfzwcJFs,2025-08-28T03:49:31Z,2025-08-28,3,ja,True,False,2026-09-28T05:30:49.356Z
52abf9191e75f197,ChIJV5xzMu2--F8RWQ-vfzwcJFs,2025-08-31T02:48:05Z,2025-08-31,3,,False,False,2026-09-28T05:30:49.356Z
213028eecc94e72b,ChIJV5xzMu2--F8RWQ-vfzwcJFs,2025-09-03T11:18:23Z,2025-09-03,5,ja,True,False,2026-09-28T05:30:49.356Z
e853009ad78a7633,ChIJV5xzMu2--F8RWQ-vfzwcJFs,2025-09-10T02:59:01Z,2025-09-10,5,,False,False,2026-09-28T05:30:49.356Z
d0762bbd030b321f,ChIJV5xzMu2--F8RWQ-vfzwcJFs,2025-09-10T14:15:47Z,2025-09-10,4,,False,False,2026-09-28T05:30:49.356Z
8b3334122c45ed47,ChIJV5xzMu2--F8RWQ-vfzwcJFs,2025-09-13T11:05:49Z,2025-09-13,4,,False,False,2026-09-28T05:30:49.356Z
a94a1d0a3d3b434c,ChIJV5xzMu2--F8RWQ-vfzwcJFs,2025-09-14T11:16:40Z,2025-09-14,4,ja,True,False,2026-09-28T05:30:49.356Z
bb7e290e65604b2a,ChIJV5xzMu2--F8RWQ-vfzwcJFs,2025-09-15T10:18:54Z,2025-09-15,5,ja,True,False,2026-09-28T05:30:49.356Z
5cdb9de46da18a6b,ChIJV5xzMu2--F8RWQ-vfzwcJFs,2025-10-01T03:08:38Z,2025-10-01,1,ja,True,False,2026-09-28T05:30:49.356Z
0bbd802df8d5cc39,ChIJV5xzMu2--F8RWQ-vfzwcJFs,2025-10-10T13:42:29Z,2025-10-10,5,,False,False,2026-09-28T05:30:49.356Z
070dafdbaf442963,ChIJV5xzMu2--F8RWQ-vfzwcJFs,2025-10-17T03:40:44Z,2025-10-17,4,ja,True,False,2026-09-28T05:30:49.356Z
dccc6f22d37786a5,ChIJV5xzMu2--F8RWQ-vfzwcJFs,2025-10-20T12:39:40Z,2025-10-20,5,,False,False,2026-09-28T05:30:49.356Z
c72997fcec9b8fb6,ChIJV5xzMu2--F8RWQ-vfzwcJFs,2025-10-24T00:43:14Z,2025-10-24,4,,False,False,2026-09-28T05:30:49.356Z
3def8b23bbf73962,ChIJV5xzMu2--F8RWQ-vfzwcJFs,2025-10-29T01:40:53Z,2025-10-29,5,,False,False,2026-09-28T05:30:49.356Z
ae2db23aa07f3d9a,ChIJV5xzMu2--F8RWQ-vfzwcJFs,2025-11-01T02:36:24Z,2025-11-01,5,ja,True,False,2026-09-28T05:30:49.356Z
6207086f8e2130e1,ChIJV5xzMu2--F8RWQ-vfzwcJFs,2025-11-02T02:09:13Z,2025-11-02,5,ja,True,False,2026-09-28T05:30:49.356Z
4f48e27b1a0847d9,ChIJV5xzMu2--F8RWQ-vfzwcJFs,2025-11-06T21:36:06Z,2025-11-07,5,,False,False,2026-09-28T05:30:49.356Z
daab540ed1ab5c23,ChIJV5xzMu2--F8RWQ-vfzwcJFs,2025-11-07T04:24:29Z,2025-11-07,4,ja,True,False,2026-09-28T05:30:49.356Z
eaa7c9d227d4dcd7,ChIJV5xzMu2--F8RWQ-vfzwcJFs,2025-11-08T00:47:33Z,2025-11-08,5,en,True,False,2026-09-28T05:30:49.356Z
0ce9291753aa4a3b,ChIJV5xzMu2--F8RWQ-vfzwcJFs,2025-11-09T06:33:47Z,2025-11-09,5,,False,False,2026-09-28T05:30:49.356Z
f07ae38aaecf3e02,ChIJV5xzMu2--F8RWQ-vfzwcJFs,2025-11-19T01:19:24Z,2025-11-19,5,zh-Hant,True,False,2026-09-28T05:30:49.356Z
fd937756e9508f33,ChIJV5xzMu2--F8RWQ-vfzwcJFs,2025-11-20T23:56:27Z,2025-11-21,5,ja,True,False,2026-09-28T05:30:49.356Z
d21dfb126871e725,ChIJV5xzMu2--F8RWQ-vfzwcJFs,2025-11-23T01:17:55Z,2025-11-23,5,ja,True,False,2026-09-28T05:30:49.356Z
76f8f11ac667b490,ChIJV5xzMu2--F8RWQ-vfzwcJFs,2025-11-25T12:56:23Z,2025-11-25,3,,False,False,2026-09-28T05:30:49.356Z
7b92fe6a523c4e7d,ChIJV5xzMu2--F8RWQ-vfzwcJFs,2025-11-27T08:14:21Z,2025-11-27,4,ja,True,False,2026-09-28T05:30:49.356Z
3d97d904840b14b5,ChIJV5xzMu2--F8RWQ-vfzwcJFs,2025-12-14T14:47:51Z,2025-12-14,5,zh-Hant,True,False,2026-09-28T05:30:49.356Z
e0b3bda4840a0f54,ChIJV5xzMu2--F8RWQ-vfzwcJFs,2025-12-16T00:13:06Z,2025-12-16,5,en,True,False,2026-09-28T05:30:49.356Z
f9fdeb582238fc80,ChIJV5xzMu2--F8RWQ-vfzwcJFs,2025-12-21T11:09:48Z,2025-12-21,5,,False,False,2026-09-28T05:30:49.356Z
f30ea8b9f2bf7930,ChIJV5xzMu2--F8RWQ-vfzwcJFs,2025-12-30T04:56:24Z,2025-12-30,3,,False,False,2026-09-28T05:30:49.356Z
a15314c47256c470,ChIJV5xzMu2--F8RWQ-vfzwcJFs,2026-01-01T03:38:53Z,2026-01-01,3,,False,False,2026-09-28T05:30:49.356Z
76f8b95e3eaa84e0,ChIJV5xzMu2--F8RWQ-vfzwcJFs,2026-01-02T08:32:40Z,2026-01-02,5,,False,False,2026-09-28T05:30:49.356Z
b11507f1d7c43cb7,ChIJV5xzMu2--F8RWQ-vfzwcJFs,2026-01-05T07:18:40Z,2026-01-05,4,,False,False,2026-09-28T05:30:49.356Z
9a5d26bb92121332,ChIJV5xzMu2--F8RWQ-vfzwcJFs,2026-01-10T11:41:40Z,2026-01-10,4,ja,True,False,2026-09-28T05:30:49.356Z
1c35f641ea448429,ChIJV5xzMu2--F8RWQ-vfzwcJFs,2026-01-11T05:26:28Z,2026-01-11,4,ja,True,False,2026-09-28T05:30:49.356Z
0b508af065cd7065,ChIJV5xzMu2--F8RWQ-vfzwcJFs,2026-01-14T13:55:00Z,2026-01-14,5,zh-Hant,True,False,2026-09-28T05:30:49.356Z
e17f945ec04b3c87,ChIJV5xzMu2--F8RWQ-vfzwcJFs,2026-01-17T22:58:00Z,2026-01-18,4,ja,True,False,2026-09-28T05:30:49.356Z
c6e824559c015b27,ChIJV5xzMu2--F8RWQ-vfzwcJFs,2026-02-02T11:57:25Z,2026-02-02,5,,False,False,2026-09-28T05:30:49.356Z
89baf4d8349662e0,ChIJV5xzMu2--F8RWQ-vfzwcJFs,2026-02-05T07:13:13Z,2026-02-05,5,ja,True,False,2026-09-28T05:30:49.356Z
cc32e497d80ab3a0,ChIJV5xzMu2--F8RWQ-vfzwcJFs,2026-02-08T00:10:04Z,2026-02-08,5,ja,True,False,2026-09-28T05:30:49.356Z
302d677c5a76620f,ChIJV5xzMu2--F8RWQ-vfzwcJFs,2026-02-15T00:25:03Z,2026-02-15,5,zh-Hant,True,False,2026-09-28T05:30:49.356Z
c2c97006fcfdd909,ChIJV5xzMu2--F8RWQ-vfzwcJFs,2026-02-18T10:46:40Z,2026-02-18,5,ja,True,False,2026-09-28T05:30:49.356Z
4019cdeb63c40d64,ChIJV5xzMu2--F8RWQ-vfzwcJFs,2026-02-18T14:15:09Z,2026-02-18,5,,False,False,2026-09-28T05:30:49.356Z
6a8cf9ef6a3071cd,ChIJV5xzMu2--F8RWQ-vfzwcJFs,2026-02-26T00:39:33Z,2026-02-26,5,ja,True,False,2026-09-28T05:30:49.356Z
06b7c8c0135e56e4,ChIJV5xzMu2--F8RWQ-vfzwcJFs,2026-03-04T06:53:54Z,2026-03-04,1,ja,True,False,2026-09-28T05:30:49.356Z
92ac70847a7b94c8,ChIJV5xzMu2--F8RWQ-vfzwcJFs,2026-03-05T04:08:55Z,2026-03-05,5,zh-Hant,True,False,2026-09-28T05:30:49.356Z
8b0dd8637e4b6163,ChIJV5xzMu2--F8RWQ-vfzwcJFs,2026-03-07T11:35:08Z,2026-03-07,5,ja,True,False,2026-09-28T05:30:49.356Z
373e297824730e06,ChIJV5xzMu2--F8RWQ-vfzwcJFs,2026-03-12T02:56:55Z,2026-03-12,4,ja,True,False,2026-09-28T05:30:49.356Z
7a66b8e76378b7b6,ChIJV5xzMu2--F8RWQ-vfzwcJFs,2026-03-14T12:52:27Z,2026-03-14,3,,False,False,2026-09-28T05:30:49.356Z
1e4539763c17e03c,ChIJV5xzMu2--F8RWQ-vfzwcJFs,2026-03-15T10:26:07Z,2026-03-15,5,en,True,False,2026-09-28T05:30:49.356Z
f3107f75fa02c533,ChIJV5xzMu2--F8RWQ-vfzwcJFs,2026-03-15T16:52:29Z,2026-03-16,1,ja,True,False,2026-09-28T05:30:49.356Z
553a01a760681da5,ChIJV5xzMu2--F8RWQ-vfzwcJFs,2026-03-21T13:01:53Z,2026-03-21,5,ja,True,False,2026-09-28T05:30:49.356Z
b856f89ab00604ae,ChIJV5xzMu2--F8RWQ-vfzwcJFs,2026-03-24T07:32:29Z,2026-03-24,4,,False,False,2026-09-28T05:30:49.356Z
cf0cf50396eb0070,ChIJV5xzMu2--F8RWQ-vfzwcJFs,2026-03-24T09:54:10Z,2026-03-24,4,ja,True,False,2026-09-28T05:30:49.356Z
7667cff2ddf519bf,ChIJV5xzMu2--F8RWQ-vfzwcJFs,2026-03-27T23:38:18Z,2026-03-28,4,,False,False,2026-09-28T05:30:49.356Z
a4677dbb74bdc9d7,ChIJV5xzMu2--F8RWQ-vfzwcJFs,2026-04-01T07:53:20Z,2026-04-01,4,,False,False,2026-09-28T05:30:49.356Z
36da82b5e39340c1,ChIJV5xzMu2--F8RWQ-vfzwcJFs,2026-04-01T12:52:14Z,2026-04-01,4,ja,True,False,2026-09-28T05:30:49.356Z
c3068f1ed6fc1c85,ChIJV5xzMu2--F8RWQ-vfzwcJFs,2026-04-02T12:45:26Z,2026-04-02,4,,False,False,2026-09-28T05:30:49.356Z
f9f76e8518e72062,ChIJV5xzMu2--F8RWQ-vfzwcJFs,2026-04-02T14:41:33Z,2026-04-02,3,,False,False,2026-09-28T05:30:49.356Z
0078d0d8be3306e7,ChIJV5xzMu2--F8RWQ-vfzwcJFs,2026-04-03T12:41:07Z,2026-04-03,4,ja,True,False,2026-09-28T05:30:49.356Z
86ef7f318f9d380f,ChIJV5xzMu2--F8RWQ-vfzwcJFs,2026-04-03T17:33:37Z,2026-04-04,4,,False,False,2026-09-28T05:30:49.356Z
77e40ab773bcfda5,ChIJV5xzMu2--F8RWQ-vfzwcJFs,2026-04-04T13:18:29Z,2026-04-04,5,,False,False,2026-09-28T05:30:49.356Z
b1fa6215aba5d2c5,ChIJV5xzMu2--F8RWQ-vfzwcJFs,2026-04-04T19:33:20Z,2026-04-05,5,,False,False,2026-09-28T05:30:49.356Z
dc84636526332f18,ChIJV5xzMu2--F8RWQ-vfzwcJFs,2026-04-04T22:14:19Z,2026-04-05,4,,False,False,2026-09-28T05:30:49.356Z
5f719a5d629ab2b3,ChIJV5xzMu2--F8RWQ-vfzwcJFs,2026-04-05T03:40:30Z,2026-04-05,4,,False,False,2026-09-28T05:30:49.356Z
8492f5bdddd687a9,ChIJV5xzMu2--F8RWQ-vfzwcJFs,2026-04-05T12:10:52Z,2026-04-05,3,ja,True,False,2026-09-28T05:30:49.356Z
9eb0bc2a7dd88cf3,ChIJV5xzMu2--F8RWQ-vfzwcJFs,2026-04-06T03:53:48Z,2026-04-06,4,ja,True,False,2026-09-28T05:30:49.356Z
4c883b42eda10e3a,ChIJV5xzMu2--F8RWQ-vfzwcJFs,2026-04-07T02:41:59Z,2026-04-07,5,ja,True,False,2026-09-28T05:30:49.356Z
f4f1ab66e0e37393,ChIJV5xzMu2--F8RWQ-vfzwcJFs,2026-04-07T20:37:12Z,2026-04-08,3,,False,False,2026-09-28T05:30:49.356Z
a976a675b72b9885,ChIJV5xzMu2--F8RWQ-vfzwcJFs,2026-04-08T12:41:23Z,2026-04-08,4,zh-Hans,True,False,2026-09-28T05:30:49.356Z
d82b73a6a3aa0aaa,ChIJV5xzMu2--F8RWQ-vfzwcJFs,2026-04-10T01:37:18Z,2026-04-10,5,ja,True,False,2026-09-28T05:30:49.356Z
9ba8d8fb0d5acb10,ChIJV5xzMu2--F8RWQ-vfzwcJFs,2026-04-11T10:44:40Z,2026-04-11,5,,False,False,2026-09-28T05:30:49.356Z
b7912467a2f7b8be,ChIJV5xzMu2--F8RWQ-vfzwcJFs,2026-04-11T10:45:00Z,2026-04-11,5,ja,True,False,2026-09-28T05:30:49.356Z
ec2b36e4dabf9a9e,ChIJV5xzMu2--F8RWQ-vfzwcJFs,2026-04-12T12:35:57Z,2026-04-12,5,,False,False,2026-09-28T05:30:49.356Z
f406847e51e8e660,ChIJV5xzMu2--F8RWQ-vfzwcJFs,2026-04-13T01:53:18Z,2026-04-13,4,,False,False,2026-09-28T05:30:49.356Z
e78a526e9a7a2cb9,ChIJV5xzMu2--F8RWQ-vfzwcJFs,2026-04-13T06:05:46Z,2026-04-13,5,zh-Hant,True,False,2026-09-28T05:30:49.356Z
7ccde900e334b850,ChIJV5xzMu2--F8RWQ-vfzwcJFs,2026-04-13T09:55:43Z,2026-04-13,5,,False,False,2026-09-28T05:30:49.356Z
ef17ef7c1be1acce,ChIJV5xzMu2--F8RWQ-vfzwcJFs,2026-04-14T04:13:18Z,2026-04-14,5,zh-Hant,True,False,2026-09-28T05:30:49.356Z
38cdd87e2792d80e,ChIJV5xzMu2--F8RWQ-vfzwcJFs,2026-04-14T08:06:43Z,2026-04-14,4,,False,False,2026-09-28T05:30:49.356Z
7cf1e96c32af92cb,ChIJV5xzMu2--F8RWQ-vfzwcJFs,2026-04-14T21:39:50Z,2026-04-15,4,,False,False,2026-09-28T05:30:49.356Z
139ecf0da1427aa8,ChIJV5xzMu2--F8RWQ-vfzwcJFs,2026-04-15T19:18:31Z,2026-04-16,4,,False,False,2026-09-28T05:30:49.356Z
ab19df8fb81ec082,ChIJV5xzMu2--F8RWQ-vfzwcJFs,2026-04-15T21:37:04Z,2026-04-16,5,,False,False,2026-09-28T05:30:49.356Z
1768b3ffb8a69054,ChIJV5xzMu2--F8RWQ-vfzwcJFs,2026-04-16T10:24:50Z,2026-04-16,3,,False,False,2026-09-28T05:30:49.356Z
cafdb2609230822f,ChIJV5xzMu2--F8RWQ-vfzwcJFs,2026-04-17T01:27:16Z,2026-04-17,3,,False,False,2026-09-28T05:30:49.356Z
ab531a8f7855391f,ChIJV5xzMu2--F8RWQ-vfzwcJFs,2026-04-18T02:02:50Z,2026-04-18,3,,False,False,2026-09-28T05:30:49.356Z
df8e743cb7054ef1,ChIJV5xzMu2--F8RWQ-vfzwcJFs,2026-04-18T06:28:09Z,2026-04-18,5,ja,True,False,2026-09-28T05:30:49.356Z
0d075dec88fdaf71,ChIJV5xzMu2--F8RWQ-vfzwcJFs,2026-04-19T02:34:29Z,2026-04-19,5,,False,False,2026-09-28T05:30:49.356Z
f5d9bf2c8f6c41e8,ChIJV5xzMu2--F8RWQ-vfzwcJFs,2026-04-19T02:40:52Z,2026-04-19,4,,False,False,2026-09-28T05:30:49.356Z
7a26ed3a5a0901c0,ChIJV5xzMu2--F8RWQ-vfzwcJFs,2026-04-19T17:13:11Z,2026-04-20,5,ja,True,False,2026-09-28T05:30:49.356Z
c0edf03ecb3b8f3c,ChIJV5xzMu2--F8RWQ-vfzwcJFs,2026-04-20T03:21:36Z,2026-04-20,4,,False,False,2026-09-28T05:30:49.356Z
3271d18342aab941,ChIJV5xzMu2--F8RWQ-vfzwcJFs,2026-04-20T08:03:18Z,2026-04-20,4,,False,False,2026-09-28T05:30:49.356Z
5b64d9b8d69694eb,ChIJV5xzMu2--F8RWQ-vfzwcJFs,2026-04-22T10:07:13Z,2026-04-22,4,,False,False,2026-09-28T05:30:49.356Z
afd46d13e4c12775,ChIJV5xzMu2--F8RWQ-vfzwcJFs,2026-04-23T07:21:49Z,2026-04-23,5,,False,False,2026-09-28T05:30:49.356Z
67c5b4fb3dd2cad7,ChIJV5xzMu2--F8RWQ-vfzwcJFs,2026-04-25T05:55:01Z,2026-04-25,5,,False,False,2026-09-28T05:30:49.356Z
aa111b5ac2b9035d,ChIJV5xzMu2--F8RWQ-vfzwcJFs,2026-04-25T07:31:26Z,2026-04-25,4,ja,True,False,2026-09-28T05:30:49.356Z
7319726a7b0547cb,ChIJV5xzMu2--F8RWQ-vfzwcJFs,2026-04-26T03:04:37Z,2026-04-26,5,,False,False,2026-09-28T05:30:49.356Z
7287a0db572f4f6a,ChIJV5xzMu2--F8RWQ-vfzwcJFs,2026-04-26T11:45:04Z,2026-04-26,4,ja,True,False,2026-09-28T05:30:49.356Z
52f3b47da1d48845,ChIJV5xzMu2--F8RWQ-vfzwcJFs,2026-04-28T06:22:53Z,2026-04-28,5,,False,False,2026-09-28T05:30:49.356Z
3731abe918a1d677,ChIJV5xzMu2--F8RWQ-vfzwcJFs,2026-04-29T08:18:33Z,2026-04-29,3,,False,False,2026-09-28T05:30:49.356Z
8cc1bd0e4f72a018,ChIJV5xzMu2--F8RWQ-vfzwcJFs,2026-04-29T12:05:11Z,2026-04-29,3,,False,False,2026-09-28T05:30:49.356Z
898f8ff568eed9d4,ChIJV5xzMu2--F8RWQ-vfzwcJFs,2026-05-01T03:36:38Z,2026-05-01,5,,False,False,2026-09-28T05:30:49.356Z
ffffc357715ae2bf,ChIJV5xzMu2--F8RWQ-vfzwcJFs,2026-05-01T05:43:10Z,2026-05-01,4,ja,True,False,2026-09-28T05:30:49.356Z
d0fe2daf0b960efc,ChIJV5xzMu2--F8RWQ-vfzwcJFs,2026-05-01T22:56:49Z,2026-05-02,5,,False,False,2026-09-28T05:30:49.356Z
cd24473c1d00d7bf,ChIJV5xzMu2--F8RWQ-vfzwcJFs,2026-05-04T19:13:56Z,2026-05-05,4,,False,False,2026-09-28T05:30:49.356Z
c176c85ba00e5319,ChIJV5xzMu2--F8RWQ-vfzwcJFs,2026-05-05T15:28:30Z,2026-05-06,5,ja,True,False,2026-09-28T05:30:49.356Z
2dc7dfbe3be848e1,ChIJV5xzMu2--F8RWQ-vfzwcJFs,2026-05-05T18:43:28Z,2026-05-06,3,,False,False,2026-09-28T05:30:49.356Z
7f66707421c0a985,ChIJV5xzMu2--F8RWQ-vfzwcJFs,2026-05-05T20:46:06Z,2026-05-06,4,ja,True,False,2026-09-28T05:30:49.356Z
03da5b28d8510bbf,ChIJV5xzMu2--F8RWQ-vfzwcJFs,2026-05-06T01:16:28Z,2026-05-06,4,,False,False,2026-09-28T05:30:49.356Z
508e1d5d5097a980,ChIJV5xzMu2--F8RWQ-vfzwcJFs,2026-05-06T02:43:11Z,2026-05-06,4,ja,True,False,2026-09-28T05:30:49.356Z
cb14b6429b07e473,ChIJV5xzMu2--F8RWQ-vfzwcJFs,2026-05-06T04:24:17Z,2026-05-06,5,,False,False,2026-09-28T05:30:49.356Z
80436b4bc8bcf90a,ChIJV5xzMu2--F8RWQ-vfzwcJFs,2026-05-06T06:06:25Z,2026-05-06,5,ja,True,False,2026-09-28T05:30:49.356Z
4237d3155acade7c,ChIJV5xzMu2--F8RWQ-vfzwcJFs,2026-05-06T06:16:46Z,2026-05-06,5,,False,False,2026-09-28T05:30:49.356Z
af30613755f0f3c5,ChIJV5xzMu2--F8RWQ-vfzwcJFs,2026-05-07T02:02:41Z,2026-05-07,5,,False,False,2026-09-28T05:30:49.356Z
f1d9a14bdbbce384,ChIJV5xzMu2--F8RWQ-vfzwcJFs,2026-05-07T23:24:13Z,2026-05-08,4,,False,False,2026-09-28T05:30:49.356Z
4b2b81603ad3096c,ChIJV5xzMu2--F8RWQ-vfzwcJFs,2026-05-08T13:45:33Z,2026-05-08,4,ja,True,False,2026-09-28T05:30:49.356Z
319dfc32cb78baee,ChIJV5xzMu2--F8RWQ-vfzwcJFs,2026-05-08T14:35:53Z,2026-05-08,4,,False,False,2026-09-28T05:30:49.356Z
aff22bb4d9e6f5ae,ChIJV5xzMu2--F8RWQ-vfzwcJFs,2026-05-09T01:35:40Z,2026-05-09,4,,False,False,2026-09-28T05:30:49.356Z
b1f6b12f4a85b376,ChIJV5xzMu2--F8RWQ-vfzwcJFs,2026-05-09T04:17:58Z,2026-05-09,5,ja,True,False,2026-09-28T05:30:49.356Z
d5ee6a3851e6ce91,ChIJV5xzMu2--F8RWQ-vfzwcJFs,2026-05-09T09:31:06Z,2026-05-09,5,,False,False,2026-09-28T05:30:49.356Z
e70d538fbcbf31a3,ChIJV5xzMu2--F8RWQ-vfzwcJFs,2026-05-09T13:37:04Z,2026-05-09,5,ja,True,False,2026-09-28T05:30:49.356Z
d783e7fe5fcf9f3f,ChIJV5xzMu2--F8RWQ-vfzwcJFs,2026-05-09T22:39:47Z,2026-05-10,4,ja,True,False,2026-09-28T05:30:49.356Z
7f0d849f16c89ff3,ChIJV5xzMu2--F8RWQ-vfzwcJFs,2026-05-10T06:11:10Z,2026-05-10,5,,False,False,2026-09-28T05:30:49.356Z
07e426a3e8615aa3,ChIJV5xzMu2--F8RWQ-vfzwcJFs,2026-05-10T14:17:57Z,2026-05-10,4,ja,True,False,2026-09-28T05:30:49.356Z
ec45d2d044c43317,ChIJV5xzMu2--F8RWQ-vfzwcJFs,2026-05-11T10:14:46Z,2026-05-11,5,en,True,False,2026-09-28T05:30:49.356Z
b0dcd66768db2085,ChIJV5xzMu2--F8RWQ-vfzwcJFs,2026-05-12T02:48:20Z,2026-05-12,4,,False,False,2026-09-28T05:30:49.356Z
8d5061c150b780da,ChIJV5xzMu2--F8RWQ-vfzwcJFs,2026-05-12T10:09:15Z,2026-05-12,4,ja,True,False,2026-09-28T05:30:49.356Z
5fcec181db139ef3,ChIJV5xzMu2--F8RWQ-vfzwcJFs,2026-05-15T05:39:31Z,2026-05-15,4,ja,True,False,2026-09-28T05:30:49.356Z
ef8cdd307374873f,ChIJV5xzMu2--F8RWQ-vfzwcJFs,2026-05-15T10:42:35Z,2026-05-15,5,id,True,False,2026-09-28T05:30:49.356Z
d167eb598d456b80,ChIJV5xzMu2--F8RWQ-vfzwcJFs,2026-05-16T11:14:22Z,2026-05-16,3,,False,False,2026-09-28T05:30:49.356Z
ae5070b9187517ef,ChIJV5xzMu2--F8RWQ-vfzwcJFs,2026-05-18T01:08:10Z,2026-05-18,4,,False,False,2026-09-28T05:30:49.356Z
8f3a22db32ff99bd,ChIJV5xzMu2--F8RWQ-vfzwcJFs,2026-05-18T05:35:35Z,2026-05-18,4,ja,True,False,2026-09-28T05:30:49.356Z
3cd7abf02b492e64,ChIJV5xzMu2--F8RWQ-vfzwcJFs,2026-05-18T07:43:56Z,2026-05-18,5,,False,False,2026-09-28T05:30:49.356Z
c61de5f41ccea9c6,ChIJV5xzMu2--F8RWQ-vfzwcJFs,2026-05-18T09:48:30Z,2026-05-18,3,ja,True,False,2026-09-28T05:30:49.356Z
7cc6cb3c3e1294f4,ChIJV5xzMu2--F8RWQ-vfzwcJFs,2026-05-18T10:24:10Z,2026-05-18,5,,False,False,2026-09-28T05:30:49.356Z
67fcfe0bba8a80dc,ChIJV5xzMu2--F8RWQ-vfzwcJFs,2026-05-19T09:36:46Z,2026-05-19,3,,False,False,2026-09-28T05:30:49.356Z
2751652fd4d257ea,ChIJV5xzMu2--F8RWQ-vfzwcJFs,2026-05-20T01:16:21Z,2026-05-20,4,ja,True,False,2026-09-28T05:30:49.356Z
45072993305e91a6,ChIJV5xzMu2--F8RWQ-vfzwcJFs,2026-05-20T14:16:48Z,2026-05-20,4,,False,False,2026-09-28T05:30:49.356Z
e0897ac2e0bc6e41,ChIJV5xzMu2--F8RWQ-vfzwcJFs,2026-05-21T10:17:35Z,2026-05-21,4,,False,False,2026-09-28T05:30:49.356Z
df347fc9c3da2401,ChIJV5xzMu2--F8RWQ-vfzwcJFs,2026-05-21T11:17:35Z,2026-05-21,5,,False,False,2026-09-28T05:30:49.356Z
461981ba118dadc5,ChIJV5xzMu2--F8RWQ-vfzwcJFs,2026-05-21T16:45:24Z,2026-05-22,5,,False,False,2026-09-28T05:30:49.356Z
7640d4c01da966fd,ChIJV5xzMu2--F8RWQ-vfzwcJFs,2026-05-22T08:46:31Z,2026-05-22,3,,False,False,2026-09-28T05:30:49.356Z
593abd8fcf84728c,ChIJV5xzMu2--F8RWQ-vfzwcJFs,2026-05-23T03:20:29Z,2026-05-23,4,,False,False,2026-09-28T05:30:49.356Z
6190699879d4262e,ChIJV5xzMu2--F8RWQ-vfzwcJFs,2026-05-23T05:40:28Z,2026-05-23,5,,False,False,2026-09-28T05:30:49.356Z
3b196326b9854193,ChIJV5xzMu2--F8RWQ-vfzwcJFs,2026-05-23T09:26:15Z,2026-05-23,4,ja,True,False,2026-09-28T05:30:49.356Z
72ade8d35d989e0c,ChIJV5xzMu2--F8RWQ-vfzwcJFs,2026-05-23T13:26:19Z,2026-05-23,4,ja,True,False,2026-09-28T05:30:49.356Z
c678f034c92eb1d1,ChIJV5xzMu2--F8RWQ-vfzwcJFs,2026-05-24T03:44:29Z,2026-05-24,4,en,True,False,2026-09-28T05:30:49.356Z
c19c497a624ac4dc,ChIJV5xzMu2--F8RWQ-vfzwcJFs,2026-05-24T06:18:21Z,2026-05-24,4,,False,False,2026-09-28T05:30:49.356Z
23e38e8c2fe50f40,ChIJV5xzMu2--F8RWQ-vfzwcJFs,2026-05-24T12:37:50Z,2026-05-24,4,ja,True,False,2026-09-28T05:30:49.356Z
5fd69d18b9ac86d9,ChIJV5xzMu2--F8RWQ-vfzwcJFs,2026-05-26T10:43:42Z,2026-05-26,4,,False,False,2026-09-28T05:30:49.356Z
ca8d4c3ee5d220e1,ChIJV5xzMu2--F8RWQ-vfzwcJFs,2026-05-26T13:28:29Z,2026-05-26,3,,False,False,2026-09-28T05:30:49.356Z
b7384b48f3498b23,ChIJV5xzMu2--F8RWQ-vfzwcJFs,2026-05-26T14:46:36Z,2026-05-26,5,ja,True,False,2026-09-28T05:30:49.356Z
18cbb5cac5797c15,ChIJV5xzMu2--F8RWQ-vfzwcJFs,2026-05-27T01:48:37Z,2026-05-27,3,ja,True,False,2026-09-28T05:30:49.356Z
78483ac1955fff7f,ChIJV5xzMu2--F8RWQ-vfzwcJFs,2026-05-28T08:18:54Z,2026-05-28,5,,False,False,2026-09-28T05:30:49.356Z
be536d512f89c057,ChIJV5xzMu2--F8RWQ-vfzwcJFs,2026-05-28T11:17:47Z,2026-05-28,5,,False,False,2026-09-28T05:30:49.356Z
003c0713d0331f65,ChIJV5xzMu2--F8RWQ-vfzwcJFs,2026-05-28T20:33:09Z,2026-05-29,3,,False,False,2026-09-28T05:30:49.356Z
d669bd78081736e3,ChIJV5xzMu2--F8RWQ-vfzwcJFs,2026-05-28T20:39:37Z,2026-05-29,4,ja,True,False,2026-09-28T05:30:49.356Z
2234b83533e6cc20,ChIJV5xzMu2--F8RWQ-vfzwcJFs,2026-05-28T23:32:45Z,2026-05-29,3,,False,False,2026-09-28T05:30:49.356Z
a11073de412e554e,ChIJV5xzMu2--F8RWQ-vfzwcJFs,2026-05-29T11:18:51Z,2026-05-29,5,ja,True,False,2026-09-28T05:30:49.356Z
d8d3d4e354c60ad8,ChIJV5xzMu2--F8RWQ-vfzwcJFs,2026-05-29T19:06:47Z,2026-05-30,5,,False,False,2026-09-28T05:30:49.356Z
e76238cf876529f1,ChIJV5xzMu2--F8RWQ-vfzwcJFs,2026-06-02T10:06:25Z,2026-06-02,5,,False,False,2026-09-28T05:30:49.356Z
b0d347aaab689fc1,ChIJV5xzMu2--F8RWQ-vfzwcJFs,2026-06-03T22:48:11Z,2026-06-04,4,ja,True,False,2026-09-28T05:30:49.356Z
5e1db8e2e29d04d4,ChIJV5xzMu2--F8RWQ-vfzwcJFs,2026-06-07T23:41:36Z,2026-06-08,5,,False,False,2026-09-28T05:30:49.356Z
34cb7bd1fa30ba96,ChIJV5xzMu2--F8RWQ-vfzwcJFs,2026-06-08T15:59:25Z,2026-06-09,4,,False,False,2026-09-28T05:30:49.356Z
c2f0e1c78dbbb9cd,ChIJV5xzMu2--F8RWQ-vfzwcJFs,2026-06-09T14:32:17Z,2026-06-09,5,ja,True,False,2026-09-28T05:30:49.356Z
634593f42768d6ec,ChIJV5xzMu2--F8RWQ-vfzwcJFs,2026-06-13T18:22:32Z,2026-06-14,5,ja,True,False,2026-09-28T05:30:49.356Z
fb6381ea9de3206b,ChIJV5xzMu2--F8RWQ-vfzwcJFs,2026-06-15T00:05:31Z,2026-06-15,5,en,True,False,2026-09-28T05:30:49.356Z
38e030bb624d2eaa,ChIJV5xzMu2--F8RWQ-vfzwcJFs,2026-06-15T22:35:12Z,2026-06-16,5,,False,False,2026-09-28T05:30:49.356Z
1d7ce336458728be,ChIJV5xzMu2--F8RWQ-vfzwcJFs,2026-06-16T05:46:20Z,2026-06-16,5,,False,False,2026-09-28T05:30:49.356Z
f08fad04a10ade94,ChIJV5xzMu2--F8RWQ-vfzwcJFs,2026-06-16T07:49:46Z,2026-06-16,5,ja,True,False,2026-09-28T05:30:49.356Z
ac287578f9987a99,ChIJV5xzMu2--F8RWQ-vfzwcJFs,2026-06-18T12:51:31Z,2026-06-18,5,ja,True,False,2026-09-28T05:30:49.356Z
31d3701f1312b804,ChIJV5xzMu2--F8RWQ-vfzwcJFs,2026-06-18T20:18:53Z,2026-06-19,4,,False,False,2026-09-28T05:30:49.356Z
5e0fce5edb9b84d9,ChIJV5xzMu2--F8RWQ-vfzwcJFs,2026-06-20T16:50:52Z,2026-06-21,5,ja,True,False,2026-09-28T05:30:49.356Z
bbf898e7e5ed5358,ChIJV5xzMu2--F8RWQ-vfzwcJFs,2026-06-23T08:24:16Z,2026-06-23,5,,False,False,2026-09-28T05:30:49.356Z
b3ecb5541bf2e278,ChIJV5xzMu2--F8RWQ-vfzwcJFs,2026-06-25T05:19:01Z,2026-06-25,4,ja,True,False,2026-09-28T05:30:49.356Z
2ea97f3cd01c09ed,ChIJV5xzMu2--F8RWQ-vfzwcJFs,2026-06-25T12:23:38Z,2026-06-25,5,en,True,False,2026-09-28T05:30:49.356Z
b9671f0e561d99d7,ChIJV5xzMu2--F8RWQ-vfzwcJFs,2026-06-26T03:38:15Z,2026-06-26,5,ko,True,False,2026-09-28T05:30:49.356Z
8e4f4ba3c8cda972,ChIJV5xzMu2--F8RWQ-vfzwcJFs,2026-06-28T13:56:34Z,2026-06-28,3,,False,False,2026-09-28T05:30:49.356Z
1ff22f243b4461b0,ChIJV5xzMu2--F8RWQ-vfzwcJFs,2026-06-28T22:16:23Z,2026-06-29,3,,False,False,2026-09-28T05:30:49.356Z
e33913006cb84851,ChIJV5xzMu2--F8RWQ-vfzwcJFs,2026-06-30T04:25:50Z,2026-06-30,5,,False,False,2026-09-28T05:30:49.356Z
a7cfc2adbfa98bd2,ChIJV5xzMu2--F8RWQ-vfzwcJFs,2026-06-30T06:56:11Z,2026-06-30,5,ja,True,False,2026-09-28T05:30:49.356Z
565f70adea31eb23,ChIJV5xzMu2--F8RWQ-vfzwcJFs,2026-07-01T09:20:37Z,2026-07-01,1,ja,True,False,2026-09-28T05:30:49.356Z
7eec403dcb8b2395,ChIJV5xzMu2--F8RWQ-vfzwcJFs,2026-07-02T05:38:38Z,2026-07-02,4,,False,False,2026-09-28T05:30:49.356Z
bc4b4cbf4d33fd58,ChIJV5xzMu2--F8RWQ-vfzwcJFs,2026-07-07T13:05:23Z,2026-07-07,4,ja,True,False,2026-09-28T05:30:49.356Z
e088dcaae5ea8860,ChIJV5xzMu2--F8RWQ-vfzwcJFs,2026-07-07T22:00:18Z,2026-07-08,5,ja,True,False,2026-09-28T05:30:49.356Z
3c96e5c4803ae954,ChIJV5xzMu2--F8RWQ-vfzwcJFs,2026-07-07T22:53:03Z,2026-07-08,3,,False,False,2026-09-28T05:30:49.356Z
71a54412aff2b798,ChIJV5xzMu2--F8RWQ-vfzwcJFs,2026-07-08T17:47:53Z,2026-07-09,3,ja,True,False,2026-09-28T05:30:49.356Z
d354e3bab5d023cd,ChIJV5xzMu2--F8RWQ-vfzwcJFs,2026-07-09T01:54:30Z,2026-07-09,4,,False,False,2026-09-28T05:30:49.356Z
17ac99ae452e772f,ChIJV5xzMu2--F8RWQ-vfzwcJFs,2026-07-10T04:06:27Z,2026-07-10,5,,False,False,2026-09-28T05:30:49.356Z
e3ee20a70b384ecd,ChIJV5xzMu2--F8RWQ-vfzwcJFs,2026-07-11T06:09:36Z,2026-07-11,5,zh-Hant,True,False,2026-09-28T05:30:49.356Z
31bfda5a308c0df6,ChIJV5xzMu2--F8RWQ-vfzwcJFs,2026-07-11T21:47:14Z,2026-07-12,3,ja,True,False,2026-09-28T05:30:49.356Z
29340c4c985905dc,ChIJV5xzMu2--F8RWQ-vfzwcJFs,2026-07-13T03:38:05Z,2026-07-13,3,,False,False,2026-09-28T05:30:49.356Z
945c6e3afe303444,ChIJV5xzMu2--F8RWQ-vfzwcJFs,2026-07-13T08:21:23Z,2026-07-13,5,ja,True,False,2026-09-28T05:30:49.356Z
384bae3ababd65c2,ChIJV5xzMu2--F8RWQ-vfzwcJFs,2026-07-14T13:06:07Z,2026-07-14,5,ja,True,False,2026-09-28T05:30:49.356Z
093b74ab0fca0b2e,ChIJV5xzMu2--F8RWQ-vfzwcJFs,2026-07-17T05:16:19Z,2026-07-17,5,zh-Hant,True,False,2026-09-28T05:30:49.356Z
b22e525fcbfca703,ChIJV5xzMu2--F8RWQ-vfzwcJFs,2026-07-18T04:47:55Z,2026-07-18,4,,False,False,2026-09-28T05:30:49.356Z
8ccbaff6378c6449,ChIJV5xzMu2--F8RWQ-vfzwcJFs,2026-07-18T04:54:26Z,2026-07-18,5,ja,True,False,2026-09-28T05:30:49.356Z
a6cdbdf2fc7cfa9a,ChIJV5xzMu2--F8RWQ-vfzwcJFs,2026-07-18T06:09:28Z,2026-07-18,1,ja,True,False,2026-09-28T05:30:49.356Z
1201e9d03a8e7cce,ChIJV5xzMu2--F8RWQ-vfzwcJFs,2026-07-19T00:17:12Z,2026-07-19,4,ja,True,False,2026-09-28T05:30:49.356Z
fdf042a649dc31c8,ChIJV5xzMu2--F8RWQ-vfzwcJFs,2026-07-19T15:33:38Z,2026-07-20,5,,False,False,2026-09-28T05:30:49.356Z
fe64bafce9a03af8,ChIJV5xzMu2--F8RWQ-vfzwcJFs,2026-07-20T04:46:44Z,2026-07-20,3,ja,True,False,2026-09-28T05:30:49.356Z
22a006cf2da3af2a,ChIJV5xzMu2--F8RWQ-vfzwcJFs,2026-07-20T07:12:38Z,2026-07-20,4,ja,True,False,2026-09-28T05:30:49.356Z
b22d3c19e715d2f5,ChIJV5xzMu2--F8RWQ-vfzwcJFs,2026-07-20T22:16:39Z,2026-07-21,5,,False,False,2026-09-28T05:30:49.356Z
ddb5a4c40fe25487,ChIJV5xzMu2--F8RWQ-vfzwcJFs,2026-07-21T12:36:03Z,2026-07-21,3,,False,False,2026-09-28T05:30:49.356Z
1f2a97e532604d97,ChIJV5xzMu2--F8RWQ-vfzwcJFs,2026-07-22T00:54:23Z,2026-07-22,3,,False,False,2026-09-28T05:30:49.356Z
cbdcc9c34ac5ad82,ChIJV5xzMu2--F8RWQ-vfzwcJFs,2026-07-24T00:18:42Z,2026-07-24,3,,False,False,2026-09-28T05:30:49.356Z
e53759cfe17c5ae8,ChIJV5xzMu2--F8RWQ-vfzwcJFs,2026-07-24T06:32:17Z,2026-07-24,3,,False,False,2026-09-28T05:30:49.356Z
54c96efa1427f5fe,ChIJV5xzMu2--F8RWQ-vfzwcJFs,2026-07-25T15:08:11Z,2026-07-26,4,,False,False,2026-09-28T05:30:49.356Z
9c59b3de025beb91,ChIJV5xzMu2--F8RWQ-vfzwcJFs,2026-07-25T23:12:09Z,2026-07-26,2,ja,True,False,2026-09-28T05:30:49.356Z
b8150a79577a9481,ChIJV5xzMu2--F8RWQ-vfzwcJFs,2026-07-26T03:24:53Z,2026-07-26,4,ja,True,False,2026-09-28T05:30:49.356Z
dfa118aef213e496,ChIJV5xzMu2--F8RWQ-vfzwcJFs,2026-07-29T22:34:24Z,2026-07-30,5,,False,False,2026-09-28T05:30:49.356Z
9b6fee7096867f28,ChIJV5xzMu2--F8RWQ-vfzwcJFs,2026-07-30T11:26:34Z,2026-07-30,5,id,True,False,2026-09-28T05:30:49.356Z
6426aa06fea16acb,ChIJV5xzMu2--F8RWQ-vfzwcJFs,2026-08-01T09:18:27Z,2026-08-01,5,es,True,False,2026-09-28T05:30:49.356Z
0b77771d129b986e,ChIJV5xzMu2--F8RWQ-vfzwcJFs,2026-08-02T00:14:10Z,2026-08-02,5,,False,False,2026-09-28T05:30:49.356Z
503ff8ed7882e547,ChIJV5xzMu2--F8RWQ-vfzwcJFs,2026-08-02T00:14:40Z,2026-08-02,4,,False,False,2026-09-28T05:30:49.356Z
b406cbcf02ab4b0e,ChIJV5xzMu2--F8RWQ-vfzwcJFs,2026-08-02T08:07:36Z,2026-08-02,5,,False,False,2026-09-28T05:30:49.356Z
7c9d5d05deac2931,ChIJV5xzMu2--F8RWQ-vfzwcJFs,2026-08-02T13:21:43Z,2026-08-02,5,,False,False,2026-09-28T05:30:49.356Z
82391a7fb410d300,ChIJV5xzMu2--F8RWQ-vfzwcJFs,2026-08-03T02:02:11Z,2026-08-03,3,,False,False,2026-09-28T05:30:49.356Z
68dd450befc06f7e,ChIJV5xzMu2--F8RWQ-vfzwcJFs,2026-08-04T00:06:20Z,2026-08-04,4,ja,True,False,2026-09-28T05:30:49.356Z
6cf31b00ede4789b,ChIJV5xzMu2--F8RWQ-vfzwcJFs,2026-08-04T09:03:21Z,2026-08-04,5,ja,True,False,2026-09-28T05:30:49.356Z
e7d3380fc8cb3f4a,ChIJV5xzMu2--F8RWQ-vfzwcJFs,2026-08-04T13:43:16Z,2026-08-04,3,ja,True,False,2026-09-28T05:30:49.356Z
35396d05cf9ea08a,ChIJV5xzMu2--F8RWQ-vfzwcJFs,2026-08-04T14:01:49Z,2026-08-04,5,,False,False,2026-09-28T05:30:49.356Z
bfccbf37a843e24d,ChIJV5xzMu2--F8RWQ-vfzwcJFs,2026-08-08T10:44:46Z,2026-08-08,4,,False,False,2026-09-28T05:30:49.356Z
7ed370f54dcd6f22,ChIJV5xzMu2--F8RWQ-vfzwcJFs,2026-08-08T13:59:40Z,2026-08-08,5,en,True,False,2026-09-28T05:30:49.356Z
602fb27a7b91eeed,ChIJV5xzMu2--F8RWQ-vfzwcJFs,2026-08-10T04:01:04Z,2026-08-10,3,,False,False,2026-09-28T05:30:49.356Z
72139453d1ed24a7,ChIJV5xzMu2--F8RWQ-vfzwcJFs,2026-08-11T04:22:35Z,2026-08-11,5,en,True,False,2026-09-28T05:30:49.356Z
c43ce37766bf9b9e,ChIJV5xzMu2--F8RWQ-vfzwcJFs,2026-08-11T08:43:33Z,2026-08-11,5,,False,False,2026-09-28T05:30:49.356Z
5440712bd7b7e9f9,ChIJV5xzMu2--F8RWQ-vfzwcJFs,2026-08-11T13:39:28Z,2026-08-11,4,,False,False,2026-09-28T05:30:49.356Z
2c0c4c639d649e41,ChIJV5xzMu2--F8RWQ-vfzwcJFs,2026-08-12T07:34:00Z,2026-08-12,5,,False,False,2026-09-28T05:30:49.356Z
000e32d6612ff231,ChIJV5xzMu2--F8RWQ-vfzwcJFs,2026-08-12T23:57:36Z,2026-08-13,5,,False,False,2026-09-28T05:30:49.356Z
b0265d84d88688ee,ChIJV5xzMu2--F8RWQ-vfzwcJFs,2026-08-14T02:43:01Z,2026-08-14,4,,False,False,2026-09-28T05:30:49.356Z
868cd70ae46abb51,ChIJV5xzMu2--F8RWQ-vfzwcJFs,2026-08-14T06:37:43Z,2026-08-14,1,,False,False,2026-09-28T05:30:49.356Z
f55d7be9895fa32d,ChIJV5xzMu2--F8RWQ-vfzwcJFs,2026-08-16T08:39:46Z,2026-08-16,3,ja,True,False,2026-09-28T05:30:49.356Z
74c8c98694ffd1b5,ChIJV5xzMu2--F8RWQ-vfzwcJFs,2026-08-16T22:58:35Z,2026-08-17,5,,False,False,2026-09-28T05:30:49.356Z
560cd487e22393bf,ChIJV5xzMu2--F8RWQ-vfzwcJFs,2026-08-17T13:39:15Z,2026-08-17,5,,False,False,2026-09-28T05:30:49.356Z
e0035b0aca081b8b,ChIJV5xzMu2--F8RWQ-vfzwcJFs,2026-08-18T01:39:39Z,2026-08-18,4,,False,False,2026-09-28T05:30:49.356Z
330466ee5ae60719,ChIJV5xzMu2--F8RWQ-vfzwcJFs,2026-08-18T06:29:42Z,2026-08-18,5,,False,False,2026-09-28T05:30:49.356Z
68e10091d5ccc749,ChIJV5xzMu2--F8RWQ-vfzwcJFs,2026-08-18T17:01:36Z,2026-08-19,5,ja,True,False,2026-09-28T05:30:49.356Z
0d1c88850b432d32,ChIJV5xzMu2--F8RWQ-vfzwcJFs,2026-08-19T02:34:13Z,2026-08-19,5,,False,False,2026-09-28T05:30:49.356Z
0272fc3daf13aeb3,ChIJV5xzMu2--F8RWQ-vfzwcJFs,2026-08-19T04:35:23Z,2026-08-19,4,,False,False,2026-09-28T05:30:49.356Z
fe215e7d8bf98422,ChIJV5xzMu2--F8RWQ-vfzwcJFs,2026-08-19T23:25:26Z,2026-08-20,4,ja,True,False,2026-09-28T05:30:49.356Z
407118decdfe010f,ChIJV5xzMu2--F8RWQ-vfzwcJFs,2026-08-20T08:06:49Z,2026-08-20,4,,False,False,2026-09-28T05:30:49.356Z
cbe89da81506dd7b,ChIJV5xzMu2--F8RWQ-vfzwcJFs,2026-08-20T17:23:46Z,2026-08-21,5,ja,True,False,2026-09-28T05:30:49.356Z
26c143099e77e336,ChIJV5xzMu2--F8RWQ-vfzwcJFs,2026-08-20T21:27:29Z,2026-08-21,5,ja,True,False,2026-09-28T05:30:49.356Z
7c6fd9a944c40d4c,ChIJV5xzMu2--F8RWQ-vfzwcJFs,2026-08-22T00:57:16Z,2026-08-22,4,,False,False,2026-09-28T05:30:49.356Z
1c16eebc834e8c56,ChIJV5xzMu2--F8RWQ-vfzwcJFs,2026-08-22T02:07:57Z,2026-08-22,5,,False,False,2026-09-28T05:30:49.356Z
95dd8b0e802f8dda,ChIJV5xzMu2--F8RWQ-vfzwcJFs,2026-08-22T12:07:47Z,2026-08-22,5,ja,True,False,2026-09-28T05:30:49.356Z
6271407d29a0ed2b,ChIJV5xzMu2--F8RWQ-vfzwcJFs,2026-08-22T14:09:40Z,2026-08-22,3,,False,False,2026-09-28T05:30:49.356Z
3d44cb135f9327bb,ChIJV5xzMu2--F8RWQ-vfzwcJFs,2026-08-23T11:41:42Z,2026-08-23,4,,False,False,2026-09-28T05:30:49.356Z
bc98d135cc028069,ChIJV5xzMu2--F8RWQ-vfzwcJFs,2026-08-23T19:31:33Z,2026-08-24,4,ja,True,False,2026-09-28T05:30:49.356Z
8b558a5be0be6ef0,ChIJV5xzMu2--F8RWQ-vfzwcJFs,2026-08-25T13:04:59Z,2026-08-25,4,,False,False,2026-09-28T05:30:49.356Z
b28b8a2471ad8485,ChIJV5xzMu2--F8RWQ-vfzwcJFs,2026-08-25T23:53:09Z,2026-08-26,5,,False,False,2026-09-28T05:30:49.356Z
e8e8ef01067ca773,ChIJV5xzMu2--F8RWQ-vfzwcJFs,2026-08-26T09:18:40Z,2026-08-26,5,,False,False,2026-09-28T05:30:49.356Z
3516c27d666b6db8,ChIJV5xzMu2--F8RWQ-vfzwcJFs,2026-08-28T14:25:46Z,2026-08-28,3,,False,False,2026-09-28T05:30:49.356Z
baba87869e0b0f25,ChIJV5xzMu2--F8RWQ-vfzwcJFs,2026-08-29T23:54:07Z,2026-08-30,5,ja,True,False,2026-09-28T05:30:49.356Z
458d3fce7a292542,ChIJV5xzMu2--F8RWQ-vfzwcJFs,2026-08-31T09:59:51Z,2026-08-31,3,,False,False,2026-09-28T05:30:49.356Z
7899841b6b73af7b,ChIJV5xzMu2--F8RWQ-vfzwcJFs,2026-09-01T13:05:26Z,2026-09-01,4,ja,True,False,2026-09-28T05:30:49.356Z
d4f7b62cae0dbaeb,ChIJV5xzMu2--F8RWQ-vfzwcJFs,2026-09-01T13:22:05Z,2026-09-01,3,,False,False,2026-09-28T05:30:49.356Z
649187c70d42ea0c,ChIJV5xzMu2--F8RWQ-vfzwcJFs,2026-09-03T06:48:51Z,2026-09-03,3,,False,False,2026-09-28T05:30:49.356Z
5871310662d95630,ChIJV5xzMu2--F8RWQ-vfzwcJFs,2026-09-03T15:32:27Z,2026-09-04,3,,False,False,2026-09-28T05:30:49.356Z
c143184f47f1e735,ChIJV5xzMu2--F8RWQ-vfzwcJFs,2026-09-04T12:18:07Z,2026-09-04,5,ja,True,False,2026-09-28T05:30:49.356Z
c467dc797713eb71,ChIJV5xzMu2--F8RWQ-vfzwcJFs,2026-09-04T22:04:33Z,2026-09-05,4,ja,True,False,2026-09-28T05:30:49.356Z
22aed0930159b16f,ChIJV5xzMu2--F8RWQ-vfzwcJFs,2026-09-05T21:59:08Z,2026-09-06,4,,False,False,2026-09-28T05:30:49.356Z
fb03991fe187cd31,ChIJV5xzMu2--F8RWQ-vfzwcJFs,2026-09-07T08:12:41Z,2026-09-07,5,,False,False,2026-09-28T05:30:49.356Z
97cb7a4e516edb09,ChIJV5xzMu2--F8RWQ-vfzwcJFs,2026-09-07T11:28:45Z,2026-09-07,3,ja,True,False,2026-09-28T05:30:49.356Z
6a6fc043d5a7ba58,ChIJV5xzMu2--F8RWQ-vfzwcJFs,2026-09-08T01:09:40Z,2026-09-08,4,ja,True,False,2026-09-28T05:30:49.356Z
b969b6fba6da86c3,ChIJV5xzMu2--F8RWQ-vfzwcJFs,2026-09-09T02:03:32Z,2026-09-09,4,,False,False,2026-09-28T05:30:49.356Z
0d05ae1092066996,ChIJV5xzMu2--F8RWQ-vfzwcJFs,2026-09-09T11:40:23Z,2026-09-09,5,,False,False,2026-09-28T05:30:49.356Z
b6b89c8a61fd404f,ChIJV5xzMu2--F8RWQ-vfzwcJFs,2026-09-10T13:46:56Z,2026-09-10,4,,False,False,2026-09-28T05:30:49.356Z
2a20fe98846eaf4a,ChIJV5xzMu2--F8RWQ-vfzwcJFs,2026-09-11T00:46:21Z,2026-09-11,5,,False,False,2026-09-28T05:30:49.356Z
7da23c815252a15d,ChIJV5xzMu2--F8RWQ-vfzwcJFs,2026-09-16T12:53:30Z,2026-09-16,3,,False,False,2026-09-28T05:30:49.356Z
b1ea02937dc0715b,ChIJV5xzMu2--F8RWQ-vfzwcJFs,2026-09-16T14:20:40Z,2026-09-16,2,,False,False,2026-09-28T05:30:49.356Z
efe04ba3208097ea,ChIJV5xzMu2--F8RWQ-vfzwcJFs,2026-09-16T16:52:57Z,2026-09-17,4,,False,False,2026-09-28T05:30:49.356Z
ec8b48ed5d5ca28b,ChIJV5xzMu2--F8RWQ-vfzwcJFs,2026-09-17T12:36:28Z,2026-09-17,4,ja,True,False,2026-09-28T05:30:49.356Z
e16fddec0632ef2a,ChIJV5xzMu2--F8RWQ-vfzwcJFs,2026-09-19T16:53:28Z,2026-09-20,1,ja,True,False,2026-09-28T05:30:49.356Z
46579822cf06e596,ChIJV5xzMu2--F8RWQ-vfzwcJFs,2026-09-20T03:33:03Z,2026-09-20,4,,False,False,2026-09-28T05:30:49.356Z
dc7d76f40baa878d,ChIJV5xzMu2--F8RWQ-vfzwcJFs,2026-09-20T21:02:29Z,2026-09-21,4,,False,False,2026-09-28T05:30:49.356Z
785e925252aed6f3,ChIJV5xzMu2--F8RWQ-vfzwcJFs,2026-09-21T00:33:38Z,2026-09-21,4,ja,True,False,2026-09-28T05:30:49.356Z
634aabbacba7ea50,ChIJV5xzMu2--F8RWQ-vfzwcJFs,2026-09-23T07:40:11Z,2026-09-23,4,,False,False,2026-09-28T05:30:49.356Z
ba62027d3d4ebd7f,ChIJV5xzMu2--F8RWQ-vfzwcJFs,2026-09-23T13:34:01Z,2026-09-23,4,,False,False,2026-09-28T05:30:49.356Z
e6d346a5ef827e82,ChIJV5xzMu2--F8RWQ-vfzwcJFs,2026-09-26T14:46:24Z,2026-09-26,4,,False,False,2026-10-05T10:53:22.227Z
f6b33bc6f85d4cd2,ChIJV5xzMu2--F8RWQ-vfzwcJFs,2026-09-26T23:03:34Z,2026-09-27,5,,False,False,2026-10-05T10:53:22.227Z
49b5f98c158a77b2,ChIJV5xzMu2--F8RWQ-vfzwcJFs,2026-09-28T00:35:36Z,2026-09-28,5,ja,True,False,2026-10-05T10:53:22.227Z
9b00ad107667965e,ChIJV5xzMu2--F8RWQ-vfzwcJFs,2026-09-28T19:32:38Z,2026-09-29,5,ja,True,False,2026-10-05T10:53:22.227Z
85010983031d2bc6,ChIJV5xzMu2--F8RWQ-vfzwcJFs,2026-09-28T20:14:39Z,2026-09-29,5,,False,False,2026-10-05T10:53:22.227Z
4e006041ddcfcfa1,ChIJV5xzMu2--F8RWQ-vfzwcJFs,2026-09-28T20:50:00Z,2026-09-29,3,,False,False,2026-10-05T10:53:22.227Z
c2671cd15ea0baf2,ChIJV5xzMu2--F8RWQ-vfzwcJFs,2026-09-29T09:51:37Z,2026-09-29,4,,False,False,2026-10-05T10:53:22.227Z
b4e5baa0f47254f5,ChIJV5xzMu2--F8RWQ-vfzwcJFs,2026-09-30T23:32:09Z,2026-10-01,3,,False,False,2026-10-05T10:53:22.227Z
6ea42270561ad7c4,ChIJV5xzMu2--F8RWQ-vfzwcJFs,2026-10-01T13:03:55Z,2026-10-01,5,,False,False,2026-10-05T10:53:22.227Z
3dd9be237b60f47b,ChIJV5xzMu2--F8RWQ-vfzwcJFs,2026-10-03T05:20:34Z,2026-10-03,5,,False,False,2026-10-05T10:53:22.227Z
11da860367069e7f,ChIJV5xzMu2--F8RWQ-vfzwcJFs,2026-10-03T10:04:52Z,2026-10-03,3,,False,False,2026-10-05T10:53:22.227Z
5fbfac4972e94400,ChIJV5xzMu2--F8RWQ-vfzwcJFs,2026-10-04T03:06:22Z,2026-10-04,5,,False,False,2026-10-05T10:53:22.227Z
6c84f7e0623237c8,ChIJV5xzMu2--F8RWQ-vfzwcJFs,2026-10-05T10:32:59Z,2026-10-05,3,,False,False,2026-10-05T10:53:22.227Z
