review_hash,place_id,published_at,date,stars,language,has_text,owner_replied,scraped_at
346a328bf2b2b222,ChIJedhrVPOa-F8R4bRGdkr_0VU,2026-05-27T15:20:26Z,2026-05-28,4,,False,False,2026-09-28T05:30:20.240Z
a6cf77daba27cfa1,ChIJedhrVPOa-F8R4bRGdkr_0VU,2026-05-27T20:25:56Z,2026-05-28,5,ja,True,False,2026-09-28T05:30:20.240Z
fcb00b44f46d3140,ChIJedhrVPOa-F8R4bRGdkr_0VU,2026-05-28T08:31:34Z,2026-05-28,5,,False,False,2026-09-28T05:30:20.240Z
b9aae68187744dcf,ChIJedhrVPOa-F8R4bRGdkr_0VU,2026-05-28T08:35:27Z,2026-05-28,5,ja,True,False,2026-09-28T05:30:20.240Z
daf95b35ba3921e6,ChIJedhrVPOa-F8R4bRGdkr_0VU,2026-05-28T14:16:24Z,2026-05-28,2,ja,True,False,2026-09-28T05:30:20.240Z
2dfecd76f293e72b,ChIJedhrVPOa-F8R4bRGdkr_0VU,2026-05-29T06:26:57Z,2026-05-29,5,,False,False,2026-09-28T05:30:20.240Z
0bd0fab84b8e521a,ChIJedhrVPOa-F8R4bRGdkr_0VU,2026-05-29T08:34:58Z,2026-05-29,5,,False,False,2026-09-28T05:30:20.240Z
294391159ee9c328,ChIJedhrVPOa-F8R4bRGdkr_0VU,2026-05-29T08:35:50Z,2026-05-29,4,,False,False,2026-09-28T05:30:20.240Z
dc81b43b012bec6e,ChIJedhrVPOa-F8R4bRGdkr_0VU,2026-05-29T10:48:29Z,2026-05-29,5,,False,False,2026-09-28T05:30:20.240Z
8211792847d74d41,ChIJedhrVPOa-F8R4bRGdkr_0VU,2026-05-29T11:01:29Z,2026-05-29,5,ja,True,False,2026-09-28T05:30:20.240Z
c3cfe98d09ea8c4d,ChIJedhrVPOa-F8R4bRGdkr_0VU,2026-05-29T15:08:36Z,2026-05-30,5,ja,True,False,2026-09-28T05:30:20.240Z
dab06485ca6eeb64,ChIJedhrVPOa-F8R4bRGdkr_0VU,2026-05-30T01:29:59Z,2026-05-30,5,ja,True,False,2026-09-28T05:30:20.240Z
6bf21b6f60378a79,ChIJedhrVPOa-F8R4bRGdkr_0VU,2026-05-30T03:00:59Z,2026-05-30,5,zh-Hant,True,False,2026-09-28T05:30:20.240Z
bdf053bd62f12e17,ChIJedhrVPOa-F8R4bRGdkr_0VU,2026-05-30T08:45:27Z,2026-05-30,4,,False,False,2026-09-28T05:30:20.240Z
a6dea9e0c257981b,ChIJedhrVPOa-F8R4bRGdkr_0VU,2026-05-30T15:20:39Z,2026-05-31,5,,False,False,2026-09-28T05:30:20.240Z
aabb34e63ac088b9,ChIJedhrVPOa-F8R4bRGdkr_0VU,2026-05-31T00:12:29Z,2026-05-31,5,,False,False,2026-09-28T05:30:20.240Z
8ddb7779a44e59bd,ChIJedhrVPOa-F8R4bRGdkr_0VU,2026-05-31T04:31:02Z,2026-05-31,4,,False,False,2026-09-28T05:30:20.240Z
684d99b0dea957ff,ChIJedhrVPOa-F8R4bRGdkr_0VU,2026-05-31T09:58:12Z,2026-05-31,5,,False,False,2026-09-28T05:30:20.240Z
f9d13bfbcf74c0ab,ChIJedhrVPOa-F8R4bRGdkr_0VU,2026-05-31T11:28:36Z,2026-05-31,5,ja,True,False,2026-09-28T05:30:20.240Z
b45afcc578d57198,ChIJedhrVPOa-F8R4bRGdkr_0VU,2026-05-31T15:18:51Z,2026-06-01,4,,False,False,2026-09-28T05:30:20.240Z
6f181947159ea07c,ChIJedhrVPOa-F8R4bRGdkr_0VU,2026-06-01T00:08:49Z,2026-06-01,5,,False,False,2026-09-28T05:30:20.240Z
43eb9e63f88836fb,ChIJedhrVPOa-F8R4bRGdkr_0VU,2026-06-01T01:22:24Z,2026-06-01,5,,False,False,2026-09-28T05:30:20.240Z
41cd79cca9680889,ChIJedhrVPOa-F8R4bRGdkr_0VU,2026-06-01T02:25:39Z,2026-06-01,5,,False,False,2026-09-28T05:30:20.240Z
06b0e7d576459c19,ChIJedhrVPOa-F8R4bRGdkr_0VU,2026-06-01T11:20:14Z,2026-06-01,5,,False,False,2026-09-28T05:30:20.240Z
2028c42ca8792307,ChIJedhrVPOa-F8R4bRGdkr_0VU,2026-06-01T13:19:40Z,2026-06-01,4,ja,True,False,2026-09-28T05:30:20.240Z
8dd9a581b804ea97,ChIJedhrVPOa-F8R4bRGdkr_0VU,2026-06-01T13:49:24Z,2026-06-01,5,,False,False,2026-09-28T05:30:20.240Z
3d4961d62eec460e,ChIJedhrVPOa-F8R4bRGdkr_0VU,2026-06-01T14:37:43Z,2026-06-01,5,,False,False,2026-09-28T05:30:20.240Z
a022175c72308b49,ChIJedhrVPOa-F8R4bRGdkr_0VU,2026-06-01T22:37:17Z,2026-06-02,5,en,True,False,2026-09-28T05:30:20.240Z
cd3573cdf53efe62,ChIJedhrVPOa-F8R4bRGdkr_0VU,2026-06-02T00:35:45Z,2026-06-02,5,,False,False,2026-09-28T05:30:20.240Z
a34e656aec60f095,ChIJedhrVPOa-F8R4bRGdkr_0VU,2026-06-02T01:36:34Z,2026-06-02,5,,False,False,2026-09-28T05:30:20.240Z
4f990f4e4532991f,ChIJedhrVPOa-F8R4bRGdkr_0VU,2026-06-02T07:11:24Z,2026-06-02,5,ja,True,False,2026-09-28T05:30:20.240Z
7f486c2b424041d5,ChIJedhrVPOa-F8R4bRGdkr_0VU,2026-06-02T07:13:53Z,2026-06-02,5,ja,True,False,2026-09-28T05:30:20.240Z
07912570d2403984,ChIJedhrVPOa-F8R4bRGdkr_0VU,2026-06-02T10:10:02Z,2026-06-02,5,ja,True,False,2026-09-28T05:30:20.240Z
1cf445cc4a3fa836,ChIJedhrVPOa-F8R4bRGdkr_0VU,2026-06-02T13:15:05Z,2026-06-02,5,ja,True,False,2026-09-28T05:30:20.240Z
c2a8cd5e9159c885,ChIJedhrVPOa-F8R4bRGdkr_0VU,2026-06-02T15:37:08Z,2026-06-03,5,,False,False,2026-09-28T05:30:20.240Z
e03de0158ef4f707,ChIJedhrVPOa-F8R4bRGdkr_0VU,2026-06-02T22:38:20Z,2026-06-03,4,,False,False,2026-09-28T05:30:20.240Z
7e40efe21fc25af1,ChIJedhrVPOa-F8R4bRGdkr_0VU,2026-06-02T23:40:51Z,2026-06-03,5,,False,False,2026-09-28T05:30:20.240Z
038e61e183180182,ChIJedhrVPOa-F8R4bRGdkr_0VU,2026-06-02T23:56:38Z,2026-06-03,5,ja,True,False,2026-09-28T05:30:20.240Z
473bf9236165eaaa,ChIJedhrVPOa-F8R4bRGdkr_0VU,2026-06-03T01:13:46Z,2026-06-03,5,,False,False,2026-09-28T05:30:20.240Z
ef601773b8a2e0ac,ChIJedhrVPOa-F8R4bRGdkr_0VU,2026-06-03T10:50:24Z,2026-06-03,5,zh-Hant,True,False,2026-09-28T05:30:20.240Z
85e7ae1b173244ac,ChIJedhrVPOa-F8R4bRGdkr_0VU,2026-06-03T11:20:30Z,2026-06-03,5,ja,True,False,2026-09-28T05:30:20.240Z
e0c4f9b293f3db78,ChIJedhrVPOa-F8R4bRGdkr_0VU,2026-06-03T12:29:41Z,2026-06-03,4,,False,False,2026-09-28T05:30:20.240Z
b3bf57b9ffc7958d,ChIJedhrVPOa-F8R4bRGdkr_0VU,2026-06-03T12:54:06Z,2026-06-03,5,,False,False,2026-09-28T05:30:20.240Z
0334d8f4eb28c500,ChIJedhrVPOa-F8R4bRGdkr_0VU,2026-06-03T13:03:16Z,2026-06-03,5,en-GB,True,False,2026-09-28T05:30:20.240Z
0f92ca81a9d30693,ChIJedhrVPOa-F8R4bRGdkr_0VU,2026-06-03T22:15:47Z,2026-06-04,4,ja,True,False,2026-09-28T05:30:20.240Z
0b4ecf522f896c4a,ChIJedhrVPOa-F8R4bRGdkr_0VU,2026-06-04T05:12:01Z,2026-06-04,4,,False,False,2026-09-28T05:30:20.240Z
7c358b7f2ca9fc56,ChIJedhrVPOa-F8R4bRGdkr_0VU,2026-06-04T09:02:05Z,2026-06-04,5,ja,True,False,2026-09-28T05:30:20.240Z
757be08cc508eb53,ChIJedhrVPOa-F8R4bRGdkr_0VU,2026-06-05T05:01:41Z,2026-06-05,5,ja,True,False,2026-09-28T05:30:20.240Z
89641358f11d572e,ChIJedhrVPOa-F8R4bRGdkr_0VU,2026-06-05T18:22:01Z,2026-06-06,5,,False,False,2026-09-28T05:30:20.240Z
ce5a35362cb9c891,ChIJedhrVPOa-F8R4bRGdkr_0VU,2026-06-06T02:35:05Z,2026-06-06,4,,False,False,2026-09-28T05:30:20.240Z
be7b6b086bae0b58,ChIJedhrVPOa-F8R4bRGdkr_0VU,2026-06-06T07:00:12Z,2026-06-06,5,ja,True,False,2026-09-28T05:30:20.240Z
53eb8c8e1ecc91e8,ChIJedhrVPOa-F8R4bRGdkr_0VU,2026-06-06T08:08:44Z,2026-06-06,5,,False,False,2026-09-28T05:30:20.240Z
4f4ecd39ecc837b7,ChIJedhrVPOa-F8R4bRGdkr_0VU,2026-06-06T10:53:43Z,2026-06-06,5,,False,False,2026-09-28T05:30:20.240Z
dcae6d7805e81bbe,ChIJedhrVPOa-F8R4bRGdkr_0VU,2026-06-06T12:06:08Z,2026-06-06,1,ja,True,False,2026-09-28T05:30:20.240Z
0a1c647a67cc0a82,ChIJedhrVPOa-F8R4bRGdkr_0VU,2026-06-06T13:04:50Z,2026-06-06,5,,False,False,2026-09-28T05:30:20.240Z
a8b5491e0defc740,ChIJedhrVPOa-F8R4bRGdkr_0VU,2026-06-06T14:06:05Z,2026-06-06,4,,False,False,2026-09-28T05:30:20.240Z
cb52c812e96d306f,ChIJedhrVPOa-F8R4bRGdkr_0VU,2026-06-06T16:17:52Z,2026-06-07,4,ja,True,False,2026-09-28T05:30:20.240Z
47cf4045495d3803,ChIJedhrVPOa-F8R4bRGdkr_0VU,2026-06-06T16:25:54Z,2026-06-07,4,ja,True,False,2026-09-28T05:30:20.240Z
2553f0d79ab23a29,ChIJedhrVPOa-F8R4bRGdkr_0VU,2026-06-06T19:33:34Z,2026-06-07,5,ja,True,False,2026-09-28T05:30:20.240Z
d0b972ec1a930846,ChIJedhrVPOa-F8R4bRGdkr_0VU,2026-06-07T02:55:43Z,2026-06-07,4,,False,False,2026-09-28T05:30:20.240Z
92c58a407542f420,ChIJedhrVPOa-F8R4bRGdkr_0VU,2026-06-07T05:59:33Z,2026-06-07,5,,False,False,2026-09-28T05:30:20.240Z
95ba2457df34f9c7,ChIJedhrVPOa-F8R4bRGdkr_0VU,2026-06-07T06:37:15Z,2026-06-07,5,ja,True,False,2026-09-28T05:30:20.240Z
3b1363ea07d73d17,ChIJedhrVPOa-F8R4bRGdkr_0VU,2026-06-07T07:07:21Z,2026-06-07,5,ja,True,False,2026-09-28T05:30:20.240Z
fd1c2bd3f3c7e244,ChIJedhrVPOa-F8R4bRGdkr_0VU,2026-06-07T14:24:24Z,2026-06-07,4,ja,True,False,2026-09-28T05:30:20.240Z
ddcdca8e9bfef28d,ChIJedhrVPOa-F8R4bRGdkr_0VU,2026-06-07T14:58:21Z,2026-06-07,5,,False,False,2026-09-28T05:30:20.240Z
78ac2574757679d9,ChIJedhrVPOa-F8R4bRGdkr_0VU,2026-06-07T23:40:41Z,2026-06-08,5,,False,False,2026-09-28T05:30:20.240Z
e7915ad7d0078d5c,ChIJedhrVPOa-F8R4bRGdkr_0VU,2026-06-08T03:23:00Z,2026-06-08,5,ja,True,False,2026-09-28T05:30:20.240Z
43e1201d8efc605d,ChIJedhrVPOa-F8R4bRGdkr_0VU,2026-06-08T06:17:11Z,2026-06-08,5,ko,True,False,2026-09-28T05:30:20.240Z
b7029f510e3fda8b,ChIJedhrVPOa-F8R4bRGdkr_0VU,2026-06-08T09:02:40Z,2026-06-08,5,ja,True,False,2026-09-28T05:30:20.240Z
fc424c1d834d1663,ChIJedhrVPOa-F8R4bRGdkr_0VU,2026-06-08T09:12:45Z,2026-06-08,5,,False,False,2026-09-28T05:30:20.240Z
a5a4ba4cb6f6c077,ChIJedhrVPOa-F8R4bRGdkr_0VU,2026-06-08T12:46:17Z,2026-06-08,4,ja,True,False,2026-09-28T05:30:20.240Z
c9ff06bdfda146ea,ChIJedhrVPOa-F8R4bRGdkr_0VU,2026-06-08T12:59:09Z,2026-06-08,5,ja,True,False,2026-09-28T05:30:20.240Z
8fea21231ddf157e,ChIJedhrVPOa-F8R4bRGdkr_0VU,2026-06-08T16:03:31Z,2026-06-09,5,,False,False,2026-09-28T05:30:20.240Z
9a1375dc6be59d46,ChIJedhrVPOa-F8R4bRGdkr_0VU,2026-06-08T23:18:18Z,2026-06-09,4,ja,True,False,2026-09-28T05:30:20.240Z
56a1f90a740b6759,ChIJedhrVPOa-F8R4bRGdkr_0VU,2026-06-09T03:17:32Z,2026-06-09,5,,False,False,2026-09-28T05:30:20.240Z
bb96ed8c40a6bfb4,ChIJedhrVPOa-F8R4bRGdkr_0VU,2026-06-09T03:54:07Z,2026-06-09,4,,False,False,2026-09-28T05:30:20.240Z
07eddbc0dfc2e78d,ChIJedhrVPOa-F8R4bRGdkr_0VU,2026-06-09T07:32:12Z,2026-06-09,4,,False,False,2026-09-28T05:30:20.240Z
f07c37ea806e6d28,ChIJedhrVPOa-F8R4bRGdkr_0VU,2026-06-09T11:22:29Z,2026-06-09,5,,False,False,2026-09-28T05:30:20.240Z
eb44c7c63f2babce,ChIJedhrVPOa-F8R4bRGdkr_0VU,2026-06-09T13:56:35Z,2026-06-09,4,,False,False,2026-09-28T05:30:20.240Z
2847d58b79a1600f,ChIJedhrVPOa-F8R4bRGdkr_0VU,2026-06-09T20:04:15Z,2026-06-10,5,ja,True,False,2026-09-28T05:30:20.240Z
9dd9952af10a37a2,ChIJedhrVPOa-F8R4bRGdkr_0VU,2026-06-09T21:42:40Z,2026-06-10,5,en,True,False,2026-09-28T05:30:20.240Z
630c74691f64bcdb,ChIJedhrVPOa-F8R4bRGdkr_0VU,2026-06-10T01:23:32Z,2026-06-10,5,,False,False,2026-09-28T05:30:20.240Z
233db1c09adbbf80,ChIJedhrVPOa-F8R4bRGdkr_0VU,2026-06-10T01:25:20Z,2026-06-10,4,ja,True,False,2026-09-28T05:30:20.240Z
bcefa867d4e918fc,ChIJedhrVPOa-F8R4bRGdkr_0VU,2026-06-10T23:38:07Z,2026-06-11,4,,False,False,2026-09-28T05:30:20.240Z
b2405303df31409a,ChIJedhrVPOa-F8R4bRGdkr_0VU,2026-06-11T02:12:17Z,2026-06-11,5,ja,True,False,2026-09-28T05:30:20.240Z
020dd65cb5549eb6,ChIJedhrVPOa-F8R4bRGdkr_0VU,2026-06-11T06:40:54Z,2026-06-11,4,,False,False,2026-09-28T05:30:20.240Z
c1eabfce37081721,ChIJedhrVPOa-F8R4bRGdkr_0VU,2026-06-11T08:04:35Z,2026-06-11,5,ja,True,False,2026-09-28T05:30:20.240Z
3147659343e53531,ChIJedhrVPOa-F8R4bRGdkr_0VU,2026-06-11T08:31:11Z,2026-06-11,5,ja,True,False,2026-09-28T05:30:20.240Z
ec25c1d987ad2d22,ChIJedhrVPOa-F8R4bRGdkr_0VU,2026-06-11T16:40:37Z,2026-06-12,5,zh-Hant,True,False,2026-09-28T05:30:20.240Z
62329f016ce18639,ChIJedhrVPOa-F8R4bRGdkr_0VU,2026-06-11T17:20:07Z,2026-06-12,5,ja,True,False,2026-09-28T05:30:20.240Z
77649345bceaa8a4,ChIJedhrVPOa-F8R4bRGdkr_0VU,2026-06-12T00:29:31Z,2026-06-12,4,,False,False,2026-09-28T05:30:20.240Z
6f697eb0537276d3,ChIJedhrVPOa-F8R4bRGdkr_0VU,2026-06-12T04:01:52Z,2026-06-12,5,ja,True,False,2026-09-28T05:30:20.240Z
37a8821f3e356a3d,ChIJedhrVPOa-F8R4bRGdkr_0VU,2026-06-12T14:56:44Z,2026-06-12,5,,False,False,2026-09-28T05:30:20.240Z
84d27b98db5eb6e3,ChIJedhrVPOa-F8R4bRGdkr_0VU,2026-06-13T01:36:15Z,2026-06-13,4,,False,False,2026-09-28T05:30:20.240Z
2be34a2cb05b4cb7,ChIJedhrVPOa-F8R4bRGdkr_0VU,2026-06-13T05:42:44Z,2026-06-13,5,,False,False,2026-09-28T05:30:20.240Z
ba6a539a921fb32f,ChIJedhrVPOa-F8R4bRGdkr_0VU,2026-06-13T07:43:45Z,2026-06-13,5,ja,True,False,2026-09-28T05:30:20.240Z
92f9b857e99ef464,ChIJedhrVPOa-F8R4bRGdkr_0VU,2026-06-13T08:57:10Z,2026-06-13,4,ja,True,False,2026-09-28T05:30:20.240Z
588001b729f6973c,ChIJedhrVPOa-F8R4bRGdkr_0VU,2026-06-13T10:41:26Z,2026-06-13,4,,False,False,2026-09-28T05:30:20.240Z
98182443a0348d0c,ChIJedhrVPOa-F8R4bRGdkr_0VU,2026-06-14T01:03:32Z,2026-06-14,4,,False,False,2026-09-28T05:30:20.240Z
e1dedd491bba6f22,ChIJedhrVPOa-F8R4bRGdkr_0VU,2026-06-14T01:53:47Z,2026-06-14,5,,False,False,2026-09-28T05:30:20.240Z
775fcaea4d0f3fdd,ChIJedhrVPOa-F8R4bRGdkr_0VU,2026-06-14T07:25:48Z,2026-06-14,5,ja,True,False,2026-09-28T05:30:20.240Z
53111c159af0f0bb,ChIJedhrVPOa-F8R4bRGdkr_0VU,2026-06-14T08:01:50Z,2026-06-14,5,it,True,False,2026-09-28T05:30:20.240Z
4e16f125502a1481,ChIJedhrVPOa-F8R4bRGdkr_0VU,2026-06-14T09:29:46Z,2026-06-14,4,,False,False,2026-09-28T05:30:20.240Z
a2062463a55f6df6,ChIJedhrVPOa-F8R4bRGdkr_0VU,2026-06-14T12:58:43Z,2026-06-14,5,ja,True,False,2026-09-28T05:30:20.240Z
ed11c5b3715461d0,ChIJedhrVPOa-F8R4bRGdkr_0VU,2026-06-15T03:54:33Z,2026-06-15,3,ja,True,False,2026-09-28T05:30:20.240Z
cf4cf5d90f8b169d,ChIJedhrVPOa-F8R4bRGdkr_0VU,2026-06-15T05:27:51Z,2026-06-15,5,,False,False,2026-09-28T05:30:20.240Z
017670b97a40b47a,ChIJedhrVPOa-F8R4bRGdkr_0VU,2026-06-15T05:46:28Z,2026-06-15,3,ja,True,False,2026-09-28T05:30:20.240Z
dea6c9a72bea2e59,ChIJedhrVPOa-F8R4bRGdkr_0VU,2026-06-15T07:04:41Z,2026-06-15,5,,False,False,2026-09-28T05:30:20.240Z
1caf4a67bc7ba56b,ChIJedhrVPOa-F8R4bRGdkr_0VU,2026-06-15T09:53:58Z,2026-06-15,2,ja,True,False,2026-09-28T05:30:20.240Z
9b0e0157329722e7,ChIJedhrVPOa-F8R4bRGdkr_0VU,2026-06-15T13:37:03Z,2026-06-15,5,ja,True,False,2026-09-28T05:30:20.240Z
9e852cae1f7887cd,ChIJedhrVPOa-F8R4bRGdkr_0VU,2026-06-15T16:17:05Z,2026-06-16,5,,False,False,2026-09-28T05:30:20.240Z
aa300ef0b1aaefd5,ChIJedhrVPOa-F8R4bRGdkr_0VU,2026-06-15T17:15:04Z,2026-06-16,5,ja,True,False,2026-09-28T05:30:20.240Z
2672a461e039be06,ChIJedhrVPOa-F8R4bRGdkr_0VU,2026-06-15T22:37:19Z,2026-06-16,5,,False,False,2026-09-28T05:30:20.240Z
54e02e0b88d74b6b,ChIJedhrVPOa-F8R4bRGdkr_0VU,2026-06-16T00:35:58Z,2026-06-16,4,,False,False,2026-09-28T05:30:20.240Z
1d819eed73a7b9a6,ChIJedhrVPOa-F8R4bRGdkr_0VU,2026-06-16T08:55:59Z,2026-06-16,5,ja,True,False,2026-09-28T05:30:20.240Z
0d8d1eb450b669ea,ChIJedhrVPOa-F8R4bRGdkr_0VU,2026-06-16T16:37:11Z,2026-06-17,5,ja,True,False,2026-09-28T05:30:20.240Z
9e0d0c813f40e11b,ChIJedhrVPOa-F8R4bRGdkr_0VU,2026-06-16T23:54:37Z,2026-06-17,5,zh-Hant,True,False,2026-09-28T05:30:20.240Z
abeaa5527a779fa8,ChIJedhrVPOa-F8R4bRGdkr_0VU,2026-06-17T01:37:38Z,2026-06-17,4,,False,False,2026-09-28T05:30:20.240Z
92bfabba2d6f8800,ChIJedhrVPOa-F8R4bRGdkr_0VU,2026-06-17T07:57:57Z,2026-06-17,4,,False,False,2026-09-28T05:30:20.240Z
be962f715120b1e5,ChIJedhrVPOa-F8R4bRGdkr_0VU,2026-06-17T09:19:42Z,2026-06-17,5,,False,False,2026-09-28T05:30:20.240Z
3f9e53bf451f8a18,ChIJedhrVPOa-F8R4bRGdkr_0VU,2026-06-17T10:41:07Z,2026-06-17,5,ja,True,False,2026-09-28T05:30:20.240Z
3f1c827669b388e4,ChIJedhrVPOa-F8R4bRGdkr_0VU,2026-06-17T11:02:25Z,2026-06-17,5,ja,True,False,2026-09-28T05:30:20.240Z
aa8e158302786579,ChIJedhrVPOa-F8R4bRGdkr_0VU,2026-06-17T11:45:18Z,2026-06-17,5,zh-Hant,True,False,2026-09-28T05:30:20.240Z
bae0bb661855ff20,ChIJedhrVPOa-F8R4bRGdkr_0VU,2026-06-17T11:59:30Z,2026-06-17,1,,False,False,2026-09-28T05:30:20.240Z
d1be8865a9296eeb,ChIJedhrVPOa-F8R4bRGdkr_0VU,2026-06-17T14:38:28Z,2026-06-17,4,ja,True,False,2026-09-28T05:30:20.240Z
d73f435def0ea180,ChIJedhrVPOa-F8R4bRGdkr_0VU,2026-06-17T15:41:29Z,2026-06-18,4,,False,False,2026-09-28T05:30:20.240Z
99ce51004a93c7d6,ChIJedhrVPOa-F8R4bRGdkr_0VU,2026-06-17T23:05:58Z,2026-06-18,5,,False,False,2026-09-28T05:30:20.240Z
e690e1951cd4b12c,ChIJedhrVPOa-F8R4bRGdkr_0VU,2026-06-17T23:22:41Z,2026-06-18,5,,False,False,2026-09-28T05:30:20.240Z
9c4b1939288249f3,ChIJedhrVPOa-F8R4bRGdkr_0VU,2026-06-17T23:34:28Z,2026-06-18,5,,False,False,2026-09-28T05:30:20.240Z
11e3570b18de0554,ChIJedhrVPOa-F8R4bRGdkr_0VU,2026-06-18T13:10:47Z,2026-06-18,5,ja,True,False,2026-09-28T05:30:20.240Z
0154993aa555a0f7,ChIJedhrVPOa-F8R4bRGdkr_0VU,2026-06-19T04:14:02Z,2026-06-19,5,,False,False,2026-09-28T05:30:20.240Z
0510ff27769f7204,ChIJedhrVPOa-F8R4bRGdkr_0VU,2026-06-19T06:35:18Z,2026-06-19,5,,False,False,2026-09-28T05:30:20.240Z
a6405310a1a6bcb4,ChIJedhrVPOa-F8R4bRGdkr_0VU,2026-06-19T07:03:35Z,2026-06-19,5,zh-Hant,True,False,2026-09-28T05:30:20.240Z
99a68773d9475851,ChIJedhrVPOa-F8R4bRGdkr_0VU,2026-06-19T07:36:44Z,2026-06-19,4,ja,True,False,2026-09-28T05:30:20.240Z
8f2902c9363c100b,ChIJedhrVPOa-F8R4bRGdkr_0VU,2026-06-19T11:43:09Z,2026-06-19,5,ja,True,False,2026-09-28T05:30:20.240Z
0fc246564a504a3a,ChIJedhrVPOa-F8R4bRGdkr_0VU,2026-06-19T12:21:01Z,2026-06-19,5,,False,False,2026-09-28T05:30:20.240Z
01246761722d38d9,ChIJedhrVPOa-F8R4bRGdkr_0VU,2026-06-19T13:08:54Z,2026-06-19,5,ja,True,False,2026-09-28T05:30:20.240Z
6a157f437baa108b,ChIJedhrVPOa-F8R4bRGdkr_0VU,2026-06-19T16:26:12Z,2026-06-20,5,,False,False,2026-09-28T05:30:20.240Z
ada4b7d6d800def5,ChIJedhrVPOa-F8R4bRGdkr_0VU,2026-06-20T02:38:57Z,2026-06-20,4,ja,True,False,2026-09-28T05:30:20.240Z
551bd152e8c14027,ChIJedhrVPOa-F8R4bRGdkr_0VU,2026-06-20T03:01:23Z,2026-06-20,3,ja,True,False,2026-09-28T05:30:20.240Z
fe9a9a8e0f63e438,ChIJedhrVPOa-F8R4bRGdkr_0VU,2026-06-20T03:44:38Z,2026-06-20,4,,False,False,2026-09-28T05:30:20.240Z
72cda535b277b04d,ChIJedhrVPOa-F8R4bRGdkr_0VU,2026-06-20T06:35:54Z,2026-06-20,5,pt,True,False,2026-09-28T05:30:20.240Z
ec3563173aa6b676,ChIJedhrVPOa-F8R4bRGdkr_0VU,2026-06-20T11:15:10Z,2026-06-20,4,ja,True,False,2026-09-28T05:30:20.240Z
4f926c8338d5a867,ChIJedhrVPOa-F8R4bRGdkr_0VU,2026-06-20T18:23:18Z,2026-06-21,4,,False,False,2026-09-28T05:30:20.240Z
9cebe2730fc210d4,ChIJedhrVPOa-F8R4bRGdkr_0VU,2026-06-20T20:36:54Z,2026-06-21,5,ja,True,False,2026-09-28T05:30:20.240Z
244f1b0c91baa8ad,ChIJedhrVPOa-F8R4bRGdkr_0VU,2026-06-21T00:02:00Z,2026-06-21,5,ja,True,False,2026-09-28T05:30:20.240Z
6d665c32a82b32f9,ChIJedhrVPOa-F8R4bRGdkr_0VU,2026-06-21T00:24:15Z,2026-06-21,5,,False,False,2026-09-28T05:30:20.240Z
b5fcb6b6d3b2ee5e,ChIJedhrVPOa-F8R4bRGdkr_0VU,2026-06-21T02:18:41Z,2026-06-21,5,ja,True,False,2026-09-28T05:30:20.240Z
202beba00bea2b76,ChIJedhrVPOa-F8R4bRGdkr_0VU,2026-06-21T04:00:47Z,2026-06-21,4,ja,True,False,2026-09-28T05:30:20.240Z
da6963ab9aa06893,ChIJedhrVPOa-F8R4bRGdkr_0VU,2026-06-21T04:43:28Z,2026-06-21,5,,False,False,2026-09-28T05:30:20.240Z
bc6dd1181bc2f503,ChIJedhrVPOa-F8R4bRGdkr_0VU,2026-06-21T07:04:04Z,2026-06-21,5,ja,True,False,2026-09-28T05:30:20.240Z
79a5e312bc9a1c7b,ChIJedhrVPOa-F8R4bRGdkr_0VU,2026-06-21T08:41:02Z,2026-06-21,5,,False,False,2026-09-28T05:30:20.240Z
4806037c7cb65968,ChIJedhrVPOa-F8R4bRGdkr_0VU,2026-06-21T08:53:14Z,2026-06-21,4,ja,True,False,2026-09-28T05:30:20.240Z
7f5e2bfb83cebfd2,ChIJedhrVPOa-F8R4bRGdkr_0VU,2026-06-21T09:23:09Z,2026-06-21,5,ja,True,False,2026-09-28T05:30:20.240Z
3fc9e63a20982a1c,ChIJedhrVPOa-F8R4bRGdkr_0VU,2026-06-21T11:13:15Z,2026-06-21,5,ja,True,False,2026-09-28T05:30:20.240Z
56dba59ff87347b9,ChIJedhrVPOa-F8R4bRGdkr_0VU,2026-06-21T11:22:27Z,2026-06-21,5,,False,False,2026-09-28T05:30:20.240Z
10214f875de596a9,ChIJedhrVPOa-F8R4bRGdkr_0VU,2026-06-21T11:49:41Z,2026-06-21,4,,False,False,2026-09-28T05:30:20.240Z
f5c1506973dd5a76,ChIJedhrVPOa-F8R4bRGdkr_0VU,2026-06-21T12:00:16Z,2026-06-21,5,ja,True,False,2026-09-28T05:30:20.240Z
eb29ab579099a1f7,ChIJedhrVPOa-F8R4bRGdkr_0VU,2026-06-21T12:58:50Z,2026-06-21,5,ja,True,False,2026-09-28T05:30:20.240Z
9e54c4cb66ecffff,ChIJedhrVPOa-F8R4bRGdkr_0VU,2026-06-21T14:09:34Z,2026-06-21,5,zh-Hant,True,False,2026-09-28T05:30:20.240Z
7bfe03c1960a164b,ChIJedhrVPOa-F8R4bRGdkr_0VU,2026-06-21T22:45:06Z,2026-06-22,5,,False,False,2026-09-28T05:30:20.240Z
ba189c71430b7ef2,ChIJedhrVPOa-F8R4bRGdkr_0VU,2026-06-22T05:00:14Z,2026-06-22,5,ja,True,False,2026-09-28T05:30:20.240Z
b3eb9c16d9d5c61a,ChIJedhrVPOa-F8R4bRGdkr_0VU,2026-06-22T06:21:13Z,2026-06-22,5,,False,False,2026-09-28T05:30:20.240Z
fcc50971de7440fe,ChIJedhrVPOa-F8R4bRGdkr_0VU,2026-06-22T10:44:13Z,2026-06-22,5,,False,False,2026-09-28T05:30:20.240Z
eb3169e83a13c3f7,ChIJedhrVPOa-F8R4bRGdkr_0VU,2026-06-22T10:59:52Z,2026-06-22,5,,False,False,2026-09-28T05:30:20.240Z
bface53a10ce8f30,ChIJedhrVPOa-F8R4bRGdkr_0VU,2026-06-22T14:18:09Z,2026-06-22,5,,False,False,2026-09-28T05:30:20.240Z
b269b457ea66e91a,ChIJedhrVPOa-F8R4bRGdkr_0VU,2026-06-22T15:30:37Z,2026-06-23,4,,False,False,2026-09-28T05:30:20.240Z
f7429431df785ca5,ChIJedhrVPOa-F8R4bRGdkr_0VU,2026-06-23T04:12:30Z,2026-06-23,5,,False,False,2026-09-28T05:30:20.240Z
fa044a0a1c4b276a,ChIJedhrVPOa-F8R4bRGdkr_0VU,2026-06-23T05:43:33Z,2026-06-23,5,,False,False,2026-09-28T05:30:20.240Z
5bd6fecf09183278,ChIJedhrVPOa-F8R4bRGdkr_0VU,2026-06-23T08:22:36Z,2026-06-23,5,,False,False,2026-09-28T05:30:20.240Z
36741a8e459517b4,ChIJedhrVPOa-F8R4bRGdkr_0VU,2026-06-23T10:30:35Z,2026-06-23,5,ja,True,False,2026-09-28T05:30:20.240Z
63d72c7928add42a,ChIJedhrVPOa-F8R4bRGdkr_0VU,2026-06-23T11:30:39Z,2026-06-23,5,ja,True,False,2026-09-28T05:30:20.240Z
2ae629ab3762a291,ChIJedhrVPOa-F8R4bRGdkr_0VU,2026-06-23T13:45:35Z,2026-06-23,4,,False,False,2026-09-28T05:30:20.240Z
5573152a20a27543,ChIJedhrVPOa-F8R4bRGdkr_0VU,2026-06-23T14:16:11Z,2026-06-23,5,,False,False,2026-09-28T05:30:20.240Z
319182a327707670,ChIJedhrVPOa-F8R4bRGdkr_0VU,2026-06-23T14:19:14Z,2026-06-23,5,,False,False,2026-09-28T05:30:20.240Z
bc3bd3e542710861,ChIJedhrVPOa-F8R4bRGdkr_0VU,2026-06-24T02:13:26Z,2026-06-24,5,ja,True,False,2026-09-28T05:30:20.240Z
e84f79d289fd8716,ChIJedhrVPOa-F8R4bRGdkr_0VU,2026-06-24T03:40:11Z,2026-06-24,2,zh-Hant,True,False,2026-09-28T05:30:20.240Z
b43e5e05f9e05729,ChIJedhrVPOa-F8R4bRGdkr_0VU,2026-06-24T06:13:50Z,2026-06-24,5,,False,False,2026-09-28T05:30:20.240Z
e760a6a0a6e947c2,ChIJedhrVPOa-F8R4bRGdkr_0VU,2026-06-24T10:23:39Z,2026-06-24,4,ja,True,False,2026-09-28T05:30:20.240Z
dde2ce59e9aefdeb,ChIJedhrVPOa-F8R4bRGdkr_0VU,2026-06-24T12:39:47Z,2026-06-24,4,,False,False,2026-09-28T05:30:20.240Z
5d8dd6dcedb77b41,ChIJedhrVPOa-F8R4bRGdkr_0VU,2026-06-24T13:37:21Z,2026-06-24,5,,False,False,2026-09-28T05:30:20.240Z
aae1f05e3c509ef0,ChIJedhrVPOa-F8R4bRGdkr_0VU,2026-06-24T18:54:42Z,2026-06-25,4,ja,True,False,2026-09-28T05:30:20.240Z
6ddf7a3469243d85,ChIJedhrVPOa-F8R4bRGdkr_0VU,2026-06-25T01:59:25Z,2026-06-25,5,,False,False,2026-09-28T05:30:20.240Z
1acf148bbeea761d,ChIJedhrVPOa-F8R4bRGdkr_0VU,2026-06-25T02:57:40Z,2026-06-25,5,,False,False,2026-09-28T05:30:20.240Z
c634e9f75b98d1b0,ChIJedhrVPOa-F8R4bRGdkr_0VU,2026-06-25T05:52:36Z,2026-06-25,5,,False,False,2026-09-28T05:30:20.240Z
a70aa48913b695a9,ChIJedhrVPOa-F8R4bRGdkr_0VU,2026-06-25T10:37:27Z,2026-06-25,5,ja,True,False,2026-09-28T05:30:20.240Z
ccb1758f0d1a4d7c,ChIJedhrVPOa-F8R4bRGdkr_0VU,2026-06-25T12:09:04Z,2026-06-25,4,ja,True,False,2026-09-28T05:30:20.240Z
51179d3e625858fd,ChIJedhrVPOa-F8R4bRGdkr_0VU,2026-06-25T15:36:26Z,2026-06-26,5,ja,True,False,2026-09-28T05:30:20.240Z
d6716e6b53051a2a,ChIJedhrVPOa-F8R4bRGdkr_0VU,2026-06-25T18:48:07Z,2026-06-26,5,ja,True,False,2026-09-28T05:30:20.240Z
e7dd6a2cd17d2591,ChIJedhrVPOa-F8R4bRGdkr_0VU,2026-06-26T00:21:20Z,2026-06-26,5,ja,True,False,2026-09-28T05:30:20.240Z
c89e7332059750ed,ChIJedhrVPOa-F8R4bRGdkr_0VU,2026-06-26T00:23:29Z,2026-06-26,3,,False,False,2026-09-28T05:30:20.240Z
0b693c7b2b8b1898,ChIJedhrVPOa-F8R4bRGdkr_0VU,2026-06-26T00:52:29Z,2026-06-26,3,ja,True,False,2026-09-28T05:30:20.240Z
1d619c9b355795d2,ChIJedhrVPOa-F8R4bRGdkr_0VU,2026-06-26T04:38:46Z,2026-06-26,4,ja,True,False,2026-09-28T05:30:20.240Z
216d3a093a98fe66,ChIJedhrVPOa-F8R4bRGdkr_0VU,2026-06-26T05:07:15Z,2026-06-26,5,ja,True,False,2026-09-28T05:30:20.240Z
c1e0bb7ce0276ca4,ChIJedhrVPOa-F8R4bRGdkr_0VU,2026-06-26T07:37:52Z,2026-06-26,5,,False,False,2026-09-28T05:30:20.240Z
aca906ea26db4ca0,ChIJedhrVPOa-F8R4bRGdkr_0VU,2026-06-26T11:12:41Z,2026-06-26,5,,False,False,2026-09-28T05:30:20.240Z
7a59256e17f2a8ba,ChIJedhrVPOa-F8R4bRGdkr_0VU,2026-06-26T16:01:49Z,2026-06-27,5,,False,False,2026-09-28T05:30:20.240Z
7427db2b60fe9124,ChIJedhrVPOa-F8R4bRGdkr_0VU,2026-06-27T02:04:03Z,2026-06-27,5,,False,False,2026-09-28T05:30:20.240Z
56133ea64611f937,ChIJedhrVPOa-F8R4bRGdkr_0VU,2026-06-27T04:25:34Z,2026-06-27,5,ja,True,False,2026-09-28T05:30:20.240Z
2afeb0fec40810e9,ChIJedhrVPOa-F8R4bRGdkr_0VU,2026-06-27T08:15:49Z,2026-06-27,5,ja,True,False,2026-09-28T05:30:20.240Z
ed502cdcfd1ea8fb,ChIJedhrVPOa-F8R4bRGdkr_0VU,2026-06-28T00:26:21Z,2026-06-28,5,,False,False,2026-09-28T05:30:20.240Z
b8fdd03c5e47ec76,ChIJedhrVPOa-F8R4bRGdkr_0VU,2026-06-28T09:19:30Z,2026-06-28,4,,False,False,2026-09-28T05:30:20.240Z
affc88cbc1cd6ded,ChIJedhrVPOa-F8R4bRGdkr_0VU,2026-06-28T10:00:09Z,2026-06-28,5,,False,False,2026-09-28T05:30:20.240Z
a60fdaa2e8a8c4ce,ChIJedhrVPOa-F8R4bRGdkr_0VU,2026-06-28T15:28:44Z,2026-06-29,5,ja,True,False,2026-09-28T05:30:20.240Z
81522311f00d3171,ChIJedhrVPOa-F8R4bRGdkr_0VU,2026-06-28T22:21:35Z,2026-06-29,4,,False,False,2026-09-28T05:30:20.240Z
b813ca600e199501,ChIJedhrVPOa-F8R4bRGdkr_0VU,2026-06-28T22:26:18Z,2026-06-29,4,ja,True,False,2026-09-28T05:30:20.240Z
8cf40a8ee03b75b4,ChIJedhrVPOa-F8R4bRGdkr_0VU,2026-06-29T01:39:14Z,2026-06-29,4,,False,False,2026-09-28T05:30:20.240Z
d79eddb4f220bdb5,ChIJedhrVPOa-F8R4bRGdkr_0VU,2026-06-29T08:54:28Z,2026-06-29,5,ja,True,False,2026-09-28T05:30:20.240Z
a95e0b41b9d80c6e,ChIJedhrVPOa-F8R4bRGdkr_0VU,2026-06-29T11:10:14Z,2026-06-29,5,ja,True,False,2026-09-28T05:30:20.240Z
3bea5eb71789f3b5,ChIJedhrVPOa-F8R4bRGdkr_0VU,2026-06-29T12:45:00Z,2026-06-29,5,,False,False,2026-09-28T05:30:20.240Z
95e66a0a99881dfb,ChIJedhrVPOa-F8R4bRGdkr_0VU,2026-06-29T15:38:33Z,2026-06-30,2,ja,True,False,2026-09-28T05:30:20.240Z
bdbda20c1a3f3739,ChIJedhrVPOa-F8R4bRGdkr_0VU,2026-06-29T21:10:34Z,2026-06-30,5,ja,True,False,2026-09-28T05:30:20.240Z
3b261f3b6f2c3b57,ChIJedhrVPOa-F8R4bRGdkr_0VU,2026-06-29T22:45:10Z,2026-06-30,5,ja,True,False,2026-09-28T05:30:20.240Z
2c9063fc0dd7f045,ChIJedhrVPOa-F8R4bRGdkr_0VU,2026-06-30T07:59:23Z,2026-06-30,4,ja,True,False,2026-09-28T05:30:20.240Z
ed719d3b17a25da8,ChIJedhrVPOa-F8R4bRGdkr_0VU,2026-06-30T11:23:14Z,2026-06-30,5,ja,True,False,2026-09-28T05:30:20.240Z
49f9751a9ce91e5a,ChIJedhrVPOa-F8R4bRGdkr_0VU,2026-06-30T12:14:31Z,2026-06-30,4,,False,False,2026-09-28T05:30:20.240Z
85b11e5c02e2ce6e,ChIJedhrVPOa-F8R4bRGdkr_0VU,2026-06-30T12:15:42Z,2026-06-30,5,ja,True,False,2026-09-28T05:30:20.240Z
369711f4dafd3fd5,ChIJedhrVPOa-F8R4bRGdkr_0VU,2026-06-30T22:23:44Z,2026-07-01,5,ja,True,False,2026-09-28T05:30:20.240Z
4cb5e8dba4f4fd12,ChIJedhrVPOa-F8R4bRGdkr_0VU,2026-07-02T03:39:02Z,2026-07-02,5,ja,True,False,2026-09-28T05:30:20.240Z
dcaccf7a47b340b3,ChIJedhrVPOa-F8R4bRGdkr_0VU,2026-07-02T06:12:32Z,2026-07-02,5,en,True,False,2026-09-28T05:30:20.240Z
bfa025ec9f27874e,ChIJedhrVPOa-F8R4bRGdkr_0VU,2026-07-02T06:23:13Z,2026-07-02,4,,False,False,2026-09-28T05:30:20.240Z
20b108f046ae5431,ChIJedhrVPOa-F8R4bRGdkr_0VU,2026-07-02T06:57:14Z,2026-07-02,5,ja,True,False,2026-09-28T05:30:20.240Z
3fc3627651bcfc91,ChIJedhrVPOa-F8R4bRGdkr_0VU,2026-07-02T10:56:06Z,2026-07-02,5,ja,True,False,2026-09-28T05:30:20.240Z
80e85faebc0d60a6,ChIJedhrVPOa-F8R4bRGdkr_0VU,2026-07-02T13:08:22Z,2026-07-02,5,,False,False,2026-09-28T05:30:20.240Z
0c7c8644381ed4d2,ChIJedhrVPOa-F8R4bRGdkr_0VU,2026-07-02T18:16:02Z,2026-07-03,5,,False,False,2026-09-28T05:30:20.240Z
cc0aeb7ab269b539,ChIJedhrVPOa-F8R4bRGdkr_0VU,2026-07-02T22:27:41Z,2026-07-03,4,ja,True,False,2026-09-28T05:30:20.240Z
2cd992336c2b5fcb,ChIJedhrVPOa-F8R4bRGdkr_0VU,2026-07-02T23:20:38Z,2026-07-03,5,,False,False,2026-09-28T05:30:20.240Z
9d76a155f53195b6,ChIJedhrVPOa-F8R4bRGdkr_0VU,2026-07-03T02:07:11Z,2026-07-03,5,ja,True,False,2026-09-28T05:30:20.240Z
7af914d620cf52da,ChIJedhrVPOa-F8R4bRGdkr_0VU,2026-07-03T03:03:09Z,2026-07-03,5,ja,True,False,2026-09-28T05:30:20.240Z
805eccc845fdf541,ChIJedhrVPOa-F8R4bRGdkr_0VU,2026-07-03T03:26:17Z,2026-07-03,5,ja,True,False,2026-09-28T05:30:20.240Z
d31ec1f893ff7376,ChIJedhrVPOa-F8R4bRGdkr_0VU,2026-07-03T04:39:06Z,2026-07-03,5,,False,False,2026-09-28T05:30:20.240Z
f1e367f0d9be57c5,ChIJedhrVPOa-F8R4bRGdkr_0VU,2026-07-03T08:04:23Z,2026-07-03,4,ja,True,False,2026-09-28T05:30:20.240Z
0eb9103e9ad20ad5,ChIJedhrVPOa-F8R4bRGdkr_0VU,2026-07-03T08:12:02Z,2026-07-03,5,,False,False,2026-09-28T05:30:20.240Z
acae8789f09d62f3,ChIJedhrVPOa-F8R4bRGdkr_0VU,2026-07-03T09:28:32Z,2026-07-03,5,ja,True,False,2026-09-28T05:30:20.240Z
a85bad6dfbb8b963,ChIJedhrVPOa-F8R4bRGdkr_0VU,2026-07-04T00:05:09Z,2026-07-04,5,,False,False,2026-09-28T05:30:20.240Z
d237d2973c50f0e1,ChIJedhrVPOa-F8R4bRGdkr_0VU,2026-07-04T02:30:24Z,2026-07-04,4,,False,False,2026-09-28T05:30:20.240Z
7de22f1d5e26d3c5,ChIJedhrVPOa-F8R4bRGdkr_0VU,2026-07-04T20:46:43Z,2026-07-05,5,,False,False,2026-09-28T05:30:20.240Z
6c1611263b7f56f4,ChIJedhrVPOa-F8R4bRGdkr_0VU,2026-07-04T21:15:03Z,2026-07-05,5,ja,True,False,2026-09-28T05:30:20.240Z
4962f02a2196bd3c,ChIJedhrVPOa-F8R4bRGdkr_0VU,2026-07-04T22:34:44Z,2026-07-05,4,ja,True,False,2026-09-28T05:30:20.240Z
26515199ce369fbf,ChIJedhrVPOa-F8R4bRGdkr_0VU,2026-07-05T01:51:38Z,2026-07-05,5,ja,True,False,2026-09-28T05:30:20.240Z
f05c379078d1c099,ChIJedhrVPOa-F8R4bRGdkr_0VU,2026-07-05T02:23:02Z,2026-07-05,5,,False,False,2026-09-28T05:30:20.240Z
536c596d370fb1ba,ChIJedhrVPOa-F8R4bRGdkr_0VU,2026-07-05T02:24:37Z,2026-07-05,5,,False,False,2026-09-28T05:30:20.240Z
6c3e61cc2eff5a2e,ChIJedhrVPOa-F8R4bRGdkr_0VU,2026-07-05T04:00:15Z,2026-07-05,5,zh-Hant,True,False,2026-09-28T05:30:20.240Z
16263369167cd3ad,ChIJedhrVPOa-F8R4bRGdkr_0VU,2026-07-05T05:35:50Z,2026-07-05,4,,False,False,2026-09-28T05:30:20.240Z
4b967b26fc5d665f,ChIJedhrVPOa-F8R4bRGdkr_0VU,2026-07-05T05:52:45Z,2026-07-05,5,ja,True,False,2026-09-28T05:30:20.240Z
eda00355797f6134,ChIJedhrVPOa-F8R4bRGdkr_0VU,2026-07-05T06:08:52Z,2026-07-05,5,,False,False,2026-09-28T05:30:20.240Z
32c8c9c593739a98,ChIJedhrVPOa-F8R4bRGdkr_0VU,2026-07-05T11:10:25Z,2026-07-05,5,ja,True,False,2026-09-28T05:30:20.240Z
2dae62383701dccb,ChIJedhrVPOa-F8R4bRGdkr_0VU,2026-07-05T13:28:13Z,2026-07-05,5,ja,True,False,2026-09-28T05:30:20.240Z
52fd948e350163af,ChIJedhrVPOa-F8R4bRGdkr_0VU,2026-07-05T13:29:55Z,2026-07-05,5,zh-Hant,True,False,2026-09-28T05:30:20.240Z
11a293f6f8f54230,ChIJedhrVPOa-F8R4bRGdkr_0VU,2026-07-05T18:49:19Z,2026-07-06,5,en,True,False,2026-09-28T05:30:20.240Z
c3d149ad84279708,ChIJedhrVPOa-F8R4bRGdkr_0VU,2026-07-06T01:16:42Z,2026-07-06,5,ja,True,False,2026-09-28T05:30:20.240Z
112ce2ebddeaf0f1,ChIJedhrVPOa-F8R4bRGdkr_0VU,2026-07-06T12:01:57Z,2026-07-06,4,ja,True,False,2026-09-28T05:30:20.240Z
87dfbcbaf1510496,ChIJedhrVPOa-F8R4bRGdkr_0VU,2026-07-07T01:33:44Z,2026-07-07,5,ja,True,False,2026-09-28T05:30:20.240Z
75505a63aec87cb9,ChIJedhrVPOa-F8R4bRGdkr_0VU,2026-07-07T01:42:35Z,2026-07-07,5,ja,True,False,2026-09-28T05:30:20.240Z
b623fc35a569f68c,ChIJedhrVPOa-F8R4bRGdkr_0VU,2026-07-07T02:25:29Z,2026-07-07,5,ja,True,False,2026-09-28T05:30:20.240Z
97bf529f662d6c37,ChIJedhrVPOa-F8R4bRGdkr_0VU,2026-07-07T03:56:29Z,2026-07-07,5,en,True,False,2026-09-28T05:30:20.240Z
aeeaa00cbfaf1838,ChIJedhrVPOa-F8R4bRGdkr_0VU,2026-07-07T07:41:18Z,2026-07-07,5,ja,True,False,2026-09-28T05:30:20.240Z
c58c6e138f73c8ba,ChIJedhrVPOa-F8R4bRGdkr_0VU,2026-07-08T08:54:42Z,2026-07-08,3,ja,True,False,2026-09-28T05:30:20.240Z
378f877af607ac36,ChIJedhrVPOa-F8R4bRGdkr_0VU,2026-07-08T12:45:11Z,2026-07-08,5,,False,False,2026-09-28T05:30:20.240Z
4c3415acfd61731c,ChIJedhrVPOa-F8R4bRGdkr_0VU,2026-07-08T13:13:29Z,2026-07-08,4,,False,False,2026-09-28T05:30:20.240Z
cc9db99c03e77b03,ChIJedhrVPOa-F8R4bRGdkr_0VU,2026-07-08T23:45:19Z,2026-07-09,4,,False,False,2026-09-28T05:30:20.240Z
b7fec97745ab8002,ChIJedhrVPOa-F8R4bRGdkr_0VU,2026-07-09T02:13:46Z,2026-07-09,4,,False,False,2026-09-28T05:30:20.240Z
0381422079ecd634,ChIJedhrVPOa-F8R4bRGdkr_0VU,2026-07-09T06:18:34Z,2026-07-09,5,,False,False,2026-09-28T05:30:20.240Z
5ac535c11d24057d,ChIJedhrVPOa-F8R4bRGdkr_0VU,2026-07-09T08:34:36Z,2026-07-09,5,ja,True,False,2026-09-28T05:30:20.240Z
3337b3a6ed8ad474,ChIJedhrVPOa-F8R4bRGdkr_0VU,2026-07-09T09:54:52Z,2026-07-09,5,,False,False,2026-09-28T05:30:20.240Z
7732c8d88a6cb15d,ChIJedhrVPOa-F8R4bRGdkr_0VU,2026-07-09T13:49:20Z,2026-07-09,5,,False,False,2026-09-28T05:30:20.240Z
c2c20848bc70bf31,ChIJedhrVPOa-F8R4bRGdkr_0VU,2026-07-10T02:29:19Z,2026-07-10,5,,False,False,2026-09-28T05:30:20.240Z
fd651babd4c5f9a7,ChIJedhrVPOa-F8R4bRGdkr_0VU,2026-07-10T02:30:28Z,2026-07-10,4,,False,False,2026-09-28T05:30:20.240Z
4eb09d92be274560,ChIJedhrVPOa-F8R4bRGdkr_0VU,2026-07-10T02:37:56Z,2026-07-10,5,,False,False,2026-09-28T05:30:20.240Z
87271a2716c20080,ChIJedhrVPOa-F8R4bRGdkr_0VU,2026-07-10T04:43:23Z,2026-07-10,2,,False,False,2026-09-28T05:30:20.240Z
6cc157d5fd291160,ChIJedhrVPOa-F8R4bRGdkr_0VU,2026-07-10T05:59:41Z,2026-07-10,5,,False,False,2026-09-28T05:30:20.240Z
a8958b410022b6db,ChIJedhrVPOa-F8R4bRGdkr_0VU,2026-07-10T14:02:57Z,2026-07-10,5,ja,True,False,2026-09-28T05:30:20.240Z
40505251ba43f39b,ChIJedhrVPOa-F8R4bRGdkr_0VU,2026-07-10T23:21:05Z,2026-07-11,5,ja,True,False,2026-09-28T05:30:20.240Z
d7b2318defa02bec,ChIJedhrVPOa-F8R4bRGdkr_0VU,2026-07-11T01:50:04Z,2026-07-11,1,ja,True,False,2026-09-28T05:30:20.240Z
8c8fbcfe35dbef66,ChIJedhrVPOa-F8R4bRGdkr_0VU,2026-07-11T03:02:39Z,2026-07-11,4,,False,False,2026-09-28T05:30:20.240Z
a8f3c860c3faa378,ChIJedhrVPOa-F8R4bRGdkr_0VU,2026-07-11T05:40:00Z,2026-07-11,3,,False,False,2026-09-28T05:30:20.240Z
27d45fa0d51c771d,ChIJedhrVPOa-F8R4bRGdkr_0VU,2026-07-11T21:10:06Z,2026-07-12,4,,False,False,2026-09-28T05:30:20.240Z
670807b01b956874,ChIJedhrVPOa-F8R4bRGdkr_0VU,2026-07-11T21:22:45Z,2026-07-12,3,,False,False,2026-09-28T05:30:20.240Z
d210eb3803511403,ChIJedhrVPOa-F8R4bRGdkr_0VU,2026-07-12T00:04:49Z,2026-07-12,4,,False,False,2026-09-28T05:30:20.240Z
3954e9a5e564ffea,ChIJedhrVPOa-F8R4bRGdkr_0VU,2026-07-12T01:44:29Z,2026-07-12,3,ja,True,False,2026-09-28T05:30:20.240Z
3d54ae72377c0160,ChIJedhrVPOa-F8R4bRGdkr_0VU,2026-07-12T02:34:04Z,2026-07-12,5,ja,True,False,2026-09-28T05:30:20.240Z
8757fa7cf55b2c7e,ChIJedhrVPOa-F8R4bRGdkr_0VU,2026-07-12T04:56:59Z,2026-07-12,5,ja,True,False,2026-09-28T05:30:20.240Z
eab701f10fa47315,ChIJedhrVPOa-F8R4bRGdkr_0VU,2026-07-12T05:00:23Z,2026-07-12,4,,False,False,2026-09-28T05:30:20.240Z
bffa18886c962e4e,ChIJedhrVPOa-F8R4bRGdkr_0VU,2026-07-12T05:35:25Z,2026-07-12,4,,False,False,2026-09-28T05:30:20.240Z
a4b2ad5aea172eb0,ChIJedhrVPOa-F8R4bRGdkr_0VU,2026-07-12T07:06:50Z,2026-07-12,5,,False,False,2026-09-28T05:30:20.240Z
5efb3de122b8f870,ChIJedhrVPOa-F8R4bRGdkr_0VU,2026-07-12T07:10:05Z,2026-07-12,5,ja,True,False,2026-09-28T05:30:20.240Z
a99ca0c9c2a3ee60,ChIJedhrVPOa-F8R4bRGdkr_0VU,2026-07-12T09:16:45Z,2026-07-12,4,,False,False,2026-09-28T05:30:20.240Z
ae9cb3199b05c269,ChIJedhrVPOa-F8R4bRGdkr_0VU,2026-07-12T15:04:45Z,2026-07-13,4,zh-Hant,True,False,2026-09-28T05:30:20.240Z
ce576fbc7bdfe5f4,ChIJedhrVPOa-F8R4bRGdkr_0VU,2026-07-13T01:12:17Z,2026-07-13,5,,False,False,2026-09-28T05:30:20.240Z
83eb96b5b3216505,ChIJedhrVPOa-F8R4bRGdkr_0VU,2026-07-13T04:04:31Z,2026-07-13,5,,False,False,2026-09-28T05:30:20.240Z
29e6730b0dc497e4,ChIJedhrVPOa-F8R4bRGdkr_0VU,2026-07-13T06:00:19Z,2026-07-13,5,en,True,False,2026-09-28T05:30:20.240Z
f107a2f235508d37,ChIJedhrVPOa-F8R4bRGdkr_0VU,2026-07-13T09:49:29Z,2026-07-13,4,,False,False,2026-09-28T05:30:20.240Z
55e445ccb7f0952a,ChIJedhrVPOa-F8R4bRGdkr_0VU,2026-07-13T11:07:28Z,2026-07-13,4,ja,True,False,2026-09-28T05:30:20.240Z
cea5f5a116d75a54,ChIJedhrVPOa-F8R4bRGdkr_0VU,2026-07-13T11:54:08Z,2026-07-13,5,ja,True,False,2026-09-28T05:30:20.240Z
74c4a7b333d80078,ChIJedhrVPOa-F8R4bRGdkr_0VU,2026-07-14T00:30:47Z,2026-07-14,4,,False,False,2026-09-28T05:30:20.240Z
20edd0812c8f1722,ChIJedhrVPOa-F8R4bRGdkr_0VU,2026-07-14T01:02:20Z,2026-07-14,5,,False,False,2026-09-28T05:30:20.240Z
2278bb1238c78b89,ChIJedhrVPOa-F8R4bRGdkr_0VU,2026-07-14T03:16:49Z,2026-07-14,4,,False,False,2026-09-28T05:30:20.240Z
ed82c49536146a21,ChIJedhrVPOa-F8R4bRGdkr_0VU,2026-07-14T13:31:49Z,2026-07-14,4,ja,True,False,2026-09-28T05:30:20.240Z
1c72bcde516f24e9,ChIJedhrVPOa-F8R4bRGdkr_0VU,2026-07-14T14:30:43Z,2026-07-14,4,ja,True,False,2026-09-28T05:30:20.240Z
ac4fe122d5be5c61,ChIJedhrVPOa-F8R4bRGdkr_0VU,2026-07-14T15:46:13Z,2026-07-15,5,ja,True,False,2026-09-28T05:30:20.240Z
e2ea5e20854c75f4,ChIJedhrVPOa-F8R4bRGdkr_0VU,2026-07-14T16:03:58Z,2026-07-15,4,ja,True,False,2026-09-28T05:30:20.240Z
1e095f9d97627915,ChIJedhrVPOa-F8R4bRGdkr_0VU,2026-07-14T21:03:48Z,2026-07-15,5,,False,False,2026-09-28T05:30:20.240Z
cdba4f6f506db8e0,ChIJedhrVPOa-F8R4bRGdkr_0VU,2026-07-15T04:27:09Z,2026-07-15,5,ja,True,False,2026-09-28T05:30:20.240Z
2aeb7bd51376d627,ChIJedhrVPOa-F8R4bRGdkr_0VU,2026-07-15T10:52:53Z,2026-07-15,5,,False,False,2026-09-28T05:30:20.240Z
4d99f7efb10ec638,ChIJedhrVPOa-F8R4bRGdkr_0VU,2026-07-15T13:53:44Z,2026-07-15,5,,False,False,2026-09-28T05:30:20.240Z
301df22eedacfb04,ChIJedhrVPOa-F8R4bRGdkr_0VU,2026-07-15T20:07:24Z,2026-07-16,5,ja,True,False,2026-09-28T05:30:20.240Z
9887f703e365d5cb,ChIJedhrVPOa-F8R4bRGdkr_0VU,2026-07-16T01:25:45Z,2026-07-16,5,ja,True,False,2026-09-28T05:30:20.240Z
7d061c5edc626f04,ChIJedhrVPOa-F8R4bRGdkr_0VU,2026-07-16T02:03:21Z,2026-07-16,5,,False,False,2026-09-28T05:30:20.240Z
988a1bbfe7b9adc8,ChIJedhrVPOa-F8R4bRGdkr_0VU,2026-07-16T06:41:00Z,2026-07-16,5,,False,False,2026-09-28T05:30:20.240Z
dd1397f87ea21203,ChIJedhrVPOa-F8R4bRGdkr_0VU,2026-07-16T09:05:03Z,2026-07-16,4,ja,True,False,2026-09-28T05:30:20.240Z
9303b57f2b8f59b1,ChIJedhrVPOa-F8R4bRGdkr_0VU,2026-07-16T10:53:23Z,2026-07-16,5,,False,False,2026-09-28T05:30:20.240Z
bba1dfcbf1c22436,ChIJedhrVPOa-F8R4bRGdkr_0VU,2026-07-16T21:54:13Z,2026-07-17,4,,False,False,2026-09-28T05:30:20.240Z
e602ad90f5702f96,ChIJedhrVPOa-F8R4bRGdkr_0VU,2026-07-17T00:29:36Z,2026-07-17,5,ja,True,False,2026-09-28T05:30:20.240Z
dbede512d68fc63e,ChIJedhrVPOa-F8R4bRGdkr_0VU,2026-07-17T02:22:52Z,2026-07-17,5,,False,False,2026-09-28T05:30:20.240Z
8c9ee65db3574c1c,ChIJedhrVPOa-F8R4bRGdkr_0VU,2026-07-17T03:47:51Z,2026-07-17,5,,False,False,2026-09-28T05:30:20.240Z
6eefa7a318da510e,ChIJedhrVPOa-F8R4bRGdkr_0VU,2026-07-17T05:16:01Z,2026-07-17,5,zh-Hant,True,False,2026-09-28T05:30:20.240Z
280ff2d940c8e995,ChIJedhrVPOa-F8R4bRGdkr_0VU,2026-07-17T05:59:44Z,2026-07-17,5,,False,False,2026-09-28T05:30:20.240Z
82e85cba20cedd10,ChIJedhrVPOa-F8R4bRGdkr_0VU,2026-07-17T14:16:28Z,2026-07-17,5,,False,False,2026-09-28T05:30:20.240Z
2b7241de2c3912b4,ChIJedhrVPOa-F8R4bRGdkr_0VU,2026-07-17T14:47:19Z,2026-07-17,5,ja,True,False,2026-09-28T05:30:20.240Z
e98b013b3e22067f,ChIJedhrVPOa-F8R4bRGdkr_0VU,2026-07-18T04:01:43Z,2026-07-18,3,,False,False,2026-09-28T05:30:20.240Z
c3b6f2f6bfb4823c,ChIJedhrVPOa-F8R4bRGdkr_0VU,2026-07-18T04:40:55Z,2026-07-18,5,ja,True,False,2026-09-28T05:30:20.240Z
29008de716d0e025,ChIJedhrVPOa-F8R4bRGdkr_0VU,2026-07-18T04:52:51Z,2026-07-18,5,,False,False,2026-09-28T05:30:20.240Z
cfd8ccefc1fb2163,ChIJedhrVPOa-F8R4bRGdkr_0VU,2026-07-18T05:21:02Z,2026-07-18,5,ja,True,False,2026-09-28T05:30:20.240Z
83afdc985a0e3462,ChIJedhrVPOa-F8R4bRGdkr_0VU,2026-07-18T08:45:24Z,2026-07-18,4,ja,True,False,2026-09-28T05:30:20.240Z
abc448f00dc276ac,ChIJedhrVPOa-F8R4bRGdkr_0VU,2026-07-18T13:27:32Z,2026-07-18,5,ja,True,False,2026-09-28T05:30:20.240Z
5b1ad82140070579,ChIJedhrVPOa-F8R4bRGdkr_0VU,2026-07-18T15:28:34Z,2026-07-19,5,,False,False,2026-09-28T05:30:20.240Z
efcfb5c5d50f562a,ChIJedhrVPOa-F8R4bRGdkr_0VU,2026-07-18T21:19:07Z,2026-07-19,5,,False,False,2026-09-28T05:30:20.240Z
5029af84e3de2a16,ChIJedhrVPOa-F8R4bRGdkr_0VU,2026-07-18T23:08:12Z,2026-07-19,4,ja,True,False,2026-09-28T05:30:20.240Z
c5949d2f07b40677,ChIJedhrVPOa-F8R4bRGdkr_0VU,2026-07-19T01:52:14Z,2026-07-19,4,ja,True,False,2026-09-28T05:30:20.240Z
ac01cc48d30f69cc,ChIJedhrVPOa-F8R4bRGdkr_0VU,2026-07-19T02:01:19Z,2026-07-19,5,ja,True,False,2026-09-28T05:30:20.240Z
3ed423309da3f73b,ChIJedhrVPOa-F8R4bRGdkr_0VU,2026-07-19T02:03:10Z,2026-07-19,5,,False,False,2026-09-28T05:30:20.240Z
02676a5895cf157f,ChIJedhrVPOa-F8R4bRGdkr_0VU,2026-07-19T05:00:10Z,2026-07-19,5,ja,True,False,2026-09-28T05:30:20.240Z
3cefa5b254e1c742,ChIJedhrVPOa-F8R4bRGdkr_0VU,2026-07-19T06:24:22Z,2026-07-19,4,,False,False,2026-09-28T05:30:20.240Z
27900d6ff558c9f4,ChIJedhrVPOa-F8R4bRGdkr_0VU,2026-07-19T09:23:13Z,2026-07-19,5,,False,False,2026-09-28T05:30:20.240Z
563abc44f0c7fefd,ChIJedhrVPOa-F8R4bRGdkr_0VU,2026-07-19T10:14:01Z,2026-07-19,5,ja,True,False,2026-09-28T05:30:20.240Z
2bf0a14c89efa2fe,ChIJedhrVPOa-F8R4bRGdkr_0VU,2026-07-19T10:59:17Z,2026-07-19,5,,False,False,2026-09-28T05:30:20.240Z
d441dcccb7fededd,ChIJedhrVPOa-F8R4bRGdkr_0VU,2026-07-19T11:19:43Z,2026-07-19,5,,False,False,2026-09-28T05:30:20.240Z
ccb543c11f160092,ChIJedhrVPOa-F8R4bRGdkr_0VU,2026-07-19T16:41:56Z,2026-07-20,4,ja,True,False,2026-09-28T05:30:20.240Z
88975b12d8bbe18d,ChIJedhrVPOa-F8R4bRGdkr_0VU,2026-07-19T21:50:47Z,2026-07-20,5,,False,False,2026-09-28T05:30:20.240Z
1f05b616c1f6814b,ChIJedhrVPOa-F8R4bRGdkr_0VU,2026-07-19T22:33:03Z,2026-07-20,5,,False,False,2026-09-28T05:30:20.240Z
99e5fd0bb4cab060,ChIJedhrVPOa-F8R4bRGdkr_0VU,2026-07-20T01:18:53Z,2026-07-20,5,,False,False,2026-09-28T05:30:20.240Z
2548b46d37deaa8a,ChIJedhrVPOa-F8R4bRGdkr_0VU,2026-07-20T05:19:53Z,2026-07-20,4,ja,True,False,2026-09-28T05:30:20.240Z
c6827982164c1a7b,ChIJedhrVPOa-F8R4bRGdkr_0VU,2026-07-20T05:59:23Z,2026-07-20,5,ja,True,False,2026-09-28T05:30:20.240Z
d55968967452365d,ChIJedhrVPOa-F8R4bRGdkr_0VU,2026-07-20T06:20:41Z,2026-07-20,4,ja,True,False,2026-09-28T05:30:20.240Z
ee5982d838c4ee39,ChIJedhrVPOa-F8R4bRGdkr_0VU,2026-07-20T06:48:50Z,2026-07-20,4,,False,False,2026-09-28T05:30:20.240Z
2feb4776d8cc736b,ChIJedhrVPOa-F8R4bRGdkr_0VU,2026-07-20T09:04:34Z,2026-07-20,4,ja,True,False,2026-09-28T05:30:20.240Z
30865f1c1d432550,ChIJedhrVPOa-F8R4bRGdkr_0VU,2026-07-20T09:53:06Z,2026-07-20,5,ja,True,False,2026-09-28T05:30:20.240Z
9928acab94cdd1a9,ChIJedhrVPOa-F8R4bRGdkr_0VU,2026-07-20T11:07:18Z,2026-07-20,5,ja,True,False,2026-09-28T05:30:20.240Z
8af539c8eeac13a8,ChIJedhrVPOa-F8R4bRGdkr_0VU,2026-07-21T01:05:38Z,2026-07-21,3,,False,False,2026-09-28T05:30:20.240Z
f6cd1a69f560e0bd,ChIJedhrVPOa-F8R4bRGdkr_0VU,2026-07-21T03:32:41Z,2026-07-21,5,,False,False,2026-09-28T05:30:20.240Z
107efab1d93e2c45,ChIJedhrVPOa-F8R4bRGdkr_0VU,2026-07-21T05:44:01Z,2026-07-21,4,ja,True,False,2026-09-28T05:30:20.240Z
40df6d2bd1054a2c,ChIJedhrVPOa-F8R4bRGdkr_0VU,2026-07-21T08:29:26Z,2026-07-21,5,ja,True,False,2026-09-28T05:30:20.240Z
e50483e9c5fd997f,ChIJedhrVPOa-F8R4bRGdkr_0VU,2026-07-21T10:03:07Z,2026-07-21,3,,False,False,2026-09-28T05:30:20.240Z
f02d314b8cc0345f,ChIJedhrVPOa-F8R4bRGdkr_0VU,2026-07-21T10:19:15Z,2026-07-21,5,,False,False,2026-09-28T05:30:20.240Z
376b7ab9813a651c,ChIJedhrVPOa-F8R4bRGdkr_0VU,2026-07-21T13:37:52Z,2026-07-21,5,,False,False,2026-09-28T05:30:20.240Z
ebf7be41ca233b7a,ChIJedhrVPOa-F8R4bRGdkr_0VU,2026-07-21T17:09:34Z,2026-07-22,5,,False,False,2026-09-28T05:30:20.240Z
bafbd8a811f9d1bf,ChIJedhrVPOa-F8R4bRGdkr_0VU,2026-07-21T21:15:43Z,2026-07-22,5,,False,False,2026-09-28T05:30:20.240Z
cabc1b42bf127334,ChIJedhrVPOa-F8R4bRGdkr_0VU,2026-07-22T04:32:39Z,2026-07-22,5,,False,False,2026-09-28T05:30:20.240Z
b2c31cc717d549c3,ChIJedhrVPOa-F8R4bRGdkr_0VU,2026-07-22T06:33:43Z,2026-07-22,5,ja,True,False,2026-09-28T05:30:20.240Z
53ae0b2a0bf6e5b6,ChIJedhrVPOa-F8R4bRGdkr_0VU,2026-07-22T07:22:57Z,2026-07-22,5,,False,False,2026-09-28T05:30:20.240Z
0fcaf915e932b471,ChIJedhrVPOa-F8R4bRGdkr_0VU,2026-07-22T10:06:53Z,2026-07-22,5,ja,True,False,2026-09-28T05:30:20.240Z
6bd219be9dcddf08,ChIJedhrVPOa-F8R4bRGdkr_0VU,2026-07-22T16:11:12Z,2026-07-23,5,,False,False,2026-09-28T05:30:20.240Z
2a86a06b06e688cb,ChIJedhrVPOa-F8R4bRGdkr_0VU,2026-07-22T16:58:25Z,2026-07-23,5,ja,True,False,2026-09-28T05:30:20.240Z
94edc17449fe7b8c,ChIJedhrVPOa-F8R4bRGdkr_0VU,2026-07-23T02:29:09Z,2026-07-23,3,ja,True,False,2026-09-28T05:30:20.240Z
212e2dc8df91b6cb,ChIJedhrVPOa-F8R4bRGdkr_0VU,2026-07-24T00:17:26Z,2026-07-24,4,,False,False,2026-09-28T05:30:20.240Z
186afdbf8f608539,ChIJedhrVPOa-F8R4bRGdkr_0VU,2026-07-24T05:27:55Z,2026-07-24,5,ja,True,False,2026-09-28T05:30:20.240Z
bf3a5681e626c016,ChIJedhrVPOa-F8R4bRGdkr_0VU,2026-07-24T06:03:25Z,2026-07-24,5,,False,False,2026-09-28T05:30:20.240Z
aee914a0b26556e7,ChIJedhrVPOa-F8R4bRGdkr_0VU,2026-07-24T06:32:46Z,2026-07-24,4,ja,True,False,2026-09-28T05:30:20.240Z
0eb0022cfe20a9a1,ChIJedhrVPOa-F8R4bRGdkr_0VU,2026-07-24T10:10:48Z,2026-07-24,4,,False,False,2026-09-28T05:30:20.240Z
db58595bc61efef4,ChIJedhrVPOa-F8R4bRGdkr_0VU,2026-07-24T22:24:56Z,2026-07-25,4,ja,True,False,2026-09-28T05:30:20.240Z
6ddd7cff262af8fc,ChIJedhrVPOa-F8R4bRGdkr_0VU,2026-07-24T23:33:19Z,2026-07-25,4,ja,True,False,2026-09-28T05:30:20.240Z
f1c186508338e33b,ChIJedhrVPOa-F8R4bRGdkr_0VU,2026-07-25T03:57:08Z,2026-07-25,5,,False,False,2026-09-28T05:30:20.240Z
fd4946a68cdd8744,ChIJedhrVPOa-F8R4bRGdkr_0VU,2026-07-25T04:20:41Z,2026-07-25,5,,False,False,2026-09-28T05:30:20.240Z
d989cfedb1677ed6,ChIJedhrVPOa-F8R4bRGdkr_0VU,2026-07-25T12:00:36Z,2026-07-25,5,,False,False,2026-09-28T05:30:20.240Z
2e4a7878f24aa60b,ChIJedhrVPOa-F8R4bRGdkr_0VU,2026-07-25T15:01:54Z,2026-07-26,5,,False,False,2026-09-28T05:30:20.240Z
7e688146fd284a22,ChIJedhrVPOa-F8R4bRGdkr_0VU,2026-07-26T02:48:33Z,2026-07-26,5,ja,True,False,2026-09-28T05:30:20.240Z
a09d54ac811bd7e4,ChIJedhrVPOa-F8R4bRGdkr_0VU,2026-07-26T03:13:04Z,2026-07-26,4,ja,True,False,2026-09-28T05:30:20.240Z
010b411162bac9da,ChIJedhrVPOa-F8R4bRGdkr_0VU,2026-07-26T04:46:27Z,2026-07-26,5,ja,True,False,2026-09-28T05:30:20.240Z
554b52f29d24d0d9,ChIJedhrVPOa-F8R4bRGdkr_0VU,2026-07-26T06:09:58Z,2026-07-26,4,ja,True,False,2026-09-28T05:30:20.240Z
8f5a9db3f8f0705d,ChIJedhrVPOa-F8R4bRGdkr_0VU,2026-07-26T06:45:56Z,2026-07-26,5,,False,False,2026-09-28T05:30:20.240Z
edda7dae9c4e484a,ChIJedhrVPOa-F8R4bRGdkr_0VU,2026-07-26T07:39:27Z,2026-07-26,5,,False,False,2026-09-28T05:30:20.240Z
07a9470ec2166d9f,ChIJedhrVPOa-F8R4bRGdkr_0VU,2026-07-26T07:42:34Z,2026-07-26,5,,False,False,2026-09-28T05:30:20.240Z
1f6bee3740607d54,ChIJedhrVPOa-F8R4bRGdkr_0VU,2026-07-26T13:20:24Z,2026-07-26,5,,False,False,2026-09-28T05:30:20.240Z
ae2b1aca5a3ba17f,ChIJedhrVPOa-F8R4bRGdkr_0VU,2026-07-26T14:40:16Z,2026-07-26,5,ja,True,False,2026-09-28T05:30:20.240Z
a8f272d95203c615,ChIJedhrVPOa-F8R4bRGdkr_0VU,2026-07-26T18:20:21Z,2026-07-27,4,ja,True,False,2026-09-28T05:30:20.240Z
46a1cdd03ecc024b,ChIJedhrVPOa-F8R4bRGdkr_0VU,2026-07-26T23:07:47Z,2026-07-27,5,ja,True,False,2026-09-28T05:30:20.240Z
4ad4b0632e9bb001,ChIJedhrVPOa-F8R4bRGdkr_0VU,2026-07-27T05:06:50Z,2026-07-27,5,ja,True,False,2026-09-28T05:30:20.240Z
999c43c84ef3b676,ChIJedhrVPOa-F8R4bRGdkr_0VU,2026-07-27T10:28:10Z,2026-07-27,4,,False,False,2026-09-28T05:30:20.240Z
98adf4c8e6be8af6,ChIJedhrVPOa-F8R4bRGdkr_0VU,2026-07-27T10:56:54Z,2026-07-27,5,,False,False,2026-09-28T05:30:20.240Z
9493b6b7353b8088,ChIJedhrVPOa-F8R4bRGdkr_0VU,2026-07-28T03:05:54Z,2026-07-28,4,,False,False,2026-09-28T05:30:20.240Z
2b38a8b09b118c1d,ChIJedhrVPOa-F8R4bRGdkr_0VU,2026-07-28T06:23:47Z,2026-07-28,5,ja,True,False,2026-09-28T05:30:20.240Z
b7b550d6de578986,ChIJedhrVPOa-F8R4bRGdkr_0VU,2026-07-28T07:57:02Z,2026-07-28,4,,False,False,2026-09-28T05:30:20.240Z
4267437665b72193,ChIJedhrVPOa-F8R4bRGdkr_0VU,2026-07-28T08:56:21Z,2026-07-28,4,es,True,False,2026-09-28T05:30:20.240Z
d973a8ca1d6c6260,ChIJedhrVPOa-F8R4bRGdkr_0VU,2026-07-28T08:57:20Z,2026-07-28,4,ja,True,False,2026-09-28T05:30:20.240Z
dac4511240d38f4f,ChIJedhrVPOa-F8R4bRGdkr_0VU,2026-07-28T09:12:58Z,2026-07-28,5,ja,True,False,2026-09-28T05:30:20.240Z
210141b119a30145,ChIJedhrVPOa-F8R4bRGdkr_0VU,2026-07-28T10:45:44Z,2026-07-28,5,,False,False,2026-09-28T05:30:20.240Z
1705924f11ffd038,ChIJedhrVPOa-F8R4bRGdkr_0VU,2026-07-28T10:46:32Z,2026-07-28,5,,False,False,2026-09-28T05:30:20.240Z
7e3256004bab66d1,ChIJedhrVPOa-F8R4bRGdkr_0VU,2026-07-28T10:50:17Z,2026-07-28,5,,False,False,2026-09-28T05:30:20.240Z
70b84a682d21ad63,ChIJedhrVPOa-F8R4bRGdkr_0VU,2026-07-28T10:57:50Z,2026-07-28,5,,False,False,2026-09-28T05:30:20.240Z
9ea8f5b866f77711,ChIJedhrVPOa-F8R4bRGdkr_0VU,2026-07-28T11:19:25Z,2026-07-28,5,ja,True,False,2026-09-28T05:30:20.240Z
5e936661b652c34f,ChIJedhrVPOa-F8R4bRGdkr_0VU,2026-07-28T11:25:19Z,2026-07-28,5,ja,True,False,2026-09-28T05:30:20.240Z
e2ef179e76f2752a,ChIJedhrVPOa-F8R4bRGdkr_0VU,2026-07-28T13:31:11Z,2026-07-28,5,,False,False,2026-09-28T05:30:20.240Z
eae326e3da9bba6a,ChIJedhrVPOa-F8R4bRGdkr_0VU,2026-07-28T13:43:36Z,2026-07-28,5,,False,False,2026-09-28T05:30:20.240Z
424d98686dc9b0dc,ChIJedhrVPOa-F8R4bRGdkr_0VU,2026-07-28T14:28:34Z,2026-07-28,5,,False,False,2026-09-28T05:30:20.240Z
6766b23744b5957d,ChIJedhrVPOa-F8R4bRGdkr_0VU,2026-07-28T14:49:14Z,2026-07-28,4,ja,True,False,2026-09-28T05:30:20.240Z
cb9f5b295baa87ad,ChIJedhrVPOa-F8R4bRGdkr_0VU,2026-07-29T02:34:55Z,2026-07-29,5,,False,False,2026-09-28T05:30:20.240Z
62c5b2bdad3e95fd,ChIJedhrVPOa-F8R4bRGdkr_0VU,2026-07-29T04:15:57Z,2026-07-29,3,,False,False,2026-09-28T05:30:20.240Z
3a6e88172ec41c6a,ChIJedhrVPOa-F8R4bRGdkr_0VU,2026-07-29T07:49:50Z,2026-07-29,5,ja,True,False,2026-09-28T05:30:20.240Z
905b5f118d8439f0,ChIJedhrVPOa-F8R4bRGdkr_0VU,2026-07-29T08:46:43Z,2026-07-29,5,ja,True,False,2026-09-28T05:30:20.240Z
5d7f692ab8103f5f,ChIJedhrVPOa-F8R4bRGdkr_0VU,2026-07-29T11:48:07Z,2026-07-29,4,,False,False,2026-09-28T05:30:20.240Z
8d67984c44177c2d,ChIJedhrVPOa-F8R4bRGdkr_0VU,2026-07-29T12:27:12Z,2026-07-29,5,ja,True,False,2026-09-28T05:30:20.240Z
5e7e5f7dcd447a45,ChIJedhrVPOa-F8R4bRGdkr_0VU,2026-07-29T14:10:17Z,2026-07-29,5,,False,False,2026-09-28T05:30:20.240Z
2541e6f8c23e6d60,ChIJedhrVPOa-F8R4bRGdkr_0VU,2026-07-29T21:58:42Z,2026-07-30,5,,False,False,2026-09-28T05:30:20.240Z
3e7f7a489e115fc6,ChIJedhrVPOa-F8R4bRGdkr_0VU,2026-07-30T01:39:21Z,2026-07-30,3,,False,False,2026-09-28T05:30:20.240Z
8f84b5628abfc1f4,ChIJedhrVPOa-F8R4bRGdkr_0VU,2026-07-30T08:11:39Z,2026-07-30,5,ja,True,False,2026-09-28T05:30:20.240Z
3adbeef2c31c1591,ChIJedhrVPOa-F8R4bRGdkr_0VU,2026-07-30T11:17:56Z,2026-07-30,5,ja,True,False,2026-09-28T05:30:20.240Z
03670cf443902ab8,ChIJedhrVPOa-F8R4bRGdkr_0VU,2026-07-30T11:30:16Z,2026-07-30,5,ja,True,False,2026-09-28T05:30:20.240Z
d0ffa7e6babeb7a8,ChIJedhrVPOa-F8R4bRGdkr_0VU,2026-07-30T23:09:33Z,2026-07-31,5,ja,True,False,2026-09-28T05:30:20.240Z
61fabc85e33677e1,ChIJedhrVPOa-F8R4bRGdkr_0VU,2026-07-31T04:24:40Z,2026-07-31,4,,False,False,2026-09-28T05:30:20.240Z
cc5950940b9a2e99,ChIJedhrVPOa-F8R4bRGdkr_0VU,2026-07-31T04:59:42Z,2026-07-31,5,en,True,False,2026-09-28T05:30:20.240Z
0e789868fa4d4754,ChIJedhrVPOa-F8R4bRGdkr_0VU,2026-07-31T06:45:19Z,2026-07-31,5,,False,False,2026-09-28T05:30:20.240Z
f7a3a8fda3a2c46c,ChIJedhrVPOa-F8R4bRGdkr_0VU,2026-07-31T08:16:22Z,2026-07-31,4,,False,False,2026-09-28T05:30:20.240Z
1755bdee51d72094,ChIJedhrVPOa-F8R4bRGdkr_0VU,2026-07-31T13:19:17Z,2026-07-31,5,ja,True,False,2026-09-28T05:30:20.240Z
c3efe5c5f2446c4f,ChIJedhrVPOa-F8R4bRGdkr_0VU,2026-07-31T22:37:53Z,2026-08-01,1,,False,False,2026-09-28T05:30:20.240Z
746ca073d4209df8,ChIJedhrVPOa-F8R4bRGdkr_0VU,2026-08-01T00:01:44Z,2026-08-01,5,,False,False,2026-09-28T05:30:20.240Z
9adbf0c11fe79361,ChIJedhrVPOa-F8R4bRGdkr_0VU,2026-08-01T01:47:00Z,2026-08-01,5,,False,False,2026-09-28T05:30:20.240Z
3a06662fb425f7f8,ChIJedhrVPOa-F8R4bRGdkr_0VU,2026-08-01T03:15:37Z,2026-08-01,5,,False,False,2026-09-28T05:30:20.240Z
5ef86efd3d9ffe65,ChIJedhrVPOa-F8R4bRGdkr_0VU,2026-08-01T05:08:42Z,2026-08-01,5,,False,False,2026-09-28T05:30:20.240Z
36545f1678cc1b03,ChIJedhrVPOa-F8R4bRGdkr_0VU,2026-08-01T05:57:37Z,2026-08-01,5,en,True,False,2026-09-28T05:30:20.240Z
e4003e87a98852ee,ChIJedhrVPOa-F8R4bRGdkr_0VU,2026-08-01T06:29:19Z,2026-08-01,5,,False,False,2026-09-28T05:30:20.240Z
dc9cc7b8fc5f72fd,ChIJedhrVPOa-F8R4bRGdkr_0VU,2026-08-01T07:34:46Z,2026-08-01,5,,False,False,2026-09-28T05:30:20.240Z
15ddd5989e6f5530,ChIJedhrVPOa-F8R4bRGdkr_0VU,2026-08-01T08:27:02Z,2026-08-01,5,en,True,False,2026-09-28T05:30:20.240Z
35cb658cf9c36315,ChIJedhrVPOa-F8R4bRGdkr_0VU,2026-08-01T08:37:17Z,2026-08-01,5,es,True,False,2026-09-28T05:30:20.240Z
80fd5beade3b118b,ChIJedhrVPOa-F8R4bRGdkr_0VU,2026-08-01T08:56:10Z,2026-08-01,4,,False,False,2026-09-28T05:30:20.240Z
0788aa08767aa398,ChIJedhrVPOa-F8R4bRGdkr_0VU,2026-08-01T15:41:28Z,2026-08-02,5,ja,True,False,2026-09-28T05:30:20.240Z
9458109fe14ea406,ChIJedhrVPOa-F8R4bRGdkr_0VU,2026-08-02T02:03:57Z,2026-08-02,5,ja,True,False,2026-09-28T05:30:20.240Z
d8dd4a027e610ebd,ChIJedhrVPOa-F8R4bRGdkr_0VU,2026-08-02T04:04:42Z,2026-08-02,5,ja,True,False,2026-09-28T05:30:20.240Z
54c0868d8141496c,ChIJedhrVPOa-F8R4bRGdkr_0VU,2026-08-02T04:39:07Z,2026-08-02,5,,False,False,2026-09-28T05:30:20.240Z
050c45ad82e76569,ChIJedhrVPOa-F8R4bRGdkr_0VU,2026-08-02T04:55:30Z,2026-08-02,5,,False,False,2026-09-28T05:30:20.240Z
bd962c70a3548708,ChIJedhrVPOa-F8R4bRGdkr_0VU,2026-08-02T05:08:40Z,2026-08-02,5,ja,True,False,2026-09-28T05:30:20.240Z
eaacee8d0d217350,ChIJedhrVPOa-F8R4bRGdkr_0VU,2026-08-02T05:18:13Z,2026-08-02,5,,False,False,2026-09-28T05:30:20.240Z
044ef04ba9638b41,ChIJedhrVPOa-F8R4bRGdkr_0VU,2026-08-02T07:31:48Z,2026-08-02,4,ja,True,False,2026-09-28T05:30:20.240Z
0594cd471a20763b,ChIJedhrVPOa-F8R4bRGdkr_0VU,2026-08-02T08:28:51Z,2026-08-02,4,ja,True,False,2026-09-28T05:30:20.240Z
ffe2cf12cea5a2ac,ChIJedhrVPOa-F8R4bRGdkr_0VU,2026-08-02T08:31:41Z,2026-08-02,4,ja,True,False,2026-09-28T05:30:20.240Z
c9857671a832baaa,ChIJedhrVPOa-F8R4bRGdkr_0VU,2026-08-02T08:55:45Z,2026-08-02,5,,False,False,2026-09-28T05:30:20.240Z
9f4fbcdc855571bc,ChIJedhrVPOa-F8R4bRGdkr_0VU,2026-08-02T12:07:06Z,2026-08-02,4,,False,False,2026-09-28T05:30:20.240Z
f0418542d5500c05,ChIJedhrVPOa-F8R4bRGdkr_0VU,2026-08-02T12:49:16Z,2026-08-02,5,,False,False,2026-09-28T05:30:20.240Z
dbe8944564753ce5,ChIJedhrVPOa-F8R4bRGdkr_0VU,2026-08-02T13:44:07Z,2026-08-02,5,,False,False,2026-09-28T05:30:20.240Z
3c3b3038537df6d8,ChIJedhrVPOa-F8R4bRGdkr_0VU,2026-08-02T14:18:04Z,2026-08-02,4,ja,True,False,2026-09-28T05:30:20.240Z
40280a499f06c444,ChIJedhrVPOa-F8R4bRGdkr_0VU,2026-08-02T21:34:49Z,2026-08-03,4,ja,True,False,2026-09-28T05:30:20.240Z
0e7f3e2fd139e21f,ChIJedhrVPOa-F8R4bRGdkr_0VU,2026-08-03T01:38:48Z,2026-08-03,5,,False,False,2026-09-28T05:30:20.240Z
ee4b2a3cd7a09b16,ChIJedhrVPOa-F8R4bRGdkr_0VU,2026-08-03T02:03:19Z,2026-08-03,5,ja,True,False,2026-09-28T05:30:20.240Z
becf55e58568314a,ChIJedhrVPOa-F8R4bRGdkr_0VU,2026-08-03T03:15:09Z,2026-08-03,5,,False,False,2026-09-28T05:30:20.240Z
142c2cd33bac8a19,ChIJedhrVPOa-F8R4bRGdkr_0VU,2026-08-03T12:41:51Z,2026-08-03,5,ja,True,False,2026-09-28T05:30:20.240Z
0f0513a58c234d9b,ChIJedhrVPOa-F8R4bRGdkr_0VU,2026-08-03T20:57:42Z,2026-08-04,5,,False,False,2026-09-28T05:30:20.240Z
7ad077606f6f1a38,ChIJedhrVPOa-F8R4bRGdkr_0VU,2026-08-04T07:17:10Z,2026-08-04,5,ja,True,False,2026-09-28T05:30:20.240Z
7eebff56f717b5d2,ChIJedhrVPOa-F8R4bRGdkr_0VU,2026-08-04T07:36:02Z,2026-08-04,5,ja,True,False,2026-09-28T05:30:20.240Z
536c9dc49306fae7,ChIJedhrVPOa-F8R4bRGdkr_0VU,2026-08-04T07:48:02Z,2026-08-04,4,,False,False,2026-09-28T05:30:20.240Z
638d46921c8c5aa8,ChIJedhrVPOa-F8R4bRGdkr_0VU,2026-08-04T09:21:55Z,2026-08-04,5,ja,True,False,2026-09-28T05:30:20.240Z
56efb2c39b64ee79,ChIJedhrVPOa-F8R4bRGdkr_0VU,2026-08-04T10:14:19Z,2026-08-04,5,,False,False,2026-09-28T05:30:20.240Z
587cf4263fb7336e,ChIJedhrVPOa-F8R4bRGdkr_0VU,2026-08-04T10:50:14Z,2026-08-04,5,ja,True,False,2026-09-28T05:30:20.240Z
26fceece59b3a05e,ChIJedhrVPOa-F8R4bRGdkr_0VU,2026-08-04T12:48:22Z,2026-08-04,5,ja,True,False,2026-09-28T05:30:20.240Z
72a69303ead98469,ChIJedhrVPOa-F8R4bRGdkr_0VU,2026-08-04T13:03:11Z,2026-08-04,5,ja,True,False,2026-09-28T05:30:20.240Z
f0cbc94ad9e27a14,ChIJedhrVPOa-F8R4bRGdkr_0VU,2026-08-04T14:20:18Z,2026-08-04,4,,False,False,2026-09-28T05:30:20.240Z
eb1b74fa101160bf,ChIJedhrVPOa-F8R4bRGdkr_0VU,2026-08-04T20:38:19Z,2026-08-05,4,,False,False,2026-09-28T05:30:20.240Z
547eb0516bc172e5,ChIJedhrVPOa-F8R4bRGdkr_0VU,2026-08-04T22:13:48Z,2026-08-05,5,ja,True,False,2026-09-28T05:30:20.240Z
3cce673f8b9a9707,ChIJedhrVPOa-F8R4bRGdkr_0VU,2026-08-05T01:30:44Z,2026-08-05,5,ja,True,False,2026-09-28T05:30:20.240Z
2ca0abb5783556e6,ChIJedhrVPOa-F8R4bRGdkr_0VU,2026-08-05T02:22:02Z,2026-08-05,5,,False,False,2026-09-28T05:30:20.240Z
ffef4cd427df0732,ChIJedhrVPOa-F8R4bRGdkr_0VU,2026-08-05T02:25:15Z,2026-08-05,5,ja,True,False,2026-09-28T05:30:20.240Z
5aae51b995ad7605,ChIJedhrVPOa-F8R4bRGdkr_0VU,2026-08-05T06:27:10Z,2026-08-05,4,,False,False,2026-09-28T05:30:20.240Z
f17d05e710b929ba,ChIJedhrVPOa-F8R4bRGdkr_0VU,2026-08-05T06:51:27Z,2026-08-05,5,,False,False,2026-09-28T05:30:20.240Z
2be5af05e71fe4e1,ChIJedhrVPOa-F8R4bRGdkr_0VU,2026-08-05T12:03:59Z,2026-08-05,4,ja,True,False,2026-09-28T05:30:20.240Z
12478f8efe585956,ChIJedhrVPOa-F8R4bRGdkr_0VU,2026-08-05T12:33:08Z,2026-08-05,5,ja,True,False,2026-09-28T05:30:20.240Z
d1b0313a37d93f6c,ChIJedhrVPOa-F8R4bRGdkr_0VU,2026-08-05T23:18:19Z,2026-08-06,5,ja,True,False,2026-09-28T05:30:20.240Z
b2d6adc4c5963850,ChIJedhrVPOa-F8R4bRGdkr_0VU,2026-08-06T02:31:56Z,2026-08-06,5,,False,False,2026-09-28T05:30:20.240Z
883c5749a46ee90a,ChIJedhrVPOa-F8R4bRGdkr_0VU,2026-08-06T02:48:40Z,2026-08-06,4,ja,True,False,2026-09-28T05:30:20.240Z
75e1df946b4d2c4e,ChIJedhrVPOa-F8R4bRGdkr_0VU,2026-08-06T05:53:13Z,2026-08-06,5,,False,False,2026-09-28T05:30:20.240Z
371a88dc6fcfd924,ChIJedhrVPOa-F8R4bRGdkr_0VU,2026-08-06T06:51:12Z,2026-08-06,5,ja,True,False,2026-09-28T05:30:20.240Z
2746f4a16f61b404,ChIJedhrVPOa-F8R4bRGdkr_0VU,2026-08-06T06:54:30Z,2026-08-06,5,,False,False,2026-09-28T05:30:20.240Z
cfbe6e4788db18bd,ChIJedhrVPOa-F8R4bRGdkr_0VU,2026-08-06T10:23:40Z,2026-08-06,5,,False,False,2026-09-28T05:30:20.240Z
c63bb58bdc7c47bb,ChIJedhrVPOa-F8R4bRGdkr_0VU,2026-08-06T10:27:29Z,2026-08-06,5,ja,True,False,2026-09-28T05:30:20.240Z
b464e78f0f2bbdb2,ChIJedhrVPOa-F8R4bRGdkr_0VU,2026-08-06T12:12:48Z,2026-08-06,4,ja,True,False,2026-09-28T05:30:20.240Z
62e500e86c94a83f,ChIJedhrVPOa-F8R4bRGdkr_0VU,2026-08-06T12:30:26Z,2026-08-06,4,ja,True,False,2026-09-28T05:30:20.240Z
6d9c613115f3a958,ChIJedhrVPOa-F8R4bRGdkr_0VU,2026-08-06T12:37:50Z,2026-08-06,5,ja,True,False,2026-09-28T05:30:20.240Z
43db4535d559f232,ChIJedhrVPOa-F8R4bRGdkr_0VU,2026-08-07T00:16:36Z,2026-08-07,4,,False,False,2026-09-28T05:30:20.240Z
4e09a7b1b39ef6f7,ChIJedhrVPOa-F8R4bRGdkr_0VU,2026-08-07T01:21:40Z,2026-08-07,4,ja,True,False,2026-09-28T05:30:20.240Z
d8b62b0daa6ad499,ChIJedhrVPOa-F8R4bRGdkr_0VU,2026-08-07T05:44:26Z,2026-08-07,5,,False,False,2026-09-28T05:30:20.240Z
846177bf58992d75,ChIJedhrVPOa-F8R4bRGdkr_0VU,2026-08-07T06:10:02Z,2026-08-07,5,ja,True,False,2026-09-28T05:30:20.240Z
6f4c9bee49a6f6cc,ChIJedhrVPOa-F8R4bRGdkr_0VU,2026-08-07T08:22:03Z,2026-08-07,3,ja,True,False,2026-09-28T05:30:20.240Z
99481ab1e02770b6,ChIJedhrVPOa-F8R4bRGdkr_0VU,2026-08-07T10:52:24Z,2026-08-07,5,ja,True,False,2026-09-28T05:30:20.240Z
fa2d84a239e67596,ChIJedhrVPOa-F8R4bRGdkr_0VU,2026-08-07T11:29:55Z,2026-08-07,4,,False,False,2026-09-28T05:30:20.240Z
44ebee66e95c263a,ChIJedhrVPOa-F8R4bRGdkr_0VU,2026-08-07T11:44:37Z,2026-08-07,3,ja,True,False,2026-09-28T05:30:20.240Z
d333158f1a34dc48,ChIJedhrVPOa-F8R4bRGdkr_0VU,2026-08-07T12:06:06Z,2026-08-07,4,ja,True,False,2026-09-28T05:30:20.240Z
251ce5ca7a60a26e,ChIJedhrVPOa-F8R4bRGdkr_0VU,2026-08-07T13:11:47Z,2026-08-07,5,ja,True,False,2026-09-28T05:30:20.240Z
a0b19981ebe1fc1d,ChIJedhrVPOa-F8R4bRGdkr_0VU,2026-08-07T17:37:04Z,2026-08-08,5,,False,False,2026-09-28T05:30:20.240Z
108e9919728dd27c,ChIJedhrVPOa-F8R4bRGdkr_0VU,2026-08-08T01:29:48Z,2026-08-08,4,zh-Hant,True,False,2026-09-28T05:30:20.240Z
d07fd7123cfc6a89,ChIJedhrVPOa-F8R4bRGdkr_0VU,2026-08-08T01:37:31Z,2026-08-08,4,,False,False,2026-09-28T05:30:20.240Z
453b0e99f2c859a5,ChIJedhrVPOa-F8R4bRGdkr_0VU,2026-08-08T02:44:27Z,2026-08-08,5,,False,False,2026-09-28T05:30:20.240Z
d9e55a3b0c144f92,ChIJedhrVPOa-F8R4bRGdkr_0VU,2026-08-08T04:38:44Z,2026-08-08,5,zh-Hant,True,False,2026-09-28T05:30:20.240Z
31124c2059f4a538,ChIJedhrVPOa-F8R4bRGdkr_0VU,2026-08-08T06:36:48Z,2026-08-08,5,ja,True,False,2026-09-28T05:30:20.240Z
afe19a5afb04cdd2,ChIJedhrVPOa-F8R4bRGdkr_0VU,2026-08-08T07:08:11Z,2026-08-08,5,ja,True,False,2026-09-28T05:30:20.240Z
756e9ca049a5917b,ChIJedhrVPOa-F8R4bRGdkr_0VU,2026-08-08T09:29:50Z,2026-08-08,5,,False,False,2026-09-28T05:30:20.240Z
68b802279549bfae,ChIJedhrVPOa-F8R4bRGdkr_0VU,2026-08-08T09:44:37Z,2026-08-08,5,,False,False,2026-09-28T05:30:20.240Z
7ef80241c2700cd5,ChIJedhrVPOa-F8R4bRGdkr_0VU,2026-08-08T10:45:26Z,2026-08-08,5,zh-Hant,True,False,2026-09-28T05:30:20.240Z
0c6b77a06c4462a8,ChIJedhrVPOa-F8R4bRGdkr_0VU,2026-08-08T13:57:56Z,2026-08-08,4,en,True,False,2026-09-28T05:30:20.240Z
092f00447c1a54a1,ChIJedhrVPOa-F8R4bRGdkr_0VU,2026-08-08T20:49:11Z,2026-08-09,4,,False,False,2026-09-28T05:30:20.240Z
07e96651d78576b0,ChIJedhrVPOa-F8R4bRGdkr_0VU,2026-08-08T22:12:30Z,2026-08-09,4,,False,False,2026-09-28T05:30:20.240Z
63b554860575a4df,ChIJedhrVPOa-F8R4bRGdkr_0VU,2026-08-09T02:36:27Z,2026-08-09,1,ja,True,False,2026-09-28T05:30:20.240Z
d4d5649cc8e89c53,ChIJedhrVPOa-F8R4bRGdkr_0VU,2026-08-09T02:48:52Z,2026-08-09,5,,False,False,2026-09-28T05:30:20.240Z
6a2b522ce9b95fca,ChIJedhrVPOa-F8R4bRGdkr_0VU,2026-08-09T03:14:43Z,2026-08-09,4,,False,False,2026-09-28T05:30:20.240Z
85d9164c1444ba38,ChIJedhrVPOa-F8R4bRGdkr_0VU,2026-08-09T03:59:32Z,2026-08-09,5,,False,False,2026-09-28T05:30:20.240Z
98040843e7cef5e2,ChIJedhrVPOa-F8R4bRGdkr_0VU,2026-08-09T05:55:18Z,2026-08-09,4,,False,False,2026-09-28T05:30:20.240Z
216ee6c8a02f9b96,ChIJedhrVPOa-F8R4bRGdkr_0VU,2026-08-09T06:01:31Z,2026-08-09,4,ja,True,False,2026-09-28T05:30:20.240Z
e1616060eb9cf1cc,ChIJedhrVPOa-F8R4bRGdkr_0VU,2026-08-09T07:37:33Z,2026-08-09,5,ja,True,False,2026-09-28T05:30:20.240Z
0f0d7bf45b032505,ChIJedhrVPOa-F8R4bRGdkr_0VU,2026-08-09T07:44:43Z,2026-08-09,5,ja,True,False,2026-09-28T05:30:20.240Z
f02de363bfb6e6cf,ChIJedhrVPOa-F8R4bRGdkr_0VU,2026-08-09T07:50:57Z,2026-08-09,5,,False,False,2026-09-28T05:30:20.240Z
b218f800523602e9,ChIJedhrVPOa-F8R4bRGdkr_0VU,2026-08-09T10:01:10Z,2026-08-09,5,ja,True,False,2026-09-28T05:30:20.240Z
5ad887f73b910ca1,ChIJedhrVPOa-F8R4bRGdkr_0VU,2026-08-09T12:53:00Z,2026-08-09,4,,False,False,2026-09-28T05:30:20.240Z
3a633a87c0e17d35,ChIJedhrVPOa-F8R4bRGdkr_0VU,2026-08-09T13:16:55Z,2026-08-09,5,,False,False,2026-09-28T05:30:20.240Z
1e8685b059b50703,ChIJedhrVPOa-F8R4bRGdkr_0VU,2026-08-09T13:33:06Z,2026-08-09,4,,False,False,2026-09-28T05:30:20.240Z
0f673fb5c9459eac,ChIJedhrVPOa-F8R4bRGdkr_0VU,2026-08-09T13:39:33Z,2026-08-09,4,ja,True,False,2026-09-28T05:30:20.240Z
031ee8c19e5b3340,ChIJedhrVPOa-F8R4bRGdkr_0VU,2026-08-09T21:28:40Z,2026-08-10,5,,False,False,2026-09-28T05:30:20.240Z
a64674995e0db0a3,ChIJedhrVPOa-F8R4bRGdkr_0VU,2026-08-09T23:12:24Z,2026-08-10,4,ja,True,False,2026-09-28T05:30:20.240Z
c6cac1ff0fd45c7d,ChIJedhrVPOa-F8R4bRGdkr_0VU,2026-08-10T00:04:16Z,2026-08-10,5,ja,True,False,2026-09-28T05:30:20.240Z
325597dd808dbc9f,ChIJedhrVPOa-F8R4bRGdkr_0VU,2026-08-10T01:01:12Z,2026-08-10,5,ja,True,False,2026-09-28T05:30:20.240Z
e8c1c2763134adc2,ChIJedhrVPOa-F8R4bRGdkr_0VU,2026-08-10T01:41:34Z,2026-08-10,5,ja,True,False,2026-09-28T05:30:20.240Z
993cbc43bc12515d,ChIJedhrVPOa-F8R4bRGdkr_0VU,2026-08-10T02:06:57Z,2026-08-10,5,,False,False,2026-09-28T05:30:20.240Z
2212081d369dd063,ChIJedhrVPOa-F8R4bRGdkr_0VU,2026-08-10T05:24:10Z,2026-08-10,5,,False,False,2026-09-28T05:30:20.240Z
4806b6477ea5f172,ChIJedhrVPOa-F8R4bRGdkr_0VU,2026-08-10T06:47:46Z,2026-08-10,4,ja,True,False,2026-09-28T05:30:20.240Z
6921d1627a637c40,ChIJedhrVPOa-F8R4bRGdkr_0VU,2026-08-10T09:57:56Z,2026-08-10,5,ja,True,False,2026-09-28T05:30:20.240Z
437780afecf41f87,ChIJedhrVPOa-F8R4bRGdkr_0VU,2026-08-10T10:22:52Z,2026-08-10,3,ja,True,False,2026-09-28T05:30:20.240Z
4567d45e333ce0ba,ChIJedhrVPOa-F8R4bRGdkr_0VU,2026-08-10T11:36:20Z,2026-08-10,3,ja,True,False,2026-09-28T05:30:20.240Z
359d6eefbb1ee61f,ChIJedhrVPOa-F8R4bRGdkr_0VU,2026-08-10T13:52:38Z,2026-08-10,3,vi,True,False,2026-09-28T05:30:20.240Z
e82c2263e472ebc6,ChIJedhrVPOa-F8R4bRGdkr_0VU,2026-08-10T21:46:15Z,2026-08-11,4,ja,True,False,2026-09-28T05:30:20.240Z
4e24bc4035650730,ChIJedhrVPOa-F8R4bRGdkr_0VU,2026-08-11T00:49:43Z,2026-08-11,5,,False,False,2026-09-28T05:30:20.240Z
d3027e1eec502ca5,ChIJedhrVPOa-F8R4bRGdkr_0VU,2026-08-11T02:24:20Z,2026-08-11,5,,False,False,2026-09-28T05:30:20.240Z
05c1b916fff6c676,ChIJedhrVPOa-F8R4bRGdkr_0VU,2026-08-11T05:13:25Z,2026-08-11,5,,False,False,2026-09-28T05:30:20.240Z
2ddf12d3ba0e6ea2,ChIJedhrVPOa-F8R4bRGdkr_0VU,2026-08-11T05:18:40Z,2026-08-11,4,,False,False,2026-09-28T05:30:20.240Z
bc96e982b0d62da3,ChIJedhrVPOa-F8R4bRGdkr_0VU,2026-08-11T06:01:56Z,2026-08-11,5,zh-Hant,True,False,2026-09-28T05:30:20.240Z
49c0149dbd50c324,ChIJedhrVPOa-F8R4bRGdkr_0VU,2026-08-11T06:53:13Z,2026-08-11,3,,False,False,2026-09-28T05:30:20.240Z
48c5945c376dff04,ChIJedhrVPOa-F8R4bRGdkr_0VU,2026-08-11T06:54:34Z,2026-08-11,4,en,True,False,2026-09-28T05:30:20.240Z
ec479cbbbf6b8e1f,ChIJedhrVPOa-F8R4bRGdkr_0VU,2026-08-11T08:01:02Z,2026-08-11,4,ja,True,False,2026-09-28T05:30:20.240Z
de109c1b1afbed2d,ChIJedhrVPOa-F8R4bRGdkr_0VU,2026-08-11T11:09:32Z,2026-08-11,5,ja,True,False,2026-09-28T05:30:20.240Z
5553239cc8791383,ChIJedhrVPOa-F8R4bRGdkr_0VU,2026-08-11T12:56:44Z,2026-08-11,3,ja,True,False,2026-09-28T05:30:20.240Z
788e60999304c72c,ChIJedhrVPOa-F8R4bRGdkr_0VU,2026-08-11T13:17:22Z,2026-08-11,3,,False,False,2026-09-28T05:30:20.240Z
b1d4f75504e62bec,ChIJedhrVPOa-F8R4bRGdkr_0VU,2026-08-11T16:00:57Z,2026-08-12,5,,False,False,2026-09-28T05:30:20.240Z
ff489f012604101d,ChIJedhrVPOa-F8R4bRGdkr_0VU,2026-08-11T21:26:28Z,2026-08-12,4,,False,False,2026-09-28T05:30:20.240Z
7570893814db3e96,ChIJedhrVPOa-F8R4bRGdkr_0VU,2026-08-12T00:49:45Z,2026-08-12,5,,False,False,2026-09-28T05:30:20.240Z
2743cef2273ee6d8,ChIJedhrVPOa-F8R4bRGdkr_0VU,2026-08-12T02:35:24Z,2026-08-12,4,,False,False,2026-09-28T05:30:20.240Z
37ae3675a1b2e6f2,ChIJedhrVPOa-F8R4bRGdkr_0VU,2026-08-12T03:04:57Z,2026-08-12,5,ja,True,False,2026-09-28T05:30:20.240Z
e76075de88596444,ChIJedhrVPOa-F8R4bRGdkr_0VU,2026-08-12T03:44:10Z,2026-08-12,5,ja,True,False,2026-09-28T05:30:20.240Z
67be0904d7edf6fc,ChIJedhrVPOa-F8R4bRGdkr_0VU,2026-08-12T08:55:40Z,2026-08-12,5,ja,True,False,2026-09-28T05:30:20.240Z
a99e8018165043d3,ChIJedhrVPOa-F8R4bRGdkr_0VU,2026-08-12T11:30:40Z,2026-08-12,4,ja,True,False,2026-09-28T05:30:20.240Z
c7b02d8af30de04a,ChIJedhrVPOa-F8R4bRGdkr_0VU,2026-08-12T11:36:40Z,2026-08-12,5,,False,False,2026-09-28T05:30:20.240Z
aa17d779b82df0f1,ChIJedhrVPOa-F8R4bRGdkr_0VU,2026-08-12T12:10:37Z,2026-08-12,5,ja,True,False,2026-09-28T05:30:20.240Z
616764b58b81e02a,ChIJedhrVPOa-F8R4bRGdkr_0VU,2026-08-12T15:17:01Z,2026-08-13,5,,False,False,2026-09-28T05:30:20.240Z
4b78af48d01e6c59,ChIJedhrVPOa-F8R4bRGdkr_0VU,2026-08-12T20:36:16Z,2026-08-13,4,,False,False,2026-09-28T05:30:20.240Z
d90cc87b4a55283b,ChIJedhrVPOa-F8R4bRGdkr_0VU,2026-08-12T21:01:25Z,2026-08-13,4,,False,False,2026-09-28T05:30:20.240Z
1d24de209ca922db,ChIJedhrVPOa-F8R4bRGdkr_0VU,2026-08-12T23:04:47Z,2026-08-13,5,,False,False,2026-09-28T05:30:20.240Z
3e615ec9f70e2901,ChIJedhrVPOa-F8R4bRGdkr_0VU,2026-08-12T23:20:04Z,2026-08-13,5,,False,False,2026-09-28T05:30:20.240Z
67a36af9f5d5b03b,ChIJedhrVPOa-F8R4bRGdkr_0VU,2026-08-13T02:17:00Z,2026-08-13,5,ja,True,False,2026-09-28T05:30:20.240Z
70d49e5e1487b8e3,ChIJedhrVPOa-F8R4bRGdkr_0VU,2026-08-13T04:21:29Z,2026-08-13,4,,False,False,2026-09-28T05:30:20.240Z
ab9bcd6378b29fb5,ChIJedhrVPOa-F8R4bRGdkr_0VU,2026-08-13T04:54:56Z,2026-08-13,5,ja,True,False,2026-09-28T05:30:20.240Z
4e7ad258ecb5df73,ChIJedhrVPOa-F8R4bRGdkr_0VU,2026-08-13T05:32:53Z,2026-08-13,1,ja,True,False,2026-09-28T05:30:20.240Z
e42efa3da96c53cd,ChIJedhrVPOa-F8R4bRGdkr_0VU,2026-08-13T06:17:10Z,2026-08-13,5,,False,False,2026-09-28T05:30:20.240Z
67d162ac636f1ab3,ChIJedhrVPOa-F8R4bRGdkr_0VU,2026-08-13T09:02:23Z,2026-08-13,5,,False,False,2026-09-28T05:30:20.240Z
4184c3f53fb8de0c,ChIJedhrVPOa-F8R4bRGdkr_0VU,2026-08-13T09:23:10Z,2026-08-13,4,ja,True,False,2026-09-28T05:30:20.240Z
7ed1d9fad8f31311,ChIJedhrVPOa-F8R4bRGdkr_0VU,2026-08-13T11:14:22Z,2026-08-13,5,,False,False,2026-09-28T05:30:20.240Z
a47c336766198168,ChIJedhrVPOa-F8R4bRGdkr_0VU,2026-08-13T12:20:54Z,2026-08-13,5,ja,True,False,2026-09-28T05:30:20.240Z
fe6c3f102b2f7c80,ChIJedhrVPOa-F8R4bRGdkr_0VU,2026-08-13T12:24:01Z,2026-08-13,5,,False,False,2026-09-28T05:30:20.240Z
06178514dd7b8fd5,ChIJedhrVPOa-F8R4bRGdkr_0VU,2026-08-13T12:35:46Z,2026-08-13,5,ja,True,False,2026-09-28T05:30:20.240Z
1867b325e51f49af,ChIJedhrVPOa-F8R4bRGdkr_0VU,2026-08-13T13:21:37Z,2026-08-13,5,,False,False,2026-09-28T05:30:20.240Z
55cda872cdce8ee9,ChIJedhrVPOa-F8R4bRGdkr_0VU,2026-08-13T21:35:11Z,2026-08-14,5,ja,True,False,2026-09-28T05:30:20.240Z
242cee8611b0bb10,ChIJedhrVPOa-F8R4bRGdkr_0VU,2026-08-13T22:11:48Z,2026-08-14,5,,False,False,2026-09-28T05:30:20.240Z
769c43143540c870,ChIJedhrVPOa-F8R4bRGdkr_0VU,2026-08-13T23:56:50Z,2026-08-14,5,ja,True,False,2026-09-28T05:30:20.240Z
fa156bd6e7d6271a,ChIJedhrVPOa-F8R4bRGdkr_0VU,2026-08-14T01:44:49Z,2026-08-14,5,ja,True,False,2026-09-28T05:30:20.240Z
f1cbfaa5b3930552,ChIJedhrVPOa-F8R4bRGdkr_0VU,2026-08-14T02:23:21Z,2026-08-14,5,,False,False,2026-09-28T05:30:20.240Z
1598c5df20822593,ChIJedhrVPOa-F8R4bRGdkr_0VU,2026-08-14T02:25:07Z,2026-08-14,5,ja,True,False,2026-09-28T05:30:20.240Z
3647c1f8206ffa78,ChIJedhrVPOa-F8R4bRGdkr_0VU,2026-08-14T03:09:05Z,2026-08-14,5,ja,True,False,2026-09-28T05:30:20.240Z
af0c73982fe6d8ba,ChIJedhrVPOa-F8R4bRGdkr_0VU,2026-08-14T04:57:33Z,2026-08-14,5,ja,True,False,2026-09-28T05:30:20.240Z
cbc1aa421d12abda,ChIJedhrVPOa-F8R4bRGdkr_0VU,2026-08-14T07:45:24Z,2026-08-14,5,ja,True,False,2026-09-28T05:30:20.240Z
0fcdc1d7a0fbf7ea,ChIJedhrVPOa-F8R4bRGdkr_0VU,2026-08-14T11:21:09Z,2026-08-14,4,ja,True,False,2026-09-28T05:30:20.240Z
5886c1b8589bbb4b,ChIJedhrVPOa-F8R4bRGdkr_0VU,2026-08-14T11:32:25Z,2026-08-14,5,ja,True,False,2026-09-28T05:30:20.240Z
8569d87652bde717,ChIJedhrVPOa-F8R4bRGdkr_0VU,2026-08-14T12:18:05Z,2026-08-14,5,,False,False,2026-09-28T05:30:20.240Z
06ba680ce56f0341,ChIJedhrVPOa-F8R4bRGdkr_0VU,2026-08-14T18:16:21Z,2026-08-15,3,ja,True,False,2026-09-28T05:30:20.240Z
c5315ae961264350,ChIJedhrVPOa-F8R4bRGdkr_0VU,2026-08-14T22:58:38Z,2026-08-15,5,,False,False,2026-09-28T05:30:20.240Z
3d57d0f105f780bb,ChIJedhrVPOa-F8R4bRGdkr_0VU,2026-08-14T23:01:03Z,2026-08-15,5,ja,True,False,2026-09-28T05:30:20.240Z
234cddb3c368315b,ChIJedhrVPOa-F8R4bRGdkr_0VU,2026-08-15T00:57:32Z,2026-08-15,5,ja,True,False,2026-09-28T05:30:20.240Z
f86708cf9a75eed3,ChIJedhrVPOa-F8R4bRGdkr_0VU,2026-08-15T01:45:51Z,2026-08-15,5,ja,True,False,2026-09-28T05:30:20.240Z
d7fbbe60f5270863,ChIJedhrVPOa-F8R4bRGdkr_0VU,2026-08-15T03:05:36Z,2026-08-15,5,,False,False,2026-09-28T05:30:20.240Z
2d3e91095d7cd0d9,ChIJedhrVPOa-F8R4bRGdkr_0VU,2026-08-15T03:52:32Z,2026-08-15,5,ja,True,False,2026-09-28T05:30:20.240Z
0e51a047b573b55b,ChIJedhrVPOa-F8R4bRGdkr_0VU,2026-08-15T03:53:02Z,2026-08-15,4,,False,False,2026-09-28T05:30:20.240Z
994ce1a14166b1f5,ChIJedhrVPOa-F8R4bRGdkr_0VU,2026-08-15T04:35:58Z,2026-08-15,4,ja,True,False,2026-09-28T05:30:20.240Z
1f13b08be7ce3bef,ChIJedhrVPOa-F8R4bRGdkr_0VU,2026-08-15T08:00:53Z,2026-08-15,5,,False,False,2026-09-28T05:30:20.240Z
320d45b51bd57f3e,ChIJedhrVPOa-F8R4bRGdkr_0VU,2026-08-15T08:01:19Z,2026-08-15,4,,False,False,2026-09-28T05:30:20.240Z
2e1880797b8c7009,ChIJedhrVPOa-F8R4bRGdkr_0VU,2026-08-15T08:34:46Z,2026-08-15,5,ja,True,False,2026-09-28T05:30:20.240Z
0602b9f565bb0955,ChIJedhrVPOa-F8R4bRGdkr_0VU,2026-08-15T09:18:52Z,2026-08-15,1,ja,True,False,2026-09-28T05:30:20.240Z
52b7de58a44cec70,ChIJedhrVPOa-F8R4bRGdkr_0VU,2026-08-15T13:03:44Z,2026-08-15,4,ja,True,False,2026-09-28T05:30:20.240Z
acfcc621b7f3535a,ChIJedhrVPOa-F8R4bRGdkr_0VU,2026-08-15T13:11:12Z,2026-08-15,5,ja,True,False,2026-09-28T05:30:20.240Z
fc1d6e8bec257b05,ChIJedhrVPOa-F8R4bRGdkr_0VU,2026-08-15T21:43:35Z,2026-08-16,5,ja,True,False,2026-09-28T05:30:20.240Z
7cc0f6e75130137c,ChIJedhrVPOa-F8R4bRGdkr_0VU,2026-08-15T22:13:20Z,2026-08-16,5,ja,True,False,2026-09-28T05:30:20.240Z
8f09c8f290eb2456,ChIJedhrVPOa-F8R4bRGdkr_0VU,2026-08-15T23:31:19Z,2026-08-16,4,ja,True,False,2026-09-28T05:30:20.240Z
0e14dca0ff62cdcb,ChIJedhrVPOa-F8R4bRGdkr_0VU,2026-08-15T23:36:16Z,2026-08-16,1,,False,False,2026-09-28T05:30:20.240Z
97639e3d02dad73e,ChIJedhrVPOa-F8R4bRGdkr_0VU,2026-08-15T23:51:30Z,2026-08-16,5,ja,True,False,2026-09-28T05:30:20.240Z
2da4aa4c35b0fd31,ChIJedhrVPOa-F8R4bRGdkr_0VU,2026-08-16T00:26:27Z,2026-08-16,5,,False,False,2026-09-28T05:30:20.240Z
efdf7028a28d3521,ChIJedhrVPOa-F8R4bRGdkr_0VU,2026-08-16T04:30:40Z,2026-08-16,4,ja,True,False,2026-09-28T05:30:20.240Z
bd2d19f44abc7700,ChIJedhrVPOa-F8R4bRGdkr_0VU,2026-08-16T04:45:42Z,2026-08-16,5,,False,False,2026-09-28T05:30:20.240Z
5490656dc4fc43dd,ChIJedhrVPOa-F8R4bRGdkr_0VU,2026-08-16T06:08:31Z,2026-08-16,4,ja,True,False,2026-09-28T05:30:20.240Z
29b35e90fbc1429b,ChIJedhrVPOa-F8R4bRGdkr_0VU,2026-08-16T07:01:50Z,2026-08-16,4,,False,False,2026-09-28T05:30:20.240Z
335afb294f53f6e7,ChIJedhrVPOa-F8R4bRGdkr_0VU,2026-08-16T07:15:03Z,2026-08-16,5,,False,False,2026-09-28T05:30:20.240Z
f8454e2a8d5cfa47,ChIJedhrVPOa-F8R4bRGdkr_0VU,2026-08-16T07:51:28Z,2026-08-16,4,,False,False,2026-09-28T05:30:20.240Z
1bf2ff3c511164ae,ChIJedhrVPOa-F8R4bRGdkr_0VU,2026-08-16T08:10:38Z,2026-08-16,3,,False,False,2026-09-28T05:30:20.240Z
35df8ad66e1254d4,ChIJedhrVPOa-F8R4bRGdkr_0VU,2026-08-16T08:43:23Z,2026-08-16,5,ja,True,False,2026-09-28T05:30:20.240Z
078a996258ed6925,ChIJedhrVPOa-F8R4bRGdkr_0VU,2026-08-16T08:54:51Z,2026-08-16,5,,False,False,2026-09-28T05:30:20.240Z
43204c176e240894,ChIJedhrVPOa-F8R4bRGdkr_0VU,2026-08-16T11:08:31Z,2026-08-16,5,ja,True,False,2026-09-28T05:30:20.240Z
8a6b35c384121bd3,ChIJedhrVPOa-F8R4bRGdkr_0VU,2026-08-16T11:41:12Z,2026-08-16,4,,False,False,2026-09-28T05:30:20.240Z
ffabb376f762bd86,ChIJedhrVPOa-F8R4bRGdkr_0VU,2026-08-16T13:16:59Z,2026-08-16,4,,False,False,2026-09-28T05:30:20.240Z
e8424c609f166e30,ChIJedhrVPOa-F8R4bRGdkr_0VU,2026-08-16T18:04:33Z,2026-08-17,4,,False,False,2026-09-28T05:30:20.240Z
c4506c0dae64c21e,ChIJedhrVPOa-F8R4bRGdkr_0VU,2026-08-16T23:59:50Z,2026-08-17,5,,False,False,2026-09-28T05:30:20.240Z
2506b1dc8a4766ce,ChIJedhrVPOa-F8R4bRGdkr_0VU,2026-08-17T00:53:39Z,2026-08-17,5,ja,True,False,2026-09-28T05:30:20.240Z
28e02444b9c05c2c,ChIJedhrVPOa-F8R4bRGdkr_0VU,2026-08-17T02:26:40Z,2026-08-17,5,ja,True,False,2026-09-28T05:30:20.240Z
855e93a3c55ddecd,ChIJedhrVPOa-F8R4bRGdkr_0VU,2026-08-17T04:06:03Z,2026-08-17,5,,False,False,2026-09-28T05:30:20.240Z
6b29f1c3497b693a,ChIJedhrVPOa-F8R4bRGdkr_0VU,2026-08-17T04:36:40Z,2026-08-17,4,ja,True,False,2026-09-28T05:30:20.240Z
4340016f6be0926b,ChIJedhrVPOa-F8R4bRGdkr_0VU,2026-08-17T08:15:21Z,2026-08-17,5,,False,False,2026-09-28T05:30:20.240Z
dda2a8d4922e2c6d,ChIJedhrVPOa-F8R4bRGdkr_0VU,2026-08-17T08:27:09Z,2026-08-17,5,,False,False,2026-09-28T05:30:20.240Z
828aa1377f7a0593,ChIJedhrVPOa-F8R4bRGdkr_0VU,2026-08-17T10:27:13Z,2026-08-17,5,,False,False,2026-09-28T05:30:20.240Z
9f0d222186d8c2b4,ChIJedhrVPOa-F8R4bRGdkr_0VU,2026-08-17T10:56:50Z,2026-08-17,4,ja,True,False,2026-09-28T05:30:20.240Z
73882c6891792c85,ChIJedhrVPOa-F8R4bRGdkr_0VU,2026-08-17T11:02:44Z,2026-08-17,5,,False,False,2026-09-28T05:30:20.240Z
b2aafc3ab820b4d9,ChIJedhrVPOa-F8R4bRGdkr_0VU,2026-08-17T11:50:15Z,2026-08-17,5,,False,False,2026-09-28T05:30:20.240Z
4a7e4ffd3da46b76,ChIJedhrVPOa-F8R4bRGdkr_0VU,2026-08-17T12:42:54Z,2026-08-17,3,,False,False,2026-09-28T05:30:20.240Z
79268bb2373463ab,ChIJedhrVPOa-F8R4bRGdkr_0VU,2026-08-17T13:37:27Z,2026-08-17,4,,False,False,2026-09-28T05:30:20.240Z
4caec283c9dbe1ae,ChIJedhrVPOa-F8R4bRGdkr_0VU,2026-08-17T14:31:00Z,2026-08-17,4,ja,True,False,2026-09-28T05:30:20.240Z
97413e91d0784afd,ChIJedhrVPOa-F8R4bRGdkr_0VU,2026-08-17T21:03:19Z,2026-08-18,4,ja,True,False,2026-09-28T05:30:20.240Z
689db62fe413992f,ChIJedhrVPOa-F8R4bRGdkr_0VU,2026-08-17T22:39:03Z,2026-08-18,4,ja,True,False,2026-09-28T05:30:20.240Z
51cdc2e9cbdb0cfd,ChIJedhrVPOa-F8R4bRGdkr_0VU,2026-08-18T02:43:28Z,2026-08-18,5,ja,True,False,2026-09-28T05:30:20.240Z
d208707762061d9e,ChIJedhrVPOa-F8R4bRGdkr_0VU,2026-08-18T03:49:34Z,2026-08-18,5,ja,True,False,2026-09-28T05:30:20.240Z
121658b3f1e5a722,ChIJedhrVPOa-F8R4bRGdkr_0VU,2026-08-18T03:50:20Z,2026-08-18,4,,False,False,2026-09-28T05:30:20.240Z
2a0a62191497ae73,ChIJedhrVPOa-F8R4bRGdkr_0VU,2026-08-18T07:11:53Z,2026-08-18,5,,False,False,2026-09-28T05:30:20.240Z
5e9193915c216794,ChIJedhrVPOa-F8R4bRGdkr_0VU,2026-08-18T08:01:08Z,2026-08-18,3,ja,True,False,2026-09-28T05:30:20.240Z
18d7b95a9f656188,ChIJedhrVPOa-F8R4bRGdkr_0VU,2026-08-18T09:43:16Z,2026-08-18,4,,False,False,2026-09-28T05:30:20.240Z
f42a793c4df6ca9d,ChIJedhrVPOa-F8R4bRGdkr_0VU,2026-08-18T10:44:39Z,2026-08-18,5,ja,True,False,2026-09-28T05:30:20.240Z
898b31efaa2c48dd,ChIJedhrVPOa-F8R4bRGdkr_0VU,2026-08-18T12:01:26Z,2026-08-18,5,,False,False,2026-09-28T05:30:20.240Z
17a1914bab564ec1,ChIJedhrVPOa-F8R4bRGdkr_0VU,2026-08-18T12:34:54Z,2026-08-18,5,,False,False,2026-09-28T05:30:20.240Z
629d1bb85d06083a,ChIJedhrVPOa-F8R4bRGdkr_0VU,2026-08-18T21:17:26Z,2026-08-19,3,,False,False,2026-09-28T05:30:20.240Z
42a1c45259d861fd,ChIJedhrVPOa-F8R4bRGdkr_0VU,2026-08-18T21:28:17Z,2026-08-19,5,,False,False,2026-09-28T05:30:20.240Z
dec6f262dca1ce26,ChIJedhrVPOa-F8R4bRGdkr_0VU,2026-08-18T22:25:14Z,2026-08-19,5,ja,True,False,2026-09-28T05:30:20.240Z
bdaf038cc1a5e78d,ChIJedhrVPOa-F8R4bRGdkr_0VU,2026-08-18T22:50:28Z,2026-08-19,3,ja,True,False,2026-09-28T05:30:20.240Z
20ebfc08d62d0450,ChIJedhrVPOa-F8R4bRGdkr_0VU,2026-08-19T01:44:37Z,2026-08-19,5,,False,False,2026-09-28T05:30:20.240Z
9eff3edcc2b8b78b,ChIJedhrVPOa-F8R4bRGdkr_0VU,2026-08-19T03:27:04Z,2026-08-19,5,,False,False,2026-09-28T05:30:20.240Z
daeff5cb0173a4cb,ChIJedhrVPOa-F8R4bRGdkr_0VU,2026-08-19T09:06:48Z,2026-08-19,5,,False,False,2026-09-28T05:30:20.240Z
59b21bfc67b466d9,ChIJedhrVPOa-F8R4bRGdkr_0VU,2026-08-19T23:04:23Z,2026-08-20,4,ja,True,False,2026-09-28T05:30:20.240Z
48940c55d31a16eb,ChIJedhrVPOa-F8R4bRGdkr_0VU,2026-08-19T23:06:01Z,2026-08-20,5,ja,True,False,2026-09-28T05:30:20.240Z
89ad75e063e16ab8,ChIJedhrVPOa-F8R4bRGdkr_0VU,2026-08-19T23:31:34Z,2026-08-20,1,ja,True,False,2026-09-28T05:30:20.240Z
e46e626b7174c19e,ChIJedhrVPOa-F8R4bRGdkr_0VU,2026-08-19T23:50:45Z,2026-08-20,5,,False,False,2026-09-28T05:30:20.240Z
5cb97ec0185f0b43,ChIJedhrVPOa-F8R4bRGdkr_0VU,2026-08-20T00:32:43Z,2026-08-20,5,,False,False,2026-09-28T05:30:20.240Z
60cab7bd3773de36,ChIJedhrVPOa-F8R4bRGdkr_0VU,2026-08-20T00:57:32Z,2026-08-20,5,,False,False,2026-09-28T05:30:20.240Z
e8863bb39d065bc7,ChIJedhrVPOa-F8R4bRGdkr_0VU,2026-08-20T01:28:17Z,2026-08-20,5,ja,True,False,2026-09-28T05:30:20.240Z
ce946dec0c8ae8a9,ChIJedhrVPOa-F8R4bRGdkr_0VU,2026-08-20T02:50:58Z,2026-08-20,5,ja,True,False,2026-09-28T05:30:20.240Z
8067962f1446ea74,ChIJedhrVPOa-F8R4bRGdkr_0VU,2026-08-20T03:18:09Z,2026-08-20,5,ja,True,False,2026-09-28T05:30:20.240Z
3aab645e5faf11ad,ChIJedhrVPOa-F8R4bRGdkr_0VU,2026-08-20T07:47:57Z,2026-08-20,5,,False,False,2026-09-28T05:30:20.240Z
a943d25d23c82d22,ChIJedhrVPOa-F8R4bRGdkr_0VU,2026-08-20T09:16:39Z,2026-08-20,4,ja,True,False,2026-09-28T05:30:20.240Z
1a8005a3edcbeb6e,ChIJedhrVPOa-F8R4bRGdkr_0VU,2026-08-20T09:55:00Z,2026-08-20,5,ja,True,False,2026-09-28T05:30:20.240Z
b9ba72fa36cfb9b8,ChIJedhrVPOa-F8R4bRGdkr_0VU,2026-08-20T10:19:12Z,2026-08-20,4,,False,False,2026-09-28T05:30:20.240Z
ccf5e08ec60e91a6,ChIJedhrVPOa-F8R4bRGdkr_0VU,2026-08-20T16:40:28Z,2026-08-21,5,ja,True,False,2026-09-28T05:30:20.240Z
eff38b2b17218b58,ChIJedhrVPOa-F8R4bRGdkr_0VU,2026-08-20T21:34:00Z,2026-08-21,3,ja,True,False,2026-09-28T05:30:20.240Z
88b7c86eace7b2cc,ChIJedhrVPOa-F8R4bRGdkr_0VU,2026-08-21T02:16:48Z,2026-08-21,4,ja,True,False,2026-09-28T05:30:20.240Z
2f61d04d1a98d88d,ChIJedhrVPOa-F8R4bRGdkr_0VU,2026-08-21T04:02:02Z,2026-08-21,3,ja,True,False,2026-09-28T05:30:20.240Z
e3b82762eb1b1a22,ChIJedhrVPOa-F8R4bRGdkr_0VU,2026-08-21T04:34:48Z,2026-08-21,5,,False,False,2026-09-28T05:30:20.240Z
bffd952ff22bb156,ChIJedhrVPOa-F8R4bRGdkr_0VU,2026-08-21T05:04:37Z,2026-08-21,4,ja,True,False,2026-09-28T05:30:20.240Z
bdf73ef3d044c0cf,ChIJedhrVPOa-F8R4bRGdkr_0VU,2026-08-21T11:46:05Z,2026-08-21,5,ja,True,False,2026-09-28T05:30:20.240Z
378cd25af078a581,ChIJedhrVPOa-F8R4bRGdkr_0VU,2026-08-21T12:41:34Z,2026-08-21,5,ja,True,False,2026-09-28T05:30:20.240Z
9564963480842f78,ChIJedhrVPOa-F8R4bRGdkr_0VU,2026-08-21T14:09:28Z,2026-08-21,5,ja,True,False,2026-09-28T05:30:20.240Z
5686afd0692e68a2,ChIJedhrVPOa-F8R4bRGdkr_0VU,2026-08-21T14:46:27Z,2026-08-21,5,,False,False,2026-09-28T05:30:20.240Z
0868f77a4d56c08e,ChIJedhrVPOa-F8R4bRGdkr_0VU,2026-08-21T15:02:50Z,2026-08-22,5,,False,False,2026-09-28T05:30:20.240Z
7ccd9c820cb3c848,ChIJedhrVPOa-F8R4bRGdkr_0VU,2026-08-21T22:15:11Z,2026-08-22,5,,False,False,2026-09-28T05:30:20.240Z
26f6647216eb1da2,ChIJedhrVPOa-F8R4bRGdkr_0VU,2026-08-21T23:06:36Z,2026-08-22,1,,False,False,2026-09-28T05:30:20.240Z
4889038816738ddb,ChIJedhrVPOa-F8R4bRGdkr_0VU,2026-08-21T23:43:50Z,2026-08-22,5,,False,False,2026-09-28T05:30:20.240Z
25b5c6290c133e86,ChIJedhrVPOa-F8R4bRGdkr_0VU,2026-08-22T00:25:56Z,2026-08-22,5,,False,False,2026-09-28T05:30:20.240Z
805c2555840f5860,ChIJedhrVPOa-F8R4bRGdkr_0VU,2026-08-22T01:10:54Z,2026-08-22,4,,False,False,2026-09-28T05:30:20.240Z
04316679403721bd,ChIJedhrVPOa-F8R4bRGdkr_0VU,2026-08-22T02:07:26Z,2026-08-22,5,,False,False,2026-09-28T05:30:20.240Z
6d8232169d2432a3,ChIJedhrVPOa-F8R4bRGdkr_0VU,2026-08-22T02:21:07Z,2026-08-22,4,,False,False,2026-09-28T05:30:20.240Z
4b9fd89cbd26b52c,ChIJedhrVPOa-F8R4bRGdkr_0VU,2026-08-22T02:49:03Z,2026-08-22,5,ja,True,False,2026-09-28T05:30:20.240Z
4622dff35cd1f182,ChIJedhrVPOa-F8R4bRGdkr_0VU,2026-08-22T05:23:08Z,2026-08-22,5,,False,False,2026-09-28T05:30:20.240Z
1188867bedc5df63,ChIJedhrVPOa-F8R4bRGdkr_0VU,2026-08-22T06:13:16Z,2026-08-22,5,,False,False,2026-09-28T05:30:20.240Z
47df3c01e5093a8c,ChIJedhrVPOa-F8R4bRGdkr_0VU,2026-08-22T06:54:50Z,2026-08-22,3,ja,True,False,2026-09-28T05:30:20.240Z
76a558b12588ab52,ChIJedhrVPOa-F8R4bRGdkr_0VU,2026-08-22T08:27:01Z,2026-08-22,4,,False,False,2026-09-28T05:30:20.240Z
7323e28fa9cb4a92,ChIJedhrVPOa-F8R4bRGdkr_0VU,2026-08-22T09:09:40Z,2026-08-22,5,,False,False,2026-09-28T05:30:20.240Z
3b4d343ec9c70b32,ChIJedhrVPOa-F8R4bRGdkr_0VU,2026-08-22T10:28:25Z,2026-08-22,5,,False,False,2026-09-28T05:30:20.240Z
a414cf95cb74fd4e,ChIJedhrVPOa-F8R4bRGdkr_0VU,2026-08-22T11:12:37Z,2026-08-22,5,,False,False,2026-09-28T05:30:20.240Z
315b4d4672b019c7,ChIJedhrVPOa-F8R4bRGdkr_0VU,2026-08-22T11:21:05Z,2026-08-22,5,,False,False,2026-09-28T05:30:20.240Z
1cccf8a759c8abdf,ChIJedhrVPOa-F8R4bRGdkr_0VU,2026-08-22T12:17:33Z,2026-08-22,5,,False,False,2026-09-28T05:30:20.240Z
93fc0230f76e3eb6,ChIJedhrVPOa-F8R4bRGdkr_0VU,2026-08-22T12:43:24Z,2026-08-22,5,,False,False,2026-09-28T05:30:20.240Z
dd8be5c89374b98b,ChIJedhrVPOa-F8R4bRGdkr_0VU,2026-08-22T15:14:39Z,2026-08-23,4,ja,True,False,2026-09-28T05:30:20.240Z
b71c2bc49cfdcd50,ChIJedhrVPOa-F8R4bRGdkr_0VU,2026-08-22T17:06:46Z,2026-08-23,4,,False,False,2026-09-28T05:30:20.240Z
22154aa8117df2dd,ChIJedhrVPOa-F8R4bRGdkr_0VU,2026-08-23T01:15:46Z,2026-08-23,5,,False,False,2026-09-28T05:30:20.240Z
ffaa2cfec84896f8,ChIJedhrVPOa-F8R4bRGdkr_0VU,2026-08-23T03:34:36Z,2026-08-23,5,,False,False,2026-09-28T05:30:20.240Z
df51d6033095f97c,ChIJedhrVPOa-F8R4bRGdkr_0VU,2026-08-23T04:36:29Z,2026-08-23,5,ja,True,False,2026-09-28T05:30:20.240Z
c9e470726a8cce2d,ChIJedhrVPOa-F8R4bRGdkr_0VU,2026-08-23T04:55:14Z,2026-08-23,5,ja,True,False,2026-09-28T05:30:20.240Z
8fdfa96e2a649734,ChIJedhrVPOa-F8R4bRGdkr_0VU,2026-08-23T05:31:06Z,2026-08-23,5,en,True,False,2026-09-28T05:30:20.240Z
8df6f3cc47f2c958,ChIJedhrVPOa-F8R4bRGdkr_0VU,2026-08-23T05:40:31Z,2026-08-23,5,ja,True,False,2026-09-28T05:30:20.240Z
5c178871eb6874ed,ChIJedhrVPOa-F8R4bRGdkr_0VU,2026-08-23T09:15:10Z,2026-08-23,4,,False,False,2026-09-28T05:30:20.240Z
a81e35a9fb0a9027,ChIJedhrVPOa-F8R4bRGdkr_0VU,2026-08-23T11:23:04Z,2026-08-23,4,,False,False,2026-09-28T05:30:20.240Z
4ad549695cdd6741,ChIJedhrVPOa-F8R4bRGdkr_0VU,2026-08-23T12:00:57Z,2026-08-23,2,,False,False,2026-09-28T05:30:20.240Z
f73499ca15a28457,ChIJedhrVPOa-F8R4bRGdkr_0VU,2026-08-23T12:31:18Z,2026-08-23,5,ja,True,False,2026-09-28T05:30:20.240Z
3c3cb4f7d7892e9f,ChIJedhrVPOa-F8R4bRGdkr_0VU,2026-08-23T12:59:49Z,2026-08-23,4,zh-Hant,True,False,2026-09-28T05:30:20.240Z
cae4864fa407afe6,ChIJedhrVPOa-F8R4bRGdkr_0VU,2026-08-23T13:56:21Z,2026-08-23,5,,False,False,2026-09-28T05:30:20.240Z
01f9d846897434ec,ChIJedhrVPOa-F8R4bRGdkr_0VU,2026-08-24T00:48:45Z,2026-08-24,5,ja,True,False,2026-09-28T05:30:20.240Z
524fdd95629ab2b4,ChIJedhrVPOa-F8R4bRGdkr_0VU,2026-08-24T00:51:57Z,2026-08-24,4,ja,True,False,2026-09-28T05:30:20.240Z
a130f4972bfbd060,ChIJedhrVPOa-F8R4bRGdkr_0VU,2026-08-24T01:10:25Z,2026-08-24,4,,False,False,2026-09-28T05:30:20.240Z
1e452244c4a64097,ChIJedhrVPOa-F8R4bRGdkr_0VU,2026-08-24T01:24:59Z,2026-08-24,5,,False,False,2026-09-28T05:30:20.240Z
5008ab0b0dbf02b6,ChIJedhrVPOa-F8R4bRGdkr_0VU,2026-08-24T03:16:02Z,2026-08-24,5,zh-Hant,True,False,2026-09-28T05:30:20.240Z
26a0d8aab81caa67,ChIJedhrVPOa-F8R4bRGdkr_0VU,2026-08-24T05:45:41Z,2026-08-24,4,,False,False,2026-09-28T05:30:20.240Z
adb2f8cf787de25e,ChIJedhrVPOa-F8R4bRGdkr_0VU,2026-08-24T06:25:57Z,2026-08-24,5,,False,False,2026-09-28T05:30:20.240Z
35e093c5c877d458,ChIJedhrVPOa-F8R4bRGdkr_0VU,2026-08-24T07:12:43Z,2026-08-24,4,ja,True,False,2026-09-28T05:30:20.240Z
891246a799c3799c,ChIJedhrVPOa-F8R4bRGdkr_0VU,2026-08-24T08:22:51Z,2026-08-24,5,ja,True,False,2026-09-28T05:30:20.240Z
57b3606243ed5d3a,ChIJedhrVPOa-F8R4bRGdkr_0VU,2026-08-24T09:35:04Z,2026-08-24,4,ja,True,False,2026-09-28T05:30:20.240Z
14e1eeffd8c0b9ec,ChIJedhrVPOa-F8R4bRGdkr_0VU,2026-08-24T10:40:26Z,2026-08-24,5,,False,False,2026-09-28T05:30:20.240Z
0f95ca8aa279efbf,ChIJedhrVPOa-F8R4bRGdkr_0VU,2026-08-24T13:45:23Z,2026-08-24,5,ja,True,False,2026-09-28T05:30:20.240Z
9f57d7a3b40363b2,ChIJedhrVPOa-F8R4bRGdkr_0VU,2026-08-24T21:30:20Z,2026-08-25,4,,False,False,2026-09-28T05:30:20.240Z
133bc7f6e9c2992a,ChIJedhrVPOa-F8R4bRGdkr_0VU,2026-08-24T22:49:21Z,2026-08-25,5,ja,True,False,2026-09-28T05:30:20.240Z
195b6d2c06314518,ChIJedhrVPOa-F8R4bRGdkr_0VU,2026-08-25T08:06:21Z,2026-08-25,4,ja,True,False,2026-09-28T05:30:20.240Z
bc9fd57a29dc06b8,ChIJedhrVPOa-F8R4bRGdkr_0VU,2026-08-25T08:40:27Z,2026-08-25,5,,False,False,2026-09-28T05:30:20.240Z
3d87475c78f073f2,ChIJedhrVPOa-F8R4bRGdkr_0VU,2026-08-25T10:10:52Z,2026-08-25,5,,False,False,2026-09-28T05:30:20.240Z
441039482cac3d74,ChIJedhrVPOa-F8R4bRGdkr_0VU,2026-08-25T11:18:30Z,2026-08-25,5,,False,False,2026-09-28T05:30:20.240Z
2b13c99cf4dbc214,ChIJedhrVPOa-F8R4bRGdkr_0VU,2026-08-25T15:14:23Z,2026-08-26,5,,False,False,2026-09-28T05:30:20.240Z
d1e2c016050e436c,ChIJedhrVPOa-F8R4bRGdkr_0VU,2026-08-25T22:34:30Z,2026-08-26,4,,False,False,2026-09-28T05:30:20.240Z
42e773e2e0aa39b2,ChIJedhrVPOa-F8R4bRGdkr_0VU,2026-08-26T00:03:39Z,2026-08-26,5,ja,True,False,2026-09-28T05:30:20.240Z
812538da235dbea4,ChIJedhrVPOa-F8R4bRGdkr_0VU,2026-08-26T04:04:08Z,2026-08-26,4,ja,True,False,2026-09-28T05:30:20.240Z
a0fd6bd06aa2598b,ChIJedhrVPOa-F8R4bRGdkr_0VU,2026-08-26T04:24:39Z,2026-08-26,5,,False,False,2026-09-28T05:30:20.240Z
acd1a1d9dd31ca87,ChIJedhrVPOa-F8R4bRGdkr_0VU,2026-08-26T06:16:18Z,2026-08-26,4,ja,True,False,2026-09-28T05:30:20.240Z
d5b885b89fec1a8f,ChIJedhrVPOa-F8R4bRGdkr_0VU,2026-08-26T08:17:38Z,2026-08-26,5,,False,False,2026-09-28T05:30:20.240Z
a4e8d47057b2b7af,ChIJedhrVPOa-F8R4bRGdkr_0VU,2026-08-26T09:10:47Z,2026-08-26,5,,False,False,2026-09-28T05:30:20.240Z
a08dae1859f648d5,ChIJedhrVPOa-F8R4bRGdkr_0VU,2026-08-26T09:37:05Z,2026-08-26,4,,False,False,2026-09-28T05:30:20.240Z
8391721c5823475d,ChIJedhrVPOa-F8R4bRGdkr_0VU,2026-08-26T16:56:29Z,2026-08-27,3,,False,False,2026-09-28T05:30:20.240Z
bc85332ab5c8bbd6,ChIJedhrVPOa-F8R4bRGdkr_0VU,2026-08-26T20:38:10Z,2026-08-27,5,,False,False,2026-09-28T05:30:20.240Z
20184a99daf73f65,ChIJedhrVPOa-F8R4bRGdkr_0VU,2026-08-26T22:23:17Z,2026-08-27,5,ja,True,False,2026-09-28T05:30:20.240Z
27b8606535246fb8,ChIJedhrVPOa-F8R4bRGdkr_0VU,2026-08-27T03:00:22Z,2026-08-27,5,,False,False,2026-09-28T05:30:20.240Z
9f4e4878497afdb5,ChIJedhrVPOa-F8R4bRGdkr_0VU,2026-08-27T03:12:36Z,2026-08-27,4,zh-Hant,True,False,2026-09-28T05:30:20.240Z
a90e77fa851eece9,ChIJedhrVPOa-F8R4bRGdkr_0VU,2026-08-27T04:36:10Z,2026-08-27,3,,False,False,2026-09-28T05:30:20.240Z
5a6f069943be62f1,ChIJedhrVPOa-F8R4bRGdkr_0VU,2026-08-27T04:43:26Z,2026-08-27,5,,False,False,2026-09-28T05:30:20.240Z
c81b01fbfa13d650,ChIJedhrVPOa-F8R4bRGdkr_0VU,2026-08-27T05:07:41Z,2026-08-27,5,ja,True,False,2026-09-28T05:30:20.240Z
941eb94c125d1098,ChIJedhrVPOa-F8R4bRGdkr_0VU,2026-08-27T10:13:37Z,2026-08-27,5,ja,True,False,2026-09-28T05:30:20.240Z
98c39910cc78a0cb,ChIJedhrVPOa-F8R4bRGdkr_0VU,2026-08-27T14:30:12Z,2026-08-27,5,,False,False,2026-09-28T05:30:20.240Z
0ff093d614ed5d02,ChIJedhrVPOa-F8R4bRGdkr_0VU,2026-08-27T21:24:07Z,2026-08-28,5,,False,False,2026-09-28T05:30:20.240Z
8627a668d03c90e6,ChIJedhrVPOa-F8R4bRGdkr_0VU,2026-08-27T23:48:25Z,2026-08-28,5,ja,True,False,2026-09-28T05:30:20.240Z
364e0278f6bc3d8f,ChIJedhrVPOa-F8R4bRGdkr_0VU,2026-08-27T23:58:54Z,2026-08-28,3,ja,True,False,2026-09-28T05:30:20.240Z
6c6a1f546b59f9e2,ChIJedhrVPOa-F8R4bRGdkr_0VU,2026-08-28T04:27:53Z,2026-08-28,4,ja,True,False,2026-09-28T05:30:20.240Z
49126bb83fc29f95,ChIJedhrVPOa-F8R4bRGdkr_0VU,2026-08-28T05:51:25Z,2026-08-28,5,en,True,False,2026-09-28T05:30:20.240Z
d890e0fab7db1dab,ChIJedhrVPOa-F8R4bRGdkr_0VU,2026-08-28T06:21:38Z,2026-08-28,5,ja,True,False,2026-09-28T05:30:20.240Z
6981ce8aa48ea870,ChIJedhrVPOa-F8R4bRGdkr_0VU,2026-08-28T10:22:36Z,2026-08-28,5,,False,False,2026-09-28T05:30:20.240Z
b420fbccf5f85d4b,ChIJedhrVPOa-F8R4bRGdkr_0VU,2026-08-28T11:08:28Z,2026-08-28,5,ja,True,False,2026-09-28T05:30:20.240Z
211ddad798b2a9e4,ChIJedhrVPOa-F8R4bRGdkr_0VU,2026-08-28T11:21:21Z,2026-08-28,5,ja,True,False,2026-09-28T05:30:20.240Z
e1097be20db59c80,ChIJedhrVPOa-F8R4bRGdkr_0VU,2026-08-28T12:23:35Z,2026-08-28,4,,False,False,2026-09-28T05:30:20.240Z
b162fd2039b05d96,ChIJedhrVPOa-F8R4bRGdkr_0VU,2026-08-28T13:16:11Z,2026-08-28,5,zh-Hant,True,False,2026-09-28T05:30:20.240Z
7deef4cad00e69f0,ChIJedhrVPOa-F8R4bRGdkr_0VU,2026-08-28T14:19:00Z,2026-08-28,5,,False,False,2026-09-28T05:30:20.240Z
ac428521d47536d7,ChIJedhrVPOa-F8R4bRGdkr_0VU,2026-08-28T18:38:54Z,2026-08-29,4,ja,True,False,2026-09-28T05:30:20.240Z
8bb0b13a68b49694,ChIJedhrVPOa-F8R4bRGdkr_0VU,2026-08-28T18:40:37Z,2026-08-29,5,ja,True,False,2026-09-28T05:30:20.240Z
ff396717f4c117c7,ChIJedhrVPOa-F8R4bRGdkr_0VU,2026-08-28T19:56:25Z,2026-08-29,5,,False,False,2026-09-28T05:30:20.240Z
1f1fd014fb18910e,ChIJedhrVPOa-F8R4bRGdkr_0VU,2026-08-28T20:36:02Z,2026-08-29,5,,False,False,2026-09-28T05:30:20.240Z
c2173f4cfd81439f,ChIJedhrVPOa-F8R4bRGdkr_0VU,2026-08-28T21:48:12Z,2026-08-29,5,,False,False,2026-09-28T05:30:20.240Z
18fbaf1412244586,ChIJedhrVPOa-F8R4bRGdkr_0VU,2026-08-28T22:42:43Z,2026-08-29,5,ja,True,False,2026-09-28T05:30:20.240Z
2c2160f3a579246a,ChIJedhrVPOa-F8R4bRGdkr_0VU,2026-08-29T02:07:25Z,2026-08-29,5,ja,True,False,2026-09-28T05:30:20.240Z
43cfa0edfdb30f3b,ChIJedhrVPOa-F8R4bRGdkr_0VU,2026-08-29T02:22:25Z,2026-08-29,5,ja,True,False,2026-09-28T05:30:20.240Z
c17b4ffecdfc5b32,ChIJedhrVPOa-F8R4bRGdkr_0VU,2026-08-29T02:51:20Z,2026-08-29,4,ja,True,False,2026-09-28T05:30:20.240Z
c9e9ddf3bc9aebb9,ChIJedhrVPOa-F8R4bRGdkr_0VU,2026-08-29T04:28:56Z,2026-08-29,4,,False,False,2026-09-28T05:30:20.240Z
f29dd73f542713d5,ChIJedhrVPOa-F8R4bRGdkr_0VU,2026-08-29T05:25:47Z,2026-08-29,3,ja,True,False,2026-09-28T05:30:20.240Z
b2832d8c1c74e020,ChIJedhrVPOa-F8R4bRGdkr_0VU,2026-08-29T06:37:51Z,2026-08-29,4,,False,False,2026-09-28T05:30:20.240Z
f206d20b7fdfeecd,ChIJedhrVPOa-F8R4bRGdkr_0VU,2026-08-29T08:12:56Z,2026-08-29,5,ja,True,False,2026-09-28T05:30:20.240Z
f9a09044b8f8a1fe,ChIJedhrVPOa-F8R4bRGdkr_0VU,2026-08-29T08:27:30Z,2026-08-29,4,ja,True,False,2026-09-28T05:30:20.240Z
d84c659893ccdc6c,ChIJedhrVPOa-F8R4bRGdkr_0VU,2026-08-29T08:29:30Z,2026-08-29,5,,False,False,2026-09-28T05:30:20.240Z
0725977b2ebc435d,ChIJedhrVPOa-F8R4bRGdkr_0VU,2026-08-29T12:38:57Z,2026-08-29,3,ja,True,False,2026-09-28T05:30:20.240Z
46e189ce9244eed0,ChIJedhrVPOa-F8R4bRGdkr_0VU,2026-08-29T13:55:49Z,2026-08-29,5,ja,True,False,2026-09-28T05:30:20.240Z
51ccce1a53d6d933,ChIJedhrVPOa-F8R4bRGdkr_0VU,2026-08-29T23:51:28Z,2026-08-30,5,,False,False,2026-09-28T05:30:20.240Z
0b62cd4411ed94e4,ChIJedhrVPOa-F8R4bRGdkr_0VU,2026-08-30T01:14:41Z,2026-08-30,5,ko,True,False,2026-09-28T05:30:20.240Z
d9a05635161858a1,ChIJedhrVPOa-F8R4bRGdkr_0VU,2026-08-30T03:27:04Z,2026-08-30,5,,False,False,2026-09-28T05:30:20.240Z
b63387e83c48ba29,ChIJedhrVPOa-F8R4bRGdkr_0VU,2026-08-30T06:48:48Z,2026-08-30,5,ja,True,False,2026-09-28T05:30:20.240Z
0623af700ac4badd,ChIJedhrVPOa-F8R4bRGdkr_0VU,2026-08-30T07:59:20Z,2026-08-30,5,ja,True,False,2026-09-28T05:30:20.240Z
5a1324a24d651ebc,ChIJedhrVPOa-F8R4bRGdkr_0VU,2026-08-30T09:09:01Z,2026-08-30,5,ja,True,False,2026-09-28T05:30:20.240Z
a10694fea77efe35,ChIJedhrVPOa-F8R4bRGdkr_0VU,2026-08-30T12:25:24Z,2026-08-30,5,ja,True,False,2026-09-28T05:30:20.240Z
fe0ab7630d69f89c,ChIJedhrVPOa-F8R4bRGdkr_0VU,2026-08-30T13:38:10Z,2026-08-30,5,ja,True,False,2026-09-28T05:30:20.240Z
79b24ea6040353f9,ChIJedhrVPOa-F8R4bRGdkr_0VU,2026-08-31T02:00:56Z,2026-08-31,5,ja,True,False,2026-09-28T05:30:20.240Z
e96c5ec6558338af,ChIJedhrVPOa-F8R4bRGdkr_0VU,2026-08-31T05:06:13Z,2026-08-31,5,,False,False,2026-09-28T05:30:20.240Z
99940bcda730b46f,ChIJedhrVPOa-F8R4bRGdkr_0VU,2026-08-31T05:13:41Z,2026-08-31,4,,False,False,2026-09-28T05:30:20.240Z
6e789fdff631a4db,ChIJedhrVPOa-F8R4bRGdkr_0VU,2026-08-31T06:16:04Z,2026-08-31,4,zh-Hant,True,False,2026-09-28T05:30:20.240Z
ff37f4a0685024f3,ChIJedhrVPOa-F8R4bRGdkr_0VU,2026-08-31T20:19:31Z,2026-09-01,4,,False,False,2026-09-28T05:30:20.240Z
499949a78163e86c,ChIJedhrVPOa-F8R4bRGdkr_0VU,2026-08-31T20:56:06Z,2026-09-01,5,,False,False,2026-09-28T05:30:20.240Z
f5a7741520908396,ChIJedhrVPOa-F8R4bRGdkr_0VU,2026-09-01T22:20:18Z,2026-09-02,5,,False,False,2026-09-28T05:30:20.240Z
39c98acf085d1f9d,ChIJedhrVPOa-F8R4bRGdkr_0VU,2026-09-02T00:08:46Z,2026-09-02,5,,False,False,2026-09-28T05:30:20.240Z
7e661c64ad75293c,ChIJedhrVPOa-F8R4bRGdkr_0VU,2026-09-02T04:30:05Z,2026-09-02,5,ja,True,False,2026-09-28T05:30:20.240Z
6b0871f594c22c73,ChIJedhrVPOa-F8R4bRGdkr_0VU,2026-09-02T06:47:28Z,2026-09-02,4,,False,False,2026-09-28T05:30:20.240Z
d64a75a60fadd5ba,ChIJedhrVPOa-F8R4bRGdkr_0VU,2026-09-02T07:52:56Z,2026-09-02,5,,False,False,2026-09-28T05:30:20.240Z
27a704d59f9cffe2,ChIJedhrVPOa-F8R4bRGdkr_0VU,2026-09-02T09:23:22Z,2026-09-02,3,,False,False,2026-09-28T05:30:20.240Z
83098d0daacda7b4,ChIJedhrVPOa-F8R4bRGdkr_0VU,2026-09-02T11:56:28Z,2026-09-02,5,ja,True,False,2026-09-28T05:30:20.240Z
3c7e7b3d307f3acb,ChIJedhrVPOa-F8R4bRGdkr_0VU,2026-09-02T12:08:14Z,2026-09-02,5,ja,True,False,2026-09-28T05:30:20.240Z
95f55d3846799ac4,ChIJedhrVPOa-F8R4bRGdkr_0VU,2026-09-02T12:11:04Z,2026-09-02,5,ja,True,False,2026-09-28T05:30:20.240Z
662d2003d0a01a15,ChIJedhrVPOa-F8R4bRGdkr_0VU,2026-09-02T12:19:05Z,2026-09-02,5,,False,False,2026-09-28T05:30:20.240Z
27445303eac76712,ChIJedhrVPOa-F8R4bRGdkr_0VU,2026-09-02T18:23:56Z,2026-09-03,5,en,True,False,2026-09-28T05:30:20.240Z
580549f824043204,ChIJedhrVPOa-F8R4bRGdkr_0VU,2026-09-02T21:02:15Z,2026-09-03,3,ja,True,False,2026-09-28T05:30:20.240Z
56aeda6f1e50f83c,ChIJedhrVPOa-F8R4bRGdkr_0VU,2026-09-02T23:23:20Z,2026-09-03,5,,False,False,2026-09-28T05:30:20.240Z
08e78e3ba46bde1a,ChIJedhrVPOa-F8R4bRGdkr_0VU,2026-09-03T03:30:46Z,2026-09-03,5,ja,True,False,2026-09-28T05:30:20.240Z
3ae28cdc99a2f253,ChIJedhrVPOa-F8R4bRGdkr_0VU,2026-09-03T04:06:02Z,2026-09-03,4,,False,False,2026-09-28T05:30:20.240Z
681c406f6b82cd1c,ChIJedhrVPOa-F8R4bRGdkr_0VU,2026-09-03T08:01:15Z,2026-09-03,4,ja,True,False,2026-09-28T05:30:20.240Z
731a72f8713f682e,ChIJedhrVPOa-F8R4bRGdkr_0VU,2026-09-03T11:15:47Z,2026-09-03,5,ja,True,False,2026-09-28T05:30:20.240Z
5feed545f787addd,ChIJedhrVPOa-F8R4bRGdkr_0VU,2026-09-03T12:29:40Z,2026-09-03,5,zh-Hant,True,False,2026-09-28T05:30:20.240Z
efc3a6c852a6216a,ChIJedhrVPOa-F8R4bRGdkr_0VU,2026-09-03T13:24:44Z,2026-09-03,5,ja,True,False,2026-09-28T05:30:20.240Z
cdbb147220d87fad,ChIJedhrVPOa-F8R4bRGdkr_0VU,2026-09-03T14:20:24Z,2026-09-03,5,en,True,False,2026-09-28T05:30:20.240Z
0a4850bed7e9721f,ChIJedhrVPOa-F8R4bRGdkr_0VU,2026-09-04T03:43:55Z,2026-09-04,2,ja,True,False,2026-09-28T05:30:20.240Z
b015793877592179,ChIJedhrVPOa-F8R4bRGdkr_0VU,2026-09-04T04:33:22Z,2026-09-04,5,,False,False,2026-09-28T05:30:20.240Z
9dd8145c8ccf83fd,ChIJedhrVPOa-F8R4bRGdkr_0VU,2026-09-04T04:57:23Z,2026-09-04,5,,False,False,2026-09-28T05:30:20.240Z
426443ed4dc66de2,ChIJedhrVPOa-F8R4bRGdkr_0VU,2026-09-04T13:17:56Z,2026-09-04,4,ja,True,False,2026-09-28T05:30:20.240Z
b096102b3a0673f4,ChIJedhrVPOa-F8R4bRGdkr_0VU,2026-09-04T15:13:32Z,2026-09-05,5,,False,False,2026-09-28T05:30:20.240Z
4c177c2f1aa74d7d,ChIJedhrVPOa-F8R4bRGdkr_0VU,2026-09-05T08:15:21Z,2026-09-05,5,,False,False,2026-09-28T05:30:20.240Z
dc9e6b8d8fe316f7,ChIJedhrVPOa-F8R4bRGdkr_0VU,2026-09-05T09:47:33Z,2026-09-05,4,ja,True,False,2026-09-28T05:30:20.240Z
58355631f722f2fa,ChIJedhrVPOa-F8R4bRGdkr_0VU,2026-09-05T09:58:20Z,2026-09-05,5,,False,False,2026-09-28T05:30:20.240Z
eddc5aadd640a3cd,ChIJedhrVPOa-F8R4bRGdkr_0VU,2026-09-05T10:58:33Z,2026-09-05,5,ja,True,False,2026-09-28T05:30:20.240Z
822480202c0d5fb3,ChIJedhrVPOa-F8R4bRGdkr_0VU,2026-09-05T11:28:38Z,2026-09-05,5,,False,False,2026-09-28T05:30:20.240Z
d53763f523879db4,ChIJedhrVPOa-F8R4bRGdkr_0VU,2026-09-05T23:00:05Z,2026-09-06,4,ja,True,False,2026-09-28T05:30:20.240Z
49de1ba7e0403f3b,ChIJedhrVPOa-F8R4bRGdkr_0VU,2026-09-06T00:41:07Z,2026-09-06,5,zh-Hant,True,False,2026-09-28T05:30:20.240Z
1cb18e3ed3aac2a7,ChIJedhrVPOa-F8R4bRGdkr_0VU,2026-09-06T00:45:29Z,2026-09-06,4,,False,False,2026-09-28T05:30:20.240Z
8094130ba4fe4d4e,ChIJedhrVPOa-F8R4bRGdkr_0VU,2026-09-06T03:08:31Z,2026-09-06,5,,False,False,2026-09-28T05:30:20.240Z
5be60adf2e94ab25,ChIJedhrVPOa-F8R4bRGdkr_0VU,2026-09-06T03:54:59Z,2026-09-06,5,ja,True,False,2026-09-28T05:30:20.240Z
d326a1d65589de4d,ChIJedhrVPOa-F8R4bRGdkr_0VU,2026-09-06T05:30:01Z,2026-09-06,4,,False,False,2026-09-28T05:30:20.240Z
e5f2d1a62cb7cab9,ChIJedhrVPOa-F8R4bRGdkr_0VU,2026-09-06T06:22:20Z,2026-09-06,4,,False,False,2026-09-28T05:30:20.240Z
5d8cb27807e235e6,ChIJedhrVPOa-F8R4bRGdkr_0VU,2026-09-06T06:56:03Z,2026-09-06,5,ja,True,False,2026-09-28T05:30:20.240Z
dc69ab19636ffaf3,ChIJedhrVPOa-F8R4bRGdkr_0VU,2026-09-06T08:55:20Z,2026-09-06,5,,False,False,2026-09-28T05:30:20.240Z
4be5b40c109dd521,ChIJedhrVPOa-F8R4bRGdkr_0VU,2026-09-06T10:20:43Z,2026-09-06,5,,False,False,2026-09-28T05:30:20.240Z
759c2941bc991607,ChIJedhrVPOa-F8R4bRGdkr_0VU,2026-09-06T12:03:19Z,2026-09-06,4,ja,True,False,2026-09-28T05:30:20.240Z
d21c5199c6bb83d3,ChIJedhrVPOa-F8R4bRGdkr_0VU,2026-09-06T12:14:34Z,2026-09-06,5,,False,False,2026-09-28T05:30:20.240Z
a7a6350b381318c3,ChIJedhrVPOa-F8R4bRGdkr_0VU,2026-09-06T22:41:59Z,2026-09-07,5,ja,True,False,2026-09-28T05:30:20.240Z
ba69a430c4318ecf,ChIJedhrVPOa-F8R4bRGdkr_0VU,2026-09-06T23:04:52Z,2026-09-07,5,,False,False,2026-09-28T05:30:20.240Z
a0f2ce62ce395e37,ChIJedhrVPOa-F8R4bRGdkr_0VU,2026-09-07T00:00:41Z,2026-09-07,5,,False,False,2026-09-28T05:30:20.240Z
ede60b6f9d747756,ChIJedhrVPOa-F8R4bRGdkr_0VU,2026-09-07T05:10:11Z,2026-09-07,2,,False,False,2026-09-28T05:30:20.240Z
dbbc7eeb706eebf5,ChIJedhrVPOa-F8R4bRGdkr_0VU,2026-09-07T05:28:20Z,2026-09-07,5,ja,True,False,2026-09-28T05:30:20.240Z
f3b9a082045456be,ChIJedhrVPOa-F8R4bRGdkr_0VU,2026-09-07T06:37:31Z,2026-09-07,5,,False,False,2026-09-28T05:30:20.240Z
f44ea6d05b515030,ChIJedhrVPOa-F8R4bRGdkr_0VU,2026-09-07T08:17:41Z,2026-09-07,5,,False,False,2026-09-28T05:30:20.240Z
cedce783fb98baf1,ChIJedhrVPOa-F8R4bRGdkr_0VU,2026-09-07T10:24:46Z,2026-09-07,5,ja,True,False,2026-09-28T05:30:20.240Z
e00a739e1ffab5a4,ChIJedhrVPOa-F8R4bRGdkr_0VU,2026-09-07T11:50:38Z,2026-09-07,5,ja,True,False,2026-09-28T05:30:20.240Z
bf7da17a301eeb90,ChIJedhrVPOa-F8R4bRGdkr_0VU,2026-09-07T12:11:34Z,2026-09-07,5,,False,False,2026-09-28T05:30:20.240Z
0097c18da75c4aa2,ChIJedhrVPOa-F8R4bRGdkr_0VU,2026-09-08T02:13:02Z,2026-09-08,5,ja,True,False,2026-09-28T05:30:20.240Z
b0867dece0a949b3,ChIJedhrVPOa-F8R4bRGdkr_0VU,2026-09-08T03:19:22Z,2026-09-08,5,,False,False,2026-09-28T05:30:20.240Z
1d723880922b77f8,ChIJedhrVPOa-F8R4bRGdkr_0VU,2026-09-08T05:00:25Z,2026-09-08,5,ja,True,False,2026-09-28T05:30:20.240Z
78e37f3313c8aba9,ChIJedhrVPOa-F8R4bRGdkr_0VU,2026-09-08T06:14:21Z,2026-09-08,5,,False,False,2026-09-28T05:30:20.240Z
7d85bf94b9a2db0f,ChIJedhrVPOa-F8R4bRGdkr_0VU,2026-09-08T07:50:09Z,2026-09-08,5,,False,False,2026-09-28T05:30:20.240Z
b7bea6da01bf30c7,ChIJedhrVPOa-F8R4bRGdkr_0VU,2026-09-08T10:09:59Z,2026-09-08,4,,False,False,2026-09-28T05:30:20.240Z
dbb2d9a40f2bd3c9,ChIJedhrVPOa-F8R4bRGdkr_0VU,2026-09-08T11:39:02Z,2026-09-08,4,,False,False,2026-09-28T05:30:20.240Z
c394f83982cb9637,ChIJedhrVPOa-F8R4bRGdkr_0VU,2026-09-08T13:37:57Z,2026-09-08,5,,False,False,2026-09-28T05:30:20.240Z
b51572c174962f92,ChIJedhrVPOa-F8R4bRGdkr_0VU,2026-09-08T23:34:57Z,2026-09-09,5,,False,False,2026-09-28T05:30:20.240Z
a346fb54d78b1644,ChIJedhrVPOa-F8R4bRGdkr_0VU,2026-09-09T00:56:00Z,2026-09-09,5,,False,False,2026-09-28T05:30:20.240Z
328e43b9ad0a89f6,ChIJedhrVPOa-F8R4bRGdkr_0VU,2026-09-09T08:07:16Z,2026-09-09,5,,False,False,2026-09-28T05:30:20.240Z
0025b4c80ab9131c,ChIJedhrVPOa-F8R4bRGdkr_0VU,2026-09-09T08:10:17Z,2026-09-09,5,zh-Hant,True,False,2026-09-28T05:30:20.240Z
2c6e501b3f1b3a36,ChIJedhrVPOa-F8R4bRGdkr_0VU,2026-09-09T08:55:49Z,2026-09-09,5,,False,False,2026-09-28T05:30:20.240Z
90ce2313c48e11e6,ChIJedhrVPOa-F8R4bRGdkr_0VU,2026-09-09T11:36:45Z,2026-09-09,5,,False,False,2026-09-28T05:30:20.240Z
fbe04c06c9ef3f78,ChIJedhrVPOa-F8R4bRGdkr_0VU,2026-09-10T02:32:16Z,2026-09-10,4,,False,False,2026-09-28T05:30:20.240Z
56cb43af485f881e,ChIJedhrVPOa-F8R4bRGdkr_0VU,2026-09-10T06:38:07Z,2026-09-10,5,ja,True,False,2026-09-28T05:30:20.240Z
54bbcf06314509ad,ChIJedhrVPOa-F8R4bRGdkr_0VU,2026-09-10T23:11:47Z,2026-09-11,5,en,True,False,2026-09-28T05:30:20.240Z
a90d8d00f7e0fa5d,ChIJedhrVPOa-F8R4bRGdkr_0VU,2026-09-11T03:07:34Z,2026-09-11,5,ja,True,False,2026-09-28T05:30:20.240Z
abc46d63c227aba0,ChIJedhrVPOa-F8R4bRGdkr_0VU,2026-09-11T09:49:58Z,2026-09-11,5,,False,False,2026-09-28T05:30:20.240Z
c4e96b909c9d433b,ChIJedhrVPOa-F8R4bRGdkr_0VU,2026-09-11T12:38:29Z,2026-09-11,5,ja,True,False,2026-09-28T05:30:20.240Z
39415f3f923d8872,ChIJedhrVPOa-F8R4bRGdkr_0VU,2026-09-12T00:32:38Z,2026-09-12,5,ja,True,False,2026-09-28T05:30:20.240Z
0bfd93589af12343,ChIJedhrVPOa-F8R4bRGdkr_0VU,2026-09-12T02:37:41Z,2026-09-12,5,,False,False,2026-09-28T05:30:20.240Z
7c75cc02a8ddf1ba,ChIJedhrVPOa-F8R4bRGdkr_0VU,2026-09-12T06:38:13Z,2026-09-12,5,ja,True,False,2026-09-28T05:30:20.240Z
036ea6fed11bfae1,ChIJedhrVPOa-F8R4bRGdkr_0VU,2026-09-13T02:10:11Z,2026-09-13,4,,False,False,2026-09-28T05:30:20.240Z
07cb68e43b948e99,ChIJedhrVPOa-F8R4bRGdkr_0VU,2026-09-13T03:09:57Z,2026-09-13,3,,False,False,2026-09-28T05:30:20.240Z
3b16e3ab6a1feead,ChIJedhrVPOa-F8R4bRGdkr_0VU,2026-09-13T04:12:23Z,2026-09-13,5,,False,False,2026-09-28T05:30:20.240Z
e7a3c5c7ee16713d,ChIJedhrVPOa-F8R4bRGdkr_0VU,2026-09-13T04:28:54Z,2026-09-13,4,,False,False,2026-09-28T05:30:20.240Z
b0686741b93c2adf,ChIJedhrVPOa-F8R4bRGdkr_0VU,2026-09-13T04:34:23Z,2026-09-13,5,,False,False,2026-09-28T05:30:20.240Z
b12eb51136b8e674,ChIJedhrVPOa-F8R4bRGdkr_0VU,2026-09-13T08:30:41Z,2026-09-13,5,ja,True,False,2026-09-28T05:30:20.240Z
52234884e299b929,ChIJedhrVPOa-F8R4bRGdkr_0VU,2026-09-13T10:41:34Z,2026-09-13,5,ja,True,False,2026-09-28T05:30:20.240Z
8e5c40cdabc1d5f9,ChIJedhrVPOa-F8R4bRGdkr_0VU,2026-09-13T20:01:27Z,2026-09-14,5,,False,False,2026-09-28T05:30:20.240Z
b12d48f3ff4e2fbd,ChIJedhrVPOa-F8R4bRGdkr_0VU,2026-09-14T01:05:00Z,2026-09-14,5,en,True,False,2026-09-28T05:30:20.240Z
2d52015cdce4438a,ChIJedhrVPOa-F8R4bRGdkr_0VU,2026-09-14T11:19:59Z,2026-09-14,3,,False,False,2026-09-28T05:30:20.240Z
23ce6a29b5478f42,ChIJedhrVPOa-F8R4bRGdkr_0VU,2026-09-14T14:19:28Z,2026-09-14,5,ja,True,False,2026-09-28T05:30:20.240Z
4b7ca3bf0386b5ee,ChIJedhrVPOa-F8R4bRGdkr_0VU,2026-09-14T14:41:22Z,2026-09-14,4,ja,True,False,2026-09-28T05:30:20.240Z
908b6ff9aac5930e,ChIJedhrVPOa-F8R4bRGdkr_0VU,2026-09-14T22:07:28Z,2026-09-15,5,ja,True,False,2026-09-28T05:30:20.240Z
31f2d20c5dd92b60,ChIJedhrVPOa-F8R4bRGdkr_0VU,2026-09-14T23:03:31Z,2026-09-15,4,,False,False,2026-09-28T05:30:20.240Z
81100630839fa884,ChIJedhrVPOa-F8R4bRGdkr_0VU,2026-09-15T01:16:52Z,2026-09-15,5,,False,False,2026-09-28T05:30:20.240Z
379b4d617747ea08,ChIJedhrVPOa-F8R4bRGdkr_0VU,2026-09-15T11:20:42Z,2026-09-15,5,,False,False,2026-09-28T05:30:20.240Z
a9ed8177ff8fdd95,ChIJedhrVPOa-F8R4bRGdkr_0VU,2026-09-15T14:12:51Z,2026-09-15,5,,False,False,2026-09-28T05:30:20.240Z
592b3d0178123398,ChIJedhrVPOa-F8R4bRGdkr_0VU,2026-09-15T15:53:28Z,2026-09-16,5,es,True,False,2026-09-28T05:30:20.240Z
6e27224ffcc55004,ChIJedhrVPOa-F8R4bRGdkr_0VU,2026-09-15T23:49:50Z,2026-09-16,5,ja,True,False,2026-09-28T05:30:20.240Z
3b3c88ced801643d,ChIJedhrVPOa-F8R4bRGdkr_0VU,2026-09-16T01:29:10Z,2026-09-16,5,ja,True,False,2026-09-28T05:30:20.240Z
d1c5f0db3d6191b3,ChIJedhrVPOa-F8R4bRGdkr_0VU,2026-09-16T09:28:28Z,2026-09-16,5,ja,True,False,2026-09-28T05:30:20.240Z
32597d1ad9189fe7,ChIJedhrVPOa-F8R4bRGdkr_0VU,2026-09-16T09:55:45Z,2026-09-16,5,,False,False,2026-09-28T05:30:20.240Z
a371a9e1319ea639,ChIJedhrVPOa-F8R4bRGdkr_0VU,2026-09-16T10:02:20Z,2026-09-16,5,,False,False,2026-09-28T05:30:20.240Z
4c73300e76d1a212,ChIJedhrVPOa-F8R4bRGdkr_0VU,2026-09-16T11:27:12Z,2026-09-16,5,,False,False,2026-09-28T05:30:20.240Z
4a4e5e9889258d10,ChIJedhrVPOa-F8R4bRGdkr_0VU,2026-09-16T12:40:09Z,2026-09-16,5,,False,False,2026-09-28T05:30:20.240Z
6a4f250019253f2d,ChIJedhrVPOa-F8R4bRGdkr_0VU,2026-09-16T14:48:58Z,2026-09-16,5,,False,False,2026-09-28T05:30:20.240Z
83ee3a9505eaca36,ChIJedhrVPOa-F8R4bRGdkr_0VU,2026-09-17T02:08:52Z,2026-09-17,5,ja,True,False,2026-09-28T05:30:20.240Z
20a57296bf4935f5,ChIJedhrVPOa-F8R4bRGdkr_0VU,2026-09-17T08:15:19Z,2026-09-17,5,,False,False,2026-09-28T05:30:20.240Z
5cb5a31baad85f75,ChIJedhrVPOa-F8R4bRGdkr_0VU,2026-09-17T10:39:13Z,2026-09-17,5,,False,False,2026-09-28T05:30:20.240Z
c55c5fea30ba25df,ChIJedhrVPOa-F8R4bRGdkr_0VU,2026-09-17T10:44:36Z,2026-09-17,5,,False,False,2026-09-28T05:30:20.240Z
a1370cb45ba77af2,ChIJedhrVPOa-F8R4bRGdkr_0VU,2026-09-17T11:46:34Z,2026-09-17,4,ja,True,False,2026-09-28T05:30:20.240Z
13695e6a9d0c339c,ChIJedhrVPOa-F8R4bRGdkr_0VU,2026-09-17T12:26:40Z,2026-09-17,5,ja,True,False,2026-09-28T05:30:20.240Z
b346b306d095ae41,ChIJedhrVPOa-F8R4bRGdkr_0VU,2026-09-17T12:51:29Z,2026-09-17,5,ja,True,False,2026-09-28T05:30:20.240Z
40c02c6f313bf313,ChIJedhrVPOa-F8R4bRGdkr_0VU,2026-09-18T00:28:06Z,2026-09-18,5,,False,False,2026-09-28T05:30:20.240Z
351a530787f0b59f,ChIJedhrVPOa-F8R4bRGdkr_0VU,2026-09-18T01:31:35Z,2026-09-18,5,,False,False,2026-09-28T05:30:20.240Z
5861216e7b5b2672,ChIJedhrVPOa-F8R4bRGdkr_0VU,2026-09-18T03:59:58Z,2026-09-18,3,,False,False,2026-09-28T05:30:20.240Z
e9fffbea0cea339d,ChIJedhrVPOa-F8R4bRGdkr_0VU,2026-09-18T07:11:37Z,2026-09-18,4,,False,False,2026-09-28T05:30:20.240Z
03d413cd04e8947b,ChIJedhrVPOa-F8R4bRGdkr_0VU,2026-09-18T08:09:31Z,2026-09-18,5,ja,True,False,2026-09-28T05:30:20.240Z
24d967f275325f5f,ChIJedhrVPOa-F8R4bRGdkr_0VU,2026-09-18T10:01:25Z,2026-09-18,5,zh-Hans,True,False,2026-09-28T05:30:20.240Z
82a24ea8f302ba4b,ChIJedhrVPOa-F8R4bRGdkr_0VU,2026-09-18T10:59:03Z,2026-09-18,4,ja,True,False,2026-09-28T05:30:20.240Z
d699e2a210f07d1e,ChIJedhrVPOa-F8R4bRGdkr_0VU,2026-09-19T02:40:47Z,2026-09-19,5,,False,False,2026-09-28T05:30:20.240Z
e44b175fb1d1e776,ChIJedhrVPOa-F8R4bRGdkr_0VU,2026-09-19T03:19:15Z,2026-09-19,5,ru,True,False,2026-09-28T05:30:20.240Z
d3cfaad8c2f6e87e,ChIJedhrVPOa-F8R4bRGdkr_0VU,2026-09-19T03:55:19Z,2026-09-19,5,,False,False,2026-09-28T05:30:20.240Z
5a466ff8f7503400,ChIJedhrVPOa-F8R4bRGdkr_0VU,2026-09-19T05:23:15Z,2026-09-19,5,,False,False,2026-09-28T05:30:20.240Z
23f005d1e5414e07,ChIJedhrVPOa-F8R4bRGdkr_0VU,2026-09-19T07:20:01Z,2026-09-19,5,,False,False,2026-09-28T05:30:20.240Z
0e7c07d3d7ede014,ChIJedhrVPOa-F8R4bRGdkr_0VU,2026-09-19T10:16:33Z,2026-09-19,3,,False,False,2026-09-28T05:30:20.240Z
228234d8b27fa5de,ChIJedhrVPOa-F8R4bRGdkr_0VU,2026-09-19T13:28:52Z,2026-09-19,4,,False,False,2026-09-28T05:30:20.240Z
96eab5c9883fed04,ChIJedhrVPOa-F8R4bRGdkr_0VU,2026-09-19T14:36:00Z,2026-09-19,5,ja,True,False,2026-09-28T05:30:20.240Z
3be1294baf77e016,ChIJedhrVPOa-F8R4bRGdkr_0VU,2026-09-19T14:56:30Z,2026-09-19,4,ja,True,False,2026-09-28T05:30:20.240Z
ea584861fd762c8e,ChIJedhrVPOa-F8R4bRGdkr_0VU,2026-09-19T15:32:50Z,2026-09-20,5,en,True,False,2026-09-28T05:30:20.240Z
54c118abc570df94,ChIJedhrVPOa-F8R4bRGdkr_0VU,2026-09-20T01:56:17Z,2026-09-20,3,,False,False,2026-09-28T05:30:20.240Z
93e164a96ce00bb1,ChIJedhrVPOa-F8R4bRGdkr_0VU,2026-09-20T02:16:52Z,2026-09-20,5,,False,False,2026-09-28T05:30:20.240Z
bb63e914a767c517,ChIJedhrVPOa-F8R4bRGdkr_0VU,2026-09-20T06:12:12Z,2026-09-20,3,ja,True,False,2026-09-28T05:30:20.240Z
53eb6dca9cbd3ece,ChIJedhrVPOa-F8R4bRGdkr_0VU,2026-09-20T07:52:02Z,2026-09-20,5,,False,False,2026-09-28T05:30:20.240Z
082eaea38f0f3d74,ChIJedhrVPOa-F8R4bRGdkr_0VU,2026-09-20T10:38:45Z,2026-09-20,5,,False,False,2026-09-28T05:30:20.240Z
5a0bd86af4704d1b,ChIJedhrVPOa-F8R4bRGdkr_0VU,2026-09-20T11:16:16Z,2026-09-20,5,pt,True,False,2026-09-28T05:30:20.240Z
e62ffc4885d22428,ChIJedhrVPOa-F8R4bRGdkr_0VU,2026-09-20T13:15:17Z,2026-09-20,4,ja,True,False,2026-09-28T05:30:20.240Z
02e2fb3c714eaedf,ChIJedhrVPOa-F8R4bRGdkr_0VU,2026-09-21T00:00:49Z,2026-09-21,5,,False,False,2026-09-28T05:30:20.240Z
fc481034902f0d65,ChIJedhrVPOa-F8R4bRGdkr_0VU,2026-09-21T01:32:47Z,2026-09-21,5,,False,False,2026-09-28T05:30:20.240Z
47bc12e8b1eab267,ChIJedhrVPOa-F8R4bRGdkr_0VU,2026-09-21T01:40:50Z,2026-09-21,5,,False,False,2026-09-28T05:30:20.240Z
9876011e70b0e413,ChIJedhrVPOa-F8R4bRGdkr_0VU,2026-09-21T03:03:47Z,2026-09-21,5,ja,True,False,2026-09-28T05:30:20.240Z
465b9cb894518440,ChIJedhrVPOa-F8R4bRGdkr_0VU,2026-09-21T05:00:22Z,2026-09-21,4,,False,False,2026-09-28T05:30:20.240Z
e91b709ef00de370,ChIJedhrVPOa-F8R4bRGdkr_0VU,2026-09-21T06:52:13Z,2026-09-21,1,ja,True,False,2026-09-28T05:30:20.240Z
aa13a7106ca247c3,ChIJedhrVPOa-F8R4bRGdkr_0VU,2026-09-21T09:02:50Z,2026-09-21,5,,False,False,2026-09-28T05:30:20.240Z
d26f3c8da9a0747b,ChIJedhrVPOa-F8R4bRGdkr_0VU,2026-09-21T09:05:37Z,2026-09-21,5,,False,False,2026-09-28T05:30:20.240Z
5ccbe086d03a212c,ChIJedhrVPOa-F8R4bRGdkr_0VU,2026-09-21T09:44:55Z,2026-09-21,5,,False,False,2026-09-28T05:30:20.240Z
3a1e70ef91e9bb51,ChIJedhrVPOa-F8R4bRGdkr_0VU,2026-09-21T11:02:16Z,2026-09-21,4,,False,False,2026-09-28T05:30:20.240Z
6ba0c74950b19bc6,ChIJedhrVPOa-F8R4bRGdkr_0VU,2026-09-21T11:26:14Z,2026-09-21,4,,False,False,2026-09-28T05:30:20.240Z
2fc541435a8f6b65,ChIJedhrVPOa-F8R4bRGdkr_0VU,2026-09-21T14:36:08Z,2026-09-21,5,,False,False,2026-09-28T05:30:20.240Z
fbe583b99f6ece20,ChIJedhrVPOa-F8R4bRGdkr_0VU,2026-09-21T14:58:13Z,2026-09-21,4,,False,False,2026-09-28T05:30:20.240Z
5bbd9455f12775e4,ChIJedhrVPOa-F8R4bRGdkr_0VU,2026-09-21T22:18:00Z,2026-09-22,4,,False,False,2026-09-28T05:30:20.240Z
5dcf880e13331336,ChIJedhrVPOa-F8R4bRGdkr_0VU,2026-09-21T22:49:43Z,2026-09-22,5,ja,True,False,2026-09-28T05:30:20.240Z
c488cc6b28ed7e30,ChIJedhrVPOa-F8R4bRGdkr_0VU,2026-09-22T02:55:35Z,2026-09-22,5,ja,True,False,2026-09-28T05:30:20.240Z
1728f89031005644,ChIJedhrVPOa-F8R4bRGdkr_0VU,2026-09-22T04:00:20Z,2026-09-22,3,,False,False,2026-09-28T05:30:20.240Z
76d4610c485f1a14,ChIJedhrVPOa-F8R4bRGdkr_0VU,2026-09-22T05:21:22Z,2026-09-22,4,ja,True,False,2026-09-28T05:30:20.240Z
b60ff826e9a458e7,ChIJedhrVPOa-F8R4bRGdkr_0VU,2026-09-22T07:15:08Z,2026-09-22,1,,False,False,2026-09-28T05:30:20.240Z
304dfd6b0783a144,ChIJedhrVPOa-F8R4bRGdkr_0VU,2026-09-22T07:58:02Z,2026-09-22,5,,False,False,2026-09-28T05:30:20.240Z
5be96d7d7d4f0b1c,ChIJedhrVPOa-F8R4bRGdkr_0VU,2026-09-22T09:02:59Z,2026-09-22,5,,False,False,2026-09-28T05:30:20.240Z
99c64181b3053f54,ChIJedhrVPOa-F8R4bRGdkr_0VU,2026-09-22T09:37:07Z,2026-09-22,3,ja,True,False,2026-09-28T05:30:20.240Z
fa196aa00d909203,ChIJedhrVPOa-F8R4bRGdkr_0VU,2026-09-22T09:46:25Z,2026-09-22,3,ja,True,False,2026-09-28T05:30:20.240Z
9681bd14292c63c4,ChIJedhrVPOa-F8R4bRGdkr_0VU,2026-09-22T11:19:49Z,2026-09-22,5,,False,False,2026-09-28T05:30:20.240Z
a6888a0fcddf123d,ChIJedhrVPOa-F8R4bRGdkr_0VU,2026-09-22T11:30:46Z,2026-09-22,4,,False,False,2026-09-28T05:30:20.240Z
2406f4e48ed2be6c,ChIJedhrVPOa-F8R4bRGdkr_0VU,2026-09-22T11:46:58Z,2026-09-22,4,ja,True,False,2026-09-28T05:30:20.240Z
12bd65199c3e5b29,ChIJedhrVPOa-F8R4bRGdkr_0VU,2026-09-22T12:14:05Z,2026-09-22,5,ja,True,False,2026-09-28T05:30:20.240Z
73f99664d3b3b762,ChIJedhrVPOa-F8R4bRGdkr_0VU,2026-09-22T17:28:08Z,2026-09-23,4,,False,False,2026-09-28T05:30:20.240Z
0b5a5281f20e8dd3,ChIJedhrVPOa-F8R4bRGdkr_0VU,2026-09-22T22:33:10Z,2026-09-23,5,ja,True,False,2026-09-28T05:30:20.240Z
e149984b792c5e51,ChIJedhrVPOa-F8R4bRGdkr_0VU,2026-09-22T23:14:04Z,2026-09-23,5,ja,True,False,2026-09-28T05:30:20.240Z
7ec947cf291f8f36,ChIJedhrVPOa-F8R4bRGdkr_0VU,2026-09-23T01:59:50Z,2026-09-23,5,ja,True,False,2026-09-28T05:30:20.240Z
f7e820464eed6375,ChIJedhrVPOa-F8R4bRGdkr_0VU,2026-09-23T03:40:56Z,2026-09-23,4,,False,False,2026-09-28T05:30:20.240Z
91a426820fbc3c14,ChIJedhrVPOa-F8R4bRGdkr_0VU,2026-09-23T04:12:53Z,2026-09-23,2,,False,False,2026-09-28T05:30:20.240Z
ab7c1f8dacbb1bcb,ChIJedhrVPOa-F8R4bRGdkr_0VU,2026-09-23T04:15:09Z,2026-09-23,5,,False,False,2026-09-28T05:30:20.240Z
1477a69d8951b2db,ChIJedhrVPOa-F8R4bRGdkr_0VU,2026-09-23T05:22:36Z,2026-09-23,4,,False,False,2026-09-28T05:30:20.240Z
8b8eb4ede9dd3d10,ChIJedhrVPOa-F8R4bRGdkr_0VU,2026-09-23T06:06:20Z,2026-09-23,5,,False,False,2026-09-28T05:30:20.240Z
7d57c29287dba543,ChIJedhrVPOa-F8R4bRGdkr_0VU,2026-09-23T06:24:20Z,2026-09-23,5,,False,False,2026-09-28T05:30:20.240Z
f5bc99e69aadf7ee,ChIJedhrVPOa-F8R4bRGdkr_0VU,2026-09-23T07:07:24Z,2026-09-23,5,ja,True,False,2026-09-28T05:30:20.240Z
b84c986afea25f69,ChIJedhrVPOa-F8R4bRGdkr_0VU,2026-09-23T08:47:08Z,2026-09-23,4,ja,True,False,2026-09-28T05:30:20.240Z
1f548032f136f63a,ChIJedhrVPOa-F8R4bRGdkr_0VU,2026-09-23T10:15:48Z,2026-09-23,1,ja,True,False,2026-09-28T05:30:20.240Z
546ffd802fd1ef4e,ChIJedhrVPOa-F8R4bRGdkr_0VU,2026-09-23T10:58:14Z,2026-09-23,2,ja,True,False,2026-09-28T05:30:20.240Z
dd5c6ee09e3948d0,ChIJedhrVPOa-F8R4bRGdkr_0VU,2026-09-23T11:00:36Z,2026-09-23,5,ja,True,False,2026-09-28T05:30:20.240Z
cdbabb4403c0800f,ChIJedhrVPOa-F8R4bRGdkr_0VU,2026-09-23T12:32:09Z,2026-09-23,5,ja,True,False,2026-09-28T05:30:20.240Z
b66fd9b1905e5536,ChIJedhrVPOa-F8R4bRGdkr_0VU,2026-09-23T13:57:35Z,2026-09-23,3,ja,True,False,2026-09-28T05:30:20.240Z
58fb4bbbf3a2c643,ChIJedhrVPOa-F8R4bRGdkr_0VU,2026-09-23T14:30:51Z,2026-09-23,5,ja,True,False,2026-09-28T05:30:20.240Z
574ad7dfd2dbfaba,ChIJedhrVPOa-F8R4bRGdkr_0VU,2026-09-23T21:34:20Z,2026-09-24,5,ja,True,False,2026-09-28T05:30:20.240Z
5f467910e3e52d8a,ChIJedhrVPOa-F8R4bRGdkr_0VU,2026-09-24T00:16:28Z,2026-09-24,5,,False,False,2026-09-30T04:19:19.901Z
a8b0fab179277179,ChIJedhrVPOa-F8R4bRGdkr_0VU,2026-09-24T08:01:37Z,2026-09-24,5,es,True,False,2026-09-30T04:19:19.901Z
6dfe27b273b29397,ChIJedhrVPOa-F8R4bRGdkr_0VU,2026-09-24T09:26:23Z,2026-09-24,5,ja,True,False,2026-09-30T04:19:19.901Z
710e3f34d39ad03c,ChIJedhrVPOa-F8R4bRGdkr_0VU,2026-09-24T10:28:40Z,2026-09-24,5,ja,True,False,2026-09-30T04:19:19.901Z
2b96ce5df7a1fe24,ChIJedhrVPOa-F8R4bRGdkr_0VU,2026-09-24T11:01:51Z,2026-09-24,5,,False,False,2026-09-30T04:19:19.901Z
db1db1e0adf36e81,ChIJedhrVPOa-F8R4bRGdkr_0VU,2026-09-24T11:17:22Z,2026-09-24,5,,False,False,2026-09-30T04:19:19.901Z
5e3b9ead7e57c69b,ChIJedhrVPOa-F8R4bRGdkr_0VU,2026-09-24T12:12:12Z,2026-09-24,5,,False,False,2026-09-30T04:19:19.901Z
54d8b8410af56fed,ChIJedhrVPOa-F8R4bRGdkr_0VU,2026-09-25T02:16:46Z,2026-09-25,4,ja,True,False,2026-09-30T04:19:19.901Z
b32f1e412ece2243,ChIJedhrVPOa-F8R4bRGdkr_0VU,2026-09-25T03:43:31Z,2026-09-25,5,,False,False,2026-09-30T04:19:19.901Z
9bbfc9e616dfe60f,ChIJedhrVPOa-F8R4bRGdkr_0VU,2026-09-25T06:55:02Z,2026-09-25,5,,False,False,2026-09-30T04:19:19.901Z
8f0d67a035094c75,ChIJedhrVPOa-F8R4bRGdkr_0VU,2026-09-25T07:06:21Z,2026-09-25,5,en,True,False,2026-09-30T04:19:19.901Z
7f8720591550cd51,ChIJedhrVPOa-F8R4bRGdkr_0VU,2026-09-25T07:58:19Z,2026-09-25,5,,False,False,2026-09-30T04:19:19.901Z
5ffac8b5435826d3,ChIJedhrVPOa-F8R4bRGdkr_0VU,2026-09-25T10:55:06Z,2026-09-25,5,ja,True,False,2026-09-30T04:19:19.901Z
58bae7edd4838c71,ChIJedhrVPOa-F8R4bRGdkr_0VU,2026-09-25T11:35:38Z,2026-09-25,5,ja,True,False,2026-09-30T04:19:19.901Z
d0939e6ce7da52d2,ChIJedhrVPOa-F8R4bRGdkr_0VU,2026-09-25T13:09:50Z,2026-09-25,3,ko,True,False,2026-09-30T04:19:19.901Z
033ae442694aff6c,ChIJedhrVPOa-F8R4bRGdkr_0VU,2026-09-26T02:41:35Z,2026-09-26,5,ja,True,False,2026-09-30T04:19:19.901Z
d7c3f398e6166a35,ChIJedhrVPOa-F8R4bRGdkr_0VU,2026-09-26T03:21:59Z,2026-09-26,4,ja,True,False,2026-09-30T04:19:19.901Z
791c537cb74d3b35,ChIJedhrVPOa-F8R4bRGdkr_0VU,2026-09-26T08:02:09Z,2026-09-26,5,ja,True,False,2026-09-30T04:19:19.901Z
8de0e43e9206d1c7,ChIJedhrVPOa-F8R4bRGdkr_0VU,2026-09-26T08:34:50Z,2026-09-26,5,,False,False,2026-09-30T04:19:19.901Z
73552da9547ca1eb,ChIJedhrVPOa-F8R4bRGdkr_0VU,2026-09-26T11:56:16Z,2026-09-26,5,ja,True,False,2026-09-30T04:19:19.901Z
cefe32c39928559e,ChIJedhrVPOa-F8R4bRGdkr_0VU,2026-09-26T12:59:12Z,2026-09-26,5,ja,True,False,2026-09-30T04:19:19.901Z
e476dc39fa13ceae,ChIJedhrVPOa-F8R4bRGdkr_0VU,2026-09-26T13:31:41Z,2026-09-26,5,ja,True,False,2026-09-30T04:19:19.901Z
adabf8d658e37cd2,ChIJedhrVPOa-F8R4bRGdkr_0VU,2026-09-26T17:41:36Z,2026-09-27,5,en,True,False,2026-09-30T04:19:19.901Z
89fdbc7189d89659,ChIJedhrVPOa-F8R4bRGdkr_0VU,2026-09-26T19:01:57Z,2026-09-27,5,,False,False,2026-09-30T04:19:19.901Z
03c7d0efb426d18e,ChIJedhrVPOa-F8R4bRGdkr_0VU,2026-09-27T01:26:42Z,2026-09-27,3,ja,True,False,2026-09-30T04:19:19.901Z
a2782ecc4aed0483,ChIJedhrVPOa-F8R4bRGdkr_0VU,2026-09-27T01:40:10Z,2026-09-27,5,,False,False,2026-09-30T04:19:19.901Z
001efad431bdeb9c,ChIJedhrVPOa-F8R4bRGdkr_0VU,2026-09-27T02:36:19Z,2026-09-27,5,ja,True,False,2026-09-30T04:19:19.901Z
99a4dfd9ef1d2ccc,ChIJedhrVPOa-F8R4bRGdkr_0VU,2026-09-27T03:20:59Z,2026-09-27,4,ja,True,False,2026-09-30T04:19:19.901Z
879bed7bdcf103cc,ChIJedhrVPOa-F8R4bRGdkr_0VU,2026-09-27T03:22:09Z,2026-09-27,4,,False,False,2026-09-30T04:19:19.901Z
584c5428bf608793,ChIJedhrVPOa-F8R4bRGdkr_0VU,2026-09-27T06:06:23Z,2026-09-27,4,ja,True,False,2026-09-30T04:19:19.901Z
40a051ec2bb75d9a,ChIJedhrVPOa-F8R4bRGdkr_0VU,2026-09-27T07:09:14Z,2026-09-27,5,,False,False,2026-09-30T04:19:19.901Z
7e5437fc3352b860,ChIJedhrVPOa-F8R4bRGdkr_0VU,2026-09-27T11:56:33Z,2026-09-27,4,zh-Hant,True,False,2026-09-30T04:19:19.901Z
86c0ae3081bef513,ChIJedhrVPOa-F8R4bRGdkr_0VU,2026-09-27T13:33:23Z,2026-09-27,4,,False,False,2026-09-30T04:19:19.901Z
39a066bf5ddc06ce,ChIJedhrVPOa-F8R4bRGdkr_0VU,2026-09-27T14:35:58Z,2026-09-27,3,,False,False,2026-09-30T04:19:19.901Z
2f1933daacd239e6,ChIJedhrVPOa-F8R4bRGdkr_0VU,2026-09-27T18:58:13Z,2026-09-28,5,en,True,False,2026-09-30T04:19:19.901Z
616805d50b197070,ChIJedhrVPOa-F8R4bRGdkr_0VU,2026-09-28T01:10:07Z,2026-09-28,5,ja,True,False,2026-09-30T04:19:19.901Z
c759dd7f849e2b28,ChIJedhrVPOa-F8R4bRGdkr_0VU,2026-09-28T11:40:40Z,2026-09-28,5,ja,True,False,2026-09-30T04:19:19.901Z
611288934850de97,ChIJedhrVPOa-F8R4bRGdkr_0VU,2026-09-28T12:22:09Z,2026-09-28,4,ja,True,False,2026-09-30T04:19:19.901Z
cc1845f2e7e8c0f3,ChIJedhrVPOa-F8R4bRGdkr_0VU,2026-09-28T14:35:04Z,2026-09-28,5,,False,False,2026-09-30T04:19:19.901Z
3c6a0eb368e7a161,ChIJedhrVPOa-F8R4bRGdkr_0VU,2026-09-28T15:49:36Z,2026-09-29,5,,False,False,2026-09-30T04:19:19.901Z
fe6244830ab5d941,ChIJedhrVPOa-F8R4bRGdkr_0VU,2026-09-28T18:11:58Z,2026-09-29,5,ja,True,False,2026-09-30T04:19:19.901Z
e5d5a0dd9555b091,ChIJedhrVPOa-F8R4bRGdkr_0VU,2026-09-28T22:33:21Z,2026-09-29,5,,False,False,2026-09-30T04:19:19.901Z
3308be2d8014b753,ChIJedhrVPOa-F8R4bRGdkr_0VU,2026-09-29T03:35:23Z,2026-09-29,4,,False,False,2026-09-30T04:19:19.901Z
e2704e6890cb90e5,ChIJedhrVPOa-F8R4bRGdkr_0VU,2026-09-29T05:12:12Z,2026-09-29,5,,False,False,2026-09-30T04:19:19.901Z
3833b9019aec36ab,ChIJedhrVPOa-F8R4bRGdkr_0VU,2026-09-29T05:57:10Z,2026-09-29,4,,False,False,2026-09-30T04:19:19.901Z
f9fcabd472c6821e,ChIJedhrVPOa-F8R4bRGdkr_0VU,2026-09-29T12:43:29Z,2026-09-29,5,ja,True,False,2026-09-30T04:19:19.901Z
252426ebe4f0ade3,ChIJedhrVPOa-F8R4bRGdkr_0VU,2026-09-29T13:12:33Z,2026-09-29,5,,False,False,2026-09-30T04:19:19.901Z
50e3e1fad83bd07a,ChIJedhrVPOa-F8R4bRGdkr_0VU,2026-09-29T13:16:27Z,2026-09-29,5,,False,False,2026-09-30T04:19:19.901Z
412dbd4fba169c0e,ChIJedhrVPOa-F8R4bRGdkr_0VU,2026-09-29T14:07:27Z,2026-09-29,5,ja,True,False,2026-09-30T04:19:19.901Z
75b2975557696ffb,ChIJedhrVPOa-F8R4bRGdkr_0VU,2026-09-29T17:02:58Z,2026-09-30,5,fr,True,False,2026-09-30T04:19:19.901Z
9a59c74242983145,ChIJedhrVPOa-F8R4bRGdkr_0VU,2026-09-29T18:25:43Z,2026-09-30,5,ja,True,False,2026-09-30T04:19:19.901Z
a8775f1442b0fb27,ChIJedhrVPOa-F8R4bRGdkr_0VU,2026-09-29T22:36:47Z,2026-09-30,5,ja,True,False,2026-09-30T04:19:19.901Z
2039164b1bb85965,ChIJedhrVPOa-F8R4bRGdkr_0VU,2026-09-30T01:53:17Z,2026-09-30,5,ja,True,False,2026-09-30T04:19:19.901Z
