review_hash,place_id,published_at,date,stars,language,has_text,owner_replied,scraped_at
299dbe9419f89aa8,ChIJY1v1P_DdAWARwMvznJtMeMo,2024-08-26T23:42:22Z,2024-08-27,5,ja,True,False,2026-09-28T05:30:46.179Z
58b73dcde995408f,ChIJY1v1P_DdAWARwMvznJtMeMo,2024-08-29T13:42:56Z,2024-08-29,5,,False,False,2026-09-28T05:30:46.179Z
36a5001643f5fe96,ChIJY1v1P_DdAWARwMvznJtMeMo,2024-09-02T21:00:59Z,2024-09-03,5,ja,True,False,2026-09-28T05:30:46.179Z
b010ef0e7e9be81b,ChIJY1v1P_DdAWARwMvznJtMeMo,2024-09-04T04:17:32Z,2024-09-04,4,,False,False,2026-09-28T05:30:46.179Z
5176e360d1c2a924,ChIJY1v1P_DdAWARwMvznJtMeMo,2024-09-04T06:30:06Z,2024-09-04,4,ja,True,False,2026-09-28T05:30:46.179Z
1597f7d087ecd17d,ChIJY1v1P_DdAWARwMvznJtMeMo,2024-09-05T00:37:27Z,2024-09-05,5,,False,False,2026-09-28T05:30:46.179Z
74abb337a7b43037,ChIJY1v1P_DdAWARwMvznJtMeMo,2024-09-05T09:12:27Z,2024-09-05,4,,False,False,2026-09-28T05:30:46.179Z
2d0096d9d0aa06df,ChIJY1v1P_DdAWARwMvznJtMeMo,2024-09-06T01:41:47Z,2024-09-06,5,ja,True,False,2026-09-28T05:30:46.179Z
b0cf6bd66355e3fb,ChIJY1v1P_DdAWARwMvznJtMeMo,2024-09-07T12:43:43Z,2024-09-07,5,ja,True,False,2026-09-28T05:30:46.179Z
bdc049dae4211674,ChIJY1v1P_DdAWARwMvznJtMeMo,2024-09-08T08:07:08Z,2024-09-08,5,,False,False,2026-09-28T05:30:46.179Z
d934f3f11c918df7,ChIJY1v1P_DdAWARwMvznJtMeMo,2024-09-09T21:52:46Z,2024-09-10,4,ja,True,False,2026-09-28T05:30:46.179Z
80f6a8342b35f013,ChIJY1v1P_DdAWARwMvznJtMeMo,2024-09-09T23:53:09Z,2024-09-10,5,ja,True,False,2026-09-28T05:30:46.179Z
1a464626ecd65aed,ChIJY1v1P_DdAWARwMvznJtMeMo,2024-09-10T03:07:29Z,2024-09-10,4,ja,True,False,2026-09-28T05:30:46.179Z
094f6d2287588e6d,ChIJY1v1P_DdAWARwMvznJtMeMo,2024-09-11T07:26:40Z,2024-09-11,5,,False,False,2026-09-28T05:30:46.179Z
958272a9a7d0069f,ChIJY1v1P_DdAWARwMvznJtMeMo,2024-09-11T20:10:05Z,2024-09-12,5,,False,False,2026-09-28T05:30:46.179Z
e238a4ddb230237e,ChIJY1v1P_DdAWARwMvznJtMeMo,2024-09-13T09:29:34Z,2024-09-13,4,ja,True,False,2026-09-28T05:30:46.179Z
459be9717b18a8ec,ChIJY1v1P_DdAWARwMvznJtMeMo,2024-09-14T13:29:18Z,2024-09-14,1,,False,False,2026-09-28T05:30:46.179Z
f5e50d1518595a86,ChIJY1v1P_DdAWARwMvznJtMeMo,2024-09-15T02:00:03Z,2024-09-15,5,ja,True,False,2026-09-28T05:30:46.179Z
636b1ebc76f76dc5,ChIJY1v1P_DdAWARwMvznJtMeMo,2024-09-15T12:23:05Z,2024-09-15,5,,False,False,2026-09-28T05:30:46.179Z
02b8116aa8a77dbf,ChIJY1v1P_DdAWARwMvznJtMeMo,2024-09-17T21:22:49Z,2024-09-18,5,,False,False,2026-09-28T05:30:46.179Z
e792f8f45dc66ad5,ChIJY1v1P_DdAWARwMvznJtMeMo,2024-09-19T04:48:00Z,2024-09-19,5,,False,False,2026-09-28T05:30:46.179Z
183346b8bf26a293,ChIJY1v1P_DdAWARwMvznJtMeMo,2024-09-19T14:09:23Z,2024-09-19,2,,False,False,2026-09-28T05:30:46.179Z
f542c93eab4b2559,ChIJY1v1P_DdAWARwMvznJtMeMo,2024-09-19T14:50:54Z,2024-09-19,4,,False,False,2026-09-28T05:30:46.179Z
4426aa6a3c240601,ChIJY1v1P_DdAWARwMvznJtMeMo,2024-09-20T01:03:07Z,2024-09-20,4,,False,False,2026-09-28T05:30:46.179Z
02a24f3794682d6e,ChIJY1v1P_DdAWARwMvznJtMeMo,2024-09-20T11:02:15Z,2024-09-20,5,,False,False,2026-09-28T05:30:46.179Z
07ab1e9370ed4196,ChIJY1v1P_DdAWARwMvznJtMeMo,2024-09-20T15:11:11Z,2024-09-21,5,ja,True,False,2026-09-28T05:30:46.179Z
88adabbba8154f6b,ChIJY1v1P_DdAWARwMvznJtMeMo,2024-09-20T22:23:01Z,2024-09-21,5,,False,False,2026-09-28T05:30:46.179Z
9f39e46b1cc35433,ChIJY1v1P_DdAWARwMvznJtMeMo,2024-09-21T13:12:58Z,2024-09-21,4,,False,False,2026-09-28T05:30:46.179Z
a23dc3687b2945cf,ChIJY1v1P_DdAWARwMvznJtMeMo,2024-09-21T18:21:58Z,2024-09-22,5,,False,False,2026-09-28T05:30:46.179Z
4737abc6a9f99cfd,ChIJY1v1P_DdAWARwMvznJtMeMo,2024-09-21T23:17:35Z,2024-09-22,5,,False,False,2026-09-28T05:30:46.179Z
7a704688ff42371a,ChIJY1v1P_DdAWARwMvznJtMeMo,2024-09-22T07:02:52Z,2024-09-22,5,zh-Hant,True,False,2026-09-28T05:30:46.179Z
86e013116537aeff,ChIJY1v1P_DdAWARwMvznJtMeMo,2024-09-22T16:04:19Z,2024-09-23,5,,False,False,2026-09-28T05:30:46.179Z
7e28f7ea07e8cca2,ChIJY1v1P_DdAWARwMvznJtMeMo,2024-09-23T08:19:23Z,2024-09-23,5,,False,False,2026-09-28T05:30:46.179Z
cbc6d4508365c6f6,ChIJY1v1P_DdAWARwMvznJtMeMo,2024-09-24T11:10:20Z,2024-09-24,5,,False,False,2026-09-28T05:30:46.179Z
c32bc05b22942dd7,ChIJY1v1P_DdAWARwMvznJtMeMo,2024-09-25T06:49:42Z,2024-09-25,4,ja,True,False,2026-09-28T05:30:46.179Z
f7cb797dd75dc036,ChIJY1v1P_DdAWARwMvznJtMeMo,2024-09-25T22:59:21Z,2024-09-26,3,ja,True,False,2026-09-28T05:30:46.179Z
2f4a5ef980ab506d,ChIJY1v1P_DdAWARwMvznJtMeMo,2024-09-26T07:36:44Z,2024-09-26,4,ja,True,False,2026-09-28T05:30:46.179Z
aae519777073d26e,ChIJY1v1P_DdAWARwMvznJtMeMo,2024-09-27T12:34:29Z,2024-09-27,3,ja,True,False,2026-09-28T05:30:46.179Z
beeb35b067585da2,ChIJY1v1P_DdAWARwMvznJtMeMo,2024-09-27T13:05:03Z,2024-09-27,4,ja,True,False,2026-09-28T05:30:46.179Z
8c1471fc0d36ec53,ChIJY1v1P_DdAWARwMvznJtMeMo,2024-09-27T16:25:13Z,2024-09-28,4,,False,False,2026-09-28T05:30:46.179Z
25d8b91ca1770626,ChIJY1v1P_DdAWARwMvznJtMeMo,2024-09-29T03:51:45Z,2024-09-29,4,,False,False,2026-09-28T05:30:46.179Z
8fc6585a8fdc539b,ChIJY1v1P_DdAWARwMvznJtMeMo,2024-10-01T03:13:07Z,2024-10-01,4,,False,False,2026-09-28T05:30:46.179Z
bcf50ac0b7a99fd2,ChIJY1v1P_DdAWARwMvznJtMeMo,2024-10-01T12:44:04Z,2024-10-01,4,ja,True,False,2026-09-28T05:30:46.179Z
fe3c1edea50571a9,ChIJY1v1P_DdAWARwMvznJtMeMo,2024-10-01T13:22:03Z,2024-10-01,4,ja,True,False,2026-09-28T05:30:46.179Z
fea4092d29ff0370,ChIJY1v1P_DdAWARwMvznJtMeMo,2024-10-02T20:28:33Z,2024-10-03,4,,False,False,2026-09-28T05:30:46.179Z
956b8cd581016523,ChIJY1v1P_DdAWARwMvznJtMeMo,2024-10-03T07:57:32Z,2024-10-03,5,,False,False,2026-09-28T05:30:46.179Z
1ee7c42b534e1ddb,ChIJY1v1P_DdAWARwMvznJtMeMo,2024-10-03T11:02:21Z,2024-10-03,4,ja,True,False,2026-09-28T05:30:46.179Z
c05d205c4614f03c,ChIJY1v1P_DdAWARwMvznJtMeMo,2024-10-04T02:19:57Z,2024-10-04,5,,False,False,2026-09-28T05:30:46.179Z
6b8aaf8eb550f1a4,ChIJY1v1P_DdAWARwMvznJtMeMo,2024-10-04T14:08:42Z,2024-10-04,4,ja,True,False,2026-09-28T05:30:46.179Z
5ab8fb899ed4cb3d,ChIJY1v1P_DdAWARwMvznJtMeMo,2024-10-05T10:54:18Z,2024-10-05,4,ja,True,False,2026-09-28T05:30:46.179Z
6f50dc9a74dada7a,ChIJY1v1P_DdAWARwMvznJtMeMo,2024-10-05T12:36:07Z,2024-10-05,5,ja,True,False,2026-09-28T05:30:46.179Z
923b05d587419e4f,ChIJY1v1P_DdAWARwMvznJtMeMo,2024-10-05T14:23:52Z,2024-10-05,5,,False,False,2026-09-28T05:30:46.179Z
0d4b699b77b7d7a7,ChIJY1v1P_DdAWARwMvznJtMeMo,2024-10-06T00:10:33Z,2024-10-06,4,ja,True,False,2026-09-28T05:30:46.179Z
b0436dbcaeb948d4,ChIJY1v1P_DdAWARwMvznJtMeMo,2024-10-07T05:53:01Z,2024-10-07,4,ja,True,False,2026-09-28T05:30:46.179Z
1c5bc7a88c7cee35,ChIJY1v1P_DdAWARwMvznJtMeMo,2024-10-08T07:16:32Z,2024-10-08,4,ja,True,False,2026-09-28T05:30:46.179Z
e91e1759a78d6723,ChIJY1v1P_DdAWARwMvznJtMeMo,2024-10-08T13:41:33Z,2024-10-08,4,,False,False,2026-09-28T05:30:46.179Z
31425fd4c6f1abf3,ChIJY1v1P_DdAWARwMvznJtMeMo,2024-10-08T21:35:00Z,2024-10-09,4,,False,False,2026-09-28T05:30:46.179Z
2fa970f53599344d,ChIJY1v1P_DdAWARwMvznJtMeMo,2024-10-08T23:26:26Z,2024-10-09,4,ja,True,False,2026-09-28T05:30:46.179Z
91133cebb96fba12,ChIJY1v1P_DdAWARwMvznJtMeMo,2024-10-09T19:40:52Z,2024-10-10,1,en,True,False,2026-09-28T05:30:46.179Z
72fe120e0d417feb,ChIJY1v1P_DdAWARwMvznJtMeMo,2024-10-10T02:25:22Z,2024-10-10,4,ja,True,False,2026-09-28T05:30:46.179Z
d909133b9a4e5008,ChIJY1v1P_DdAWARwMvznJtMeMo,2024-10-13T02:33:18Z,2024-10-13,5,,False,False,2026-09-28T05:30:46.179Z
2cd8ddb8021f96ea,ChIJY1v1P_DdAWARwMvznJtMeMo,2024-10-13T04:34:17Z,2024-10-13,5,,False,False,2026-09-28T05:30:46.179Z
06e3ca8750c4f656,ChIJY1v1P_DdAWARwMvznJtMeMo,2024-10-14T03:42:57Z,2024-10-14,4,ja,True,False,2026-09-28T05:30:46.179Z
f96a6f3c0f465d0f,ChIJY1v1P_DdAWARwMvznJtMeMo,2024-10-14T07:27:41Z,2024-10-14,5,,False,False,2026-09-28T05:30:46.179Z
c63c2f17999dd9d8,ChIJY1v1P_DdAWARwMvznJtMeMo,2024-10-14T08:34:21Z,2024-10-14,5,ja,True,False,2026-09-28T05:30:46.179Z
309696e547fa75ee,ChIJY1v1P_DdAWARwMvznJtMeMo,2024-10-15T05:39:55Z,2024-10-15,5,,False,False,2026-09-28T05:30:46.179Z
2dc8eaad69ef1910,ChIJY1v1P_DdAWARwMvznJtMeMo,2024-10-15T10:43:41Z,2024-10-15,5,ja,True,False,2026-09-28T05:30:46.179Z
2e168bf7577361c0,ChIJY1v1P_DdAWARwMvznJtMeMo,2024-10-15T18:45:56Z,2024-10-16,4,ja,True,False,2026-09-28T05:30:46.179Z
b1e6fb29286a39d6,ChIJY1v1P_DdAWARwMvznJtMeMo,2024-10-16T12:28:41Z,2024-10-16,4,,False,False,2026-09-28T05:30:46.179Z
6064931138e99d4a,ChIJY1v1P_DdAWARwMvznJtMeMo,2024-10-17T01:13:11Z,2024-10-17,4,,False,False,2026-09-28T05:30:46.179Z
9f8439807bddd8f4,ChIJY1v1P_DdAWARwMvznJtMeMo,2024-10-18T02:42:57Z,2024-10-18,4,,False,False,2026-09-28T05:30:46.179Z
3bd38e8e9382af03,ChIJY1v1P_DdAWARwMvznJtMeMo,2024-10-18T10:34:42Z,2024-10-18,5,,False,False,2026-09-28T05:30:46.179Z
8d46e81347c5bbb1,ChIJY1v1P_DdAWARwMvznJtMeMo,2024-10-18T22:22:32Z,2024-10-19,5,ko,True,False,2026-09-28T05:30:46.179Z
d32ca5758046cabf,ChIJY1v1P_DdAWARwMvznJtMeMo,2024-10-19T01:25:17Z,2024-10-19,4,,False,False,2026-09-28T05:30:46.179Z
c7f09f029bdb2998,ChIJY1v1P_DdAWARwMvznJtMeMo,2024-10-20T02:49:40Z,2024-10-20,5,,False,False,2026-09-28T05:30:46.179Z
feda59a6d09b1ad9,ChIJY1v1P_DdAWARwMvznJtMeMo,2024-10-20T08:05:33Z,2024-10-20,1,,False,False,2026-09-28T05:30:46.179Z
b7571b252da778ae,ChIJY1v1P_DdAWARwMvznJtMeMo,2024-10-21T01:41:32Z,2024-10-21,5,,False,False,2026-09-28T05:30:46.179Z
1c4ea4b44ce70267,ChIJY1v1P_DdAWARwMvznJtMeMo,2024-10-21T06:24:57Z,2024-10-21,4,ja,True,False,2026-09-28T05:30:46.179Z
65feb0f7191ee84e,ChIJY1v1P_DdAWARwMvznJtMeMo,2024-10-21T06:50:04Z,2024-10-21,5,en,True,False,2026-09-28T05:30:46.179Z
b1b7c8f552ca339b,ChIJY1v1P_DdAWARwMvznJtMeMo,2024-10-21T11:08:30Z,2024-10-21,5,ja,True,False,2026-09-28T05:30:46.179Z
4c32abf26913306e,ChIJY1v1P_DdAWARwMvznJtMeMo,2024-10-21T11:14:34Z,2024-10-21,5,,False,False,2026-09-28T05:30:46.179Z
b2f9f5e39de2c9eb,ChIJY1v1P_DdAWARwMvznJtMeMo,2024-10-21T13:39:20Z,2024-10-21,4,,False,False,2026-09-28T05:30:46.179Z
bfc21c00b70c9ecb,ChIJY1v1P_DdAWARwMvznJtMeMo,2024-10-22T13:36:33Z,2024-10-22,5,ja,True,False,2026-09-28T05:30:46.179Z
134ebf4b1e3afaf0,ChIJY1v1P_DdAWARwMvznJtMeMo,2024-10-24T01:54:27Z,2024-10-24,4,,False,False,2026-09-28T05:30:46.179Z
3c9e3a2de58a0f99,ChIJY1v1P_DdAWARwMvznJtMeMo,2024-10-24T03:54:32Z,2024-10-24,5,,False,False,2026-09-28T05:30:46.179Z
abbf514554698ebb,ChIJY1v1P_DdAWARwMvznJtMeMo,2024-10-24T04:36:09Z,2024-10-24,4,,False,False,2026-09-28T05:30:46.179Z
13676c119dafd137,ChIJY1v1P_DdAWARwMvznJtMeMo,2024-10-26T10:29:44Z,2024-10-26,4,ja,True,False,2026-09-28T05:30:46.179Z
e97b995b0350a861,ChIJY1v1P_DdAWARwMvznJtMeMo,2024-10-27T23:52:05Z,2024-10-28,4,ja,True,False,2026-09-28T05:30:46.179Z
4ee2f80b8bcbb541,ChIJY1v1P_DdAWARwMvznJtMeMo,2024-10-29T12:33:12Z,2024-10-29,5,ja,True,False,2026-09-28T05:30:46.179Z
c8556465554c8435,ChIJY1v1P_DdAWARwMvznJtMeMo,2024-10-29T15:51:34Z,2024-10-30,5,ja,True,False,2026-09-28T05:30:46.179Z
3262a2077edba0d0,ChIJY1v1P_DdAWARwMvznJtMeMo,2024-10-29T22:49:38Z,2024-10-30,5,ja,True,False,2026-09-28T05:30:46.179Z
29e32b83ecd50b3e,ChIJY1v1P_DdAWARwMvznJtMeMo,2024-10-30T07:19:07Z,2024-10-30,4,,False,False,2026-09-28T05:30:46.179Z
bc957d4c6f4a1c6e,ChIJY1v1P_DdAWARwMvznJtMeMo,2024-10-30T11:23:43Z,2024-10-30,5,ja,True,False,2026-09-28T05:30:46.179Z
1f2190c39d9cadf3,ChIJY1v1P_DdAWARwMvznJtMeMo,2024-10-31T07:12:56Z,2024-10-31,5,,False,False,2026-09-28T05:30:46.179Z
b968d2a47859711c,ChIJY1v1P_DdAWARwMvznJtMeMo,2024-11-01T04:11:18Z,2024-11-01,4,,False,False,2026-09-28T05:30:46.179Z
51fc477478f2a0fd,ChIJY1v1P_DdAWARwMvznJtMeMo,2024-11-01T14:06:52Z,2024-11-01,5,zh-Hant,True,False,2026-09-28T05:30:46.179Z
022c02c3647c054b,ChIJY1v1P_DdAWARwMvznJtMeMo,2024-11-02T01:25:37Z,2024-11-02,5,,False,False,2026-09-28T05:30:46.179Z
852c7c911dc1d274,ChIJY1v1P_DdAWARwMvznJtMeMo,2024-11-02T02:44:33Z,2024-11-02,5,,False,False,2026-09-28T05:30:46.179Z
3fa2beeba8b513b9,ChIJY1v1P_DdAWARwMvznJtMeMo,2024-11-02T08:25:15Z,2024-11-02,4,,False,False,2026-09-28T05:30:46.179Z
79a1a93045971c4f,ChIJY1v1P_DdAWARwMvznJtMeMo,2024-11-02T14:33:36Z,2024-11-02,5,ja,True,False,2026-09-28T05:30:46.179Z
2158bcfbf4bd811e,ChIJY1v1P_DdAWARwMvznJtMeMo,2024-11-03T05:58:44Z,2024-11-03,4,ja,True,False,2026-09-28T05:30:46.179Z
369d4ad547c0663e,ChIJY1v1P_DdAWARwMvznJtMeMo,2024-11-04T01:05:00Z,2024-11-04,5,,False,False,2026-09-28T05:30:46.179Z
753229a62358f77e,ChIJY1v1P_DdAWARwMvznJtMeMo,2024-11-04T09:38:15Z,2024-11-04,5,,False,False,2026-09-28T05:30:46.179Z
1ff18efd99578798,ChIJY1v1P_DdAWARwMvznJtMeMo,2024-11-04T11:16:53Z,2024-11-04,3,,False,False,2026-09-28T05:30:46.179Z
8d119bc047c68a89,ChIJY1v1P_DdAWARwMvznJtMeMo,2024-11-05T10:49:48Z,2024-11-05,4,,False,False,2026-09-28T05:30:46.179Z
0e4d6d55626a4489,ChIJY1v1P_DdAWARwMvznJtMeMo,2024-11-05T13:04:25Z,2024-11-05,5,ja,True,False,2026-09-28T05:30:46.179Z
d44ed87e6937f4b0,ChIJY1v1P_DdAWARwMvznJtMeMo,2024-11-06T17:54:13Z,2024-11-07,4,,False,False,2026-09-28T05:30:46.179Z
84f77f255a8f46dc,ChIJY1v1P_DdAWARwMvznJtMeMo,2024-11-06T23:52:28Z,2024-11-07,4,ja,True,False,2026-09-28T05:30:46.179Z
9742802f8e33246d,ChIJY1v1P_DdAWARwMvznJtMeMo,2024-11-07T02:14:57Z,2024-11-07,5,en,True,False,2026-09-28T05:30:46.179Z
0fb9644f849b4e61,ChIJY1v1P_DdAWARwMvznJtMeMo,2024-11-08T03:44:37Z,2024-11-08,4,,False,False,2026-09-28T05:30:46.179Z
e42c540e97b54a08,ChIJY1v1P_DdAWARwMvznJtMeMo,2024-11-09T08:32:30Z,2024-11-09,4,ja,True,False,2026-09-28T05:30:46.179Z
7f81c4c19cc234a2,ChIJY1v1P_DdAWARwMvznJtMeMo,2024-11-09T12:50:12Z,2024-11-09,5,ja,True,False,2026-09-28T05:30:46.179Z
27b363bfbe5679af,ChIJY1v1P_DdAWARwMvznJtMeMo,2024-11-09T13:24:28Z,2024-11-09,5,ja,True,False,2026-09-28T05:30:46.179Z
32b18c0d9252153e,ChIJY1v1P_DdAWARwMvznJtMeMo,2024-11-09T20:40:30Z,2024-11-10,4,,False,False,2026-09-28T05:30:46.179Z
f3206c364a79ea70,ChIJY1v1P_DdAWARwMvznJtMeMo,2024-11-09T22:04:08Z,2024-11-10,4,,False,False,2026-09-28T05:30:46.179Z
e9f9ac37e6410bff,ChIJY1v1P_DdAWARwMvznJtMeMo,2024-11-10T06:25:59Z,2024-11-10,4,,False,False,2026-09-28T05:30:46.179Z
bb2bffadb61d9e3e,ChIJY1v1P_DdAWARwMvznJtMeMo,2024-11-10T07:03:35Z,2024-11-10,4,,False,False,2026-09-28T05:30:46.179Z
c6c0f6fecdca0c32,ChIJY1v1P_DdAWARwMvznJtMeMo,2024-11-10T08:55:57Z,2024-11-10,4,ja,True,False,2026-09-28T05:30:46.179Z
65a03887c43ec96c,ChIJY1v1P_DdAWARwMvznJtMeMo,2024-11-12T10:38:24Z,2024-11-12,4,ja,True,False,2026-09-28T05:30:46.179Z
8cbc51966127ac05,ChIJY1v1P_DdAWARwMvznJtMeMo,2024-11-12T13:15:30Z,2024-11-12,4,,False,False,2026-09-28T05:30:46.179Z
b0dff6374f2e8c79,ChIJY1v1P_DdAWARwMvznJtMeMo,2024-11-12T14:13:47Z,2024-11-12,5,ja,True,False,2026-09-28T05:30:46.179Z
aa42c07e8c261394,ChIJY1v1P_DdAWARwMvznJtMeMo,2024-11-13T00:34:49Z,2024-11-13,5,ja,True,False,2026-09-28T05:30:46.179Z
680f3d7762fa91e5,ChIJY1v1P_DdAWARwMvznJtMeMo,2024-11-15T02:47:30Z,2024-11-15,4,ja,True,False,2026-09-28T05:30:46.179Z
7d8ac3d33647855c,ChIJY1v1P_DdAWARwMvznJtMeMo,2024-11-15T03:16:17Z,2024-11-15,5,,False,False,2026-09-28T05:30:46.179Z
874b55f5cd036930,ChIJY1v1P_DdAWARwMvznJtMeMo,2024-11-15T20:32:46Z,2024-11-16,4,ja,True,False,2026-09-28T05:30:46.179Z
03137b72162bfb60,ChIJY1v1P_DdAWARwMvznJtMeMo,2024-11-16T00:05:23Z,2024-11-16,5,,False,False,2026-09-28T05:30:46.179Z
d072457032e6441c,ChIJY1v1P_DdAWARwMvznJtMeMo,2024-11-16T05:12:54Z,2024-11-16,5,,False,False,2026-09-28T05:30:46.179Z
4c3cb68e0396dbad,ChIJY1v1P_DdAWARwMvznJtMeMo,2024-11-16T06:32:47Z,2024-11-16,3,ja,True,False,2026-09-28T05:30:46.179Z
c85ffd4042f7f10b,ChIJY1v1P_DdAWARwMvznJtMeMo,2024-11-16T13:35:52Z,2024-11-16,4,,False,False,2026-09-28T05:30:46.179Z
c31ea8d12eaa40d4,ChIJY1v1P_DdAWARwMvznJtMeMo,2024-11-17T03:35:30Z,2024-11-17,5,,False,False,2026-09-28T05:30:46.179Z
4e3865629a82727c,ChIJY1v1P_DdAWARwMvznJtMeMo,2024-11-17T15:03:04Z,2024-11-18,5,,False,False,2026-09-28T05:30:46.179Z
60e473a0b8b24221,ChIJY1v1P_DdAWARwMvznJtMeMo,2024-11-17T20:47:20Z,2024-11-18,5,zh-Hant,True,False,2026-09-28T05:30:46.179Z
1b2f6e2339c42325,ChIJY1v1P_DdAWARwMvznJtMeMo,2024-11-18T01:27:22Z,2024-11-18,3,,False,False,2026-09-28T05:30:46.179Z
46e57015432a22d9,ChIJY1v1P_DdAWARwMvznJtMeMo,2024-11-18T12:54:34Z,2024-11-18,5,fr,True,False,2026-09-28T05:30:46.179Z
56d5d6d919fd0545,ChIJY1v1P_DdAWARwMvznJtMeMo,2024-11-19T06:41:54Z,2024-11-19,4,ja,True,False,2026-09-28T05:30:46.179Z
b9c88418af88ca4b,ChIJY1v1P_DdAWARwMvznJtMeMo,2024-11-19T15:19:35Z,2024-11-20,5,ja,True,False,2026-09-28T05:30:46.179Z
754f1c47a55c1587,ChIJY1v1P_DdAWARwMvznJtMeMo,2024-11-19T21:47:37Z,2024-11-20,5,ja,True,False,2026-09-28T05:30:46.179Z
d737f3f0bf6b6964,ChIJY1v1P_DdAWARwMvznJtMeMo,2024-11-20T11:35:49Z,2024-11-20,5,,False,False,2026-09-28T05:30:46.179Z
9226afc8b28eb961,ChIJY1v1P_DdAWARwMvznJtMeMo,2024-11-20T12:40:11Z,2024-11-20,5,,False,False,2026-09-28T05:30:46.179Z
f02b431f7d1e200f,ChIJY1v1P_DdAWARwMvznJtMeMo,2024-11-21T05:30:08Z,2024-11-21,5,ja,True,False,2026-09-28T05:30:46.179Z
d9827e1fa436f401,ChIJY1v1P_DdAWARwMvznJtMeMo,2024-11-21T14:19:43Z,2024-11-21,4,ja,True,False,2026-09-28T05:30:46.179Z
ff2e1bac544ee4e4,ChIJY1v1P_DdAWARwMvznJtMeMo,2024-11-22T12:04:05Z,2024-11-22,2,,False,False,2026-09-28T05:30:46.179Z
26c806570690193f,ChIJY1v1P_DdAWARwMvznJtMeMo,2024-11-24T01:09:05Z,2024-11-24,4,,False,False,2026-09-28T05:30:46.179Z
a078edbc635e159e,ChIJY1v1P_DdAWARwMvznJtMeMo,2024-11-24T07:46:06Z,2024-11-24,5,,False,False,2026-09-28T05:30:46.179Z
4c78d2657361ef69,ChIJY1v1P_DdAWARwMvznJtMeMo,2024-11-24T09:55:33Z,2024-11-24,4,ja,True,False,2026-09-28T05:30:46.179Z
ab0591947c85b715,ChIJY1v1P_DdAWARwMvznJtMeMo,2024-11-25T07:54:11Z,2024-11-25,3,ja,True,False,2026-09-28T05:30:46.179Z
23fa59808e210020,ChIJY1v1P_DdAWARwMvznJtMeMo,2024-11-25T13:24:23Z,2024-11-25,4,,False,False,2026-09-28T05:30:46.179Z
fad686fc88db8db2,ChIJY1v1P_DdAWARwMvznJtMeMo,2024-11-26T00:27:38Z,2024-11-26,5,ja,True,False,2026-09-28T05:30:46.179Z
ff6ed7959f3253a6,ChIJY1v1P_DdAWARwMvznJtMeMo,2024-11-26T01:09:43Z,2024-11-26,4,,False,False,2026-09-28T05:30:46.179Z
b9b78ab3747ed6dc,ChIJY1v1P_DdAWARwMvznJtMeMo,2024-11-26T03:08:21Z,2024-11-26,5,,False,False,2026-09-28T05:30:46.179Z
3083461e80dfb1f4,ChIJY1v1P_DdAWARwMvznJtMeMo,2024-11-26T07:06:31Z,2024-11-26,5,,False,False,2026-09-28T05:30:46.179Z
d326261ac869cdb6,ChIJY1v1P_DdAWARwMvznJtMeMo,2024-11-27T21:39:05Z,2024-11-28,5,,False,False,2026-09-28T05:30:46.179Z
2f1af29118576abb,ChIJY1v1P_DdAWARwMvznJtMeMo,2024-11-28T03:54:01Z,2024-11-28,5,,False,False,2026-09-28T05:30:46.179Z
9a9584c12189cb40,ChIJY1v1P_DdAWARwMvznJtMeMo,2024-11-29T11:52:40Z,2024-11-29,4,ja,True,False,2026-09-28T05:30:46.179Z
1e49635118efea45,ChIJY1v1P_DdAWARwMvznJtMeMo,2024-11-29T13:55:17Z,2024-11-29,5,,False,False,2026-09-28T05:30:46.179Z
85763e2717cd36b8,ChIJY1v1P_DdAWARwMvznJtMeMo,2024-11-29T23:45:26Z,2024-11-30,3,,False,False,2026-09-28T05:30:46.179Z
3c366f1a5e94cf33,ChIJY1v1P_DdAWARwMvznJtMeMo,2024-11-30T09:46:34Z,2024-11-30,3,ja,True,False,2026-09-28T05:30:46.179Z
5415f90e08396928,ChIJY1v1P_DdAWARwMvznJtMeMo,2024-11-30T18:42:55Z,2024-12-01,4,ja,True,False,2026-09-28T05:30:46.179Z
535dbb28ffc351a5,ChIJY1v1P_DdAWARwMvznJtMeMo,2024-12-01T10:56:25Z,2024-12-01,4,,False,False,2026-09-28T05:30:46.179Z
65735e0ed934e202,ChIJY1v1P_DdAWARwMvznJtMeMo,2024-12-02T11:12:42Z,2024-12-02,5,,False,False,2026-09-28T05:30:46.179Z
477e0eaa5ff933c7,ChIJY1v1P_DdAWARwMvznJtMeMo,2024-12-03T07:53:09Z,2024-12-03,4,,False,False,2026-09-28T05:30:46.179Z
7ea97ca93e71aeda,ChIJY1v1P_DdAWARwMvznJtMeMo,2024-12-04T01:16:12Z,2024-12-04,5,ja,True,False,2026-09-28T05:30:46.179Z
e27a6987dd3dbcc5,ChIJY1v1P_DdAWARwMvznJtMeMo,2024-12-04T10:04:52Z,2024-12-04,5,,False,False,2026-09-28T05:30:46.179Z
867e24b7259e4af8,ChIJY1v1P_DdAWARwMvznJtMeMo,2024-12-05T04:17:19Z,2024-12-05,4,,False,False,2026-09-28T05:30:46.179Z
34f6d30ed3d4a0ab,ChIJY1v1P_DdAWARwMvznJtMeMo,2024-12-06T00:19:28Z,2024-12-06,5,,False,False,2026-09-28T05:30:46.179Z
271e5d17b4850c01,ChIJY1v1P_DdAWARwMvznJtMeMo,2024-12-06T02:04:59Z,2024-12-06,5,,False,False,2026-09-28T05:30:46.179Z
591f8cef3ffc05fc,ChIJY1v1P_DdAWARwMvznJtMeMo,2024-12-06T03:37:26Z,2024-12-06,5,ja,True,False,2026-09-28T05:30:46.179Z
58022be282c5f1c9,ChIJY1v1P_DdAWARwMvznJtMeMo,2024-12-07T13:28:13Z,2024-12-07,5,ja,True,False,2026-09-28T05:30:46.179Z
18eb1cedde6f41fc,ChIJY1v1P_DdAWARwMvznJtMeMo,2024-12-07T14:56:22Z,2024-12-07,4,ja,True,False,2026-09-28T05:30:46.179Z
d52b6693d7a75533,ChIJY1v1P_DdAWARwMvznJtMeMo,2024-12-07T22:13:10Z,2024-12-08,5,ja,True,False,2026-09-28T05:30:46.179Z
71ff7eba94f5d86a,ChIJY1v1P_DdAWARwMvznJtMeMo,2024-12-08T01:28:15Z,2024-12-08,5,zh-Hant,True,False,2026-09-28T05:30:46.179Z
ede9f3b21522e584,ChIJY1v1P_DdAWARwMvznJtMeMo,2024-12-09T04:43:28Z,2024-12-09,5,ja,True,False,2026-09-28T05:30:46.179Z
852574d32e3012f2,ChIJY1v1P_DdAWARwMvznJtMeMo,2024-12-09T14:08:41Z,2024-12-09,4,,False,False,2026-09-28T05:30:46.179Z
56d8d71f6f9f78a0,ChIJY1v1P_DdAWARwMvznJtMeMo,2024-12-10T12:20:45Z,2024-12-10,5,,False,False,2026-09-28T05:30:46.179Z
4f864471780ff930,ChIJY1v1P_DdAWARwMvznJtMeMo,2024-12-14T07:28:37Z,2024-12-14,5,zh-Hant,True,False,2026-09-28T05:30:46.179Z
9ee64be52dcdce99,ChIJY1v1P_DdAWARwMvznJtMeMo,2024-12-15T05:29:46Z,2024-12-15,5,,False,False,2026-09-28T05:30:46.179Z
b63b580978144fcc,ChIJY1v1P_DdAWARwMvznJtMeMo,2024-12-16T06:04:48Z,2024-12-16,2,ja,True,False,2026-09-28T05:30:46.179Z
503338d569d45de6,ChIJY1v1P_DdAWARwMvznJtMeMo,2024-12-20T04:37:27Z,2024-12-20,5,,False,False,2026-09-28T05:30:46.179Z
c9a7302743bff97f,ChIJY1v1P_DdAWARwMvznJtMeMo,2024-12-22T13:56:33Z,2024-12-22,4,,False,False,2026-09-28T05:30:46.179Z
60e94b7f7071b65f,ChIJY1v1P_DdAWARwMvznJtMeMo,2024-12-22T15:24:51Z,2024-12-23,5,ja,True,False,2026-09-28T05:30:46.179Z
6605f7a659db667f,ChIJY1v1P_DdAWARwMvznJtMeMo,2024-12-24T13:28:34Z,2024-12-24,4,,False,False,2026-09-28T05:30:46.179Z
767f7e140f1e2310,ChIJY1v1P_DdAWARwMvznJtMeMo,2025-01-01T05:51:13Z,2025-01-01,4,ja,True,False,2026-09-28T05:30:46.179Z
5aacdf26c862e733,ChIJY1v1P_DdAWARwMvznJtMeMo,2025-01-03T04:37:57Z,2025-01-03,5,ja,True,False,2026-09-28T05:30:46.179Z
37086f71a1406622,ChIJY1v1P_DdAWARwMvznJtMeMo,2025-01-03T09:30:49Z,2025-01-03,5,,False,False,2026-09-28T05:30:46.179Z
45b0b5aaef48055f,ChIJY1v1P_DdAWARwMvznJtMeMo,2025-01-07T04:22:33Z,2025-01-07,5,ja,True,False,2026-09-28T05:30:46.179Z
d1a2c0168c99eb54,ChIJY1v1P_DdAWARwMvznJtMeMo,2025-01-07T06:37:21Z,2025-01-07,2,,False,False,2026-09-28T05:30:46.179Z
9c0c4317587ca353,ChIJY1v1P_DdAWARwMvznJtMeMo,2025-01-12T10:17:42Z,2025-01-12,4,,False,False,2026-09-28T05:30:46.179Z
36df1403ee378c3b,ChIJY1v1P_DdAWARwMvznJtMeMo,2025-01-14T05:23:55Z,2025-01-14,4,,False,False,2026-09-28T05:30:46.179Z
6fc062c3bf9652b2,ChIJY1v1P_DdAWARwMvznJtMeMo,2025-01-18T14:13:04Z,2025-01-18,5,ja,True,False,2026-09-28T05:30:46.179Z
3a6516f143497d19,ChIJY1v1P_DdAWARwMvznJtMeMo,2025-01-19T03:30:48Z,2025-01-19,5,,False,False,2026-09-28T05:30:46.179Z
49e8bd65732632bf,ChIJY1v1P_DdAWARwMvznJtMeMo,2025-01-20T00:08:25Z,2025-01-20,5,,False,False,2026-09-28T05:30:46.179Z
273f0b312ea37fb9,ChIJY1v1P_DdAWARwMvznJtMeMo,2025-01-21T08:52:07Z,2025-01-21,4,,False,False,2026-09-28T05:30:46.179Z
7275266ab3bb96ca,ChIJY1v1P_DdAWARwMvznJtMeMo,2025-01-22T00:14:50Z,2025-01-22,4,ja,True,False,2026-09-28T05:30:46.179Z
dd50283624dc74ab,ChIJY1v1P_DdAWARwMvznJtMeMo,2025-01-24T01:06:36Z,2025-01-24,5,,False,False,2026-09-28T05:30:46.179Z
5b5d7c965c193e77,ChIJY1v1P_DdAWARwMvznJtMeMo,2025-01-25T02:34:52Z,2025-01-25,5,fr,True,False,2026-09-28T05:30:46.179Z
737ee8f1ab1aedd4,ChIJY1v1P_DdAWARwMvznJtMeMo,2025-01-28T05:41:48Z,2025-01-28,4,,False,False,2026-09-28T05:30:46.179Z
12b4cd867195e42d,ChIJY1v1P_DdAWARwMvznJtMeMo,2025-01-28T13:24:48Z,2025-01-28,5,,False,False,2026-09-28T05:30:46.179Z
2750e953816813be,ChIJY1v1P_DdAWARwMvznJtMeMo,2025-02-03T06:05:03Z,2025-02-03,5,,False,False,2026-09-28T05:30:46.179Z
977321401b266508,ChIJY1v1P_DdAWARwMvznJtMeMo,2025-02-08T03:14:03Z,2025-02-08,5,en,True,False,2026-09-28T05:30:46.179Z
db369a2d4bee1df2,ChIJY1v1P_DdAWARwMvznJtMeMo,2025-02-08T14:46:39Z,2025-02-08,5,ja,True,False,2026-09-28T05:30:46.179Z
21b976eae7e42b73,ChIJY1v1P_DdAWARwMvznJtMeMo,2025-02-09T10:07:49Z,2025-02-09,4,ja,True,False,2026-09-28T05:30:46.179Z
577fc19a85fc0be4,ChIJY1v1P_DdAWARwMvznJtMeMo,2025-02-19T11:24:53Z,2025-02-19,1,ja,True,False,2026-09-28T05:30:46.179Z
5d9268c3c973247b,ChIJY1v1P_DdAWARwMvznJtMeMo,2025-02-26T21:19:24Z,2025-02-27,5,ja,True,False,2026-09-28T05:30:46.179Z
e7a70667280475c8,ChIJY1v1P_DdAWARwMvznJtMeMo,2025-03-02T06:39:50Z,2025-03-02,3,ja,True,False,2026-09-28T05:30:46.179Z
257d6d46529a50ce,ChIJY1v1P_DdAWARwMvznJtMeMo,2025-03-03T14:01:19Z,2025-03-03,5,ja,True,False,2026-09-28T05:30:46.179Z
2209d6b07511926e,ChIJY1v1P_DdAWARwMvznJtMeMo,2025-03-04T02:04:09Z,2025-03-04,5,,False,False,2026-09-28T05:30:46.179Z
879a6cdbc67d4164,ChIJY1v1P_DdAWARwMvznJtMeMo,2025-03-05T16:22:41Z,2025-03-06,4,,False,False,2026-09-28T05:30:46.179Z
159ae75a2764aefb,ChIJY1v1P_DdAWARwMvznJtMeMo,2025-03-06T21:29:12Z,2025-03-07,5,,False,False,2026-09-28T05:30:46.179Z
7d42c8e6b0ecd15d,ChIJY1v1P_DdAWARwMvznJtMeMo,2025-03-09T14:36:57Z,2025-03-09,5,,False,False,2026-09-28T05:30:46.179Z
c71f45193f6b309e,ChIJY1v1P_DdAWARwMvznJtMeMo,2025-03-11T13:44:10Z,2025-03-11,5,,False,False,2026-09-28T05:30:46.179Z
eb21e2f50816bc5c,ChIJY1v1P_DdAWARwMvznJtMeMo,2025-03-16T16:32:56Z,2025-03-17,3,,False,False,2026-09-28T05:30:46.179Z
de4d157d19e1a045,ChIJY1v1P_DdAWARwMvznJtMeMo,2025-03-16T23:36:16Z,2025-03-17,4,ja,True,False,2026-09-28T05:30:46.179Z
039cff29b742e351,ChIJY1v1P_DdAWARwMvznJtMeMo,2025-03-17T03:58:57Z,2025-03-17,3,ja,True,False,2026-09-28T05:30:46.179Z
d5e513365e547496,ChIJY1v1P_DdAWARwMvznJtMeMo,2025-03-20T20:14:00Z,2025-03-21,5,,False,False,2026-09-28T05:30:46.179Z
32bf77ee8ce106dd,ChIJY1v1P_DdAWARwMvznJtMeMo,2025-03-21T13:55:38Z,2025-03-21,5,ja,True,False,2026-09-28T05:30:46.179Z
27a5180d8db4c660,ChIJY1v1P_DdAWARwMvznJtMeMo,2025-03-23T06:21:30Z,2025-03-23,5,en,True,False,2026-09-28T05:30:46.179Z
d24efe2ab3fae907,ChIJY1v1P_DdAWARwMvznJtMeMo,2025-03-23T10:47:10Z,2025-03-23,5,,False,False,2026-09-28T05:30:46.179Z
d2ff3c7f262eacca,ChIJY1v1P_DdAWARwMvznJtMeMo,2025-03-24T03:29:02Z,2025-03-24,3,,False,False,2026-09-28T05:30:46.179Z
1e749ea53b35567d,ChIJY1v1P_DdAWARwMvznJtMeMo,2025-03-24T09:36:23Z,2025-03-24,5,ja,True,False,2026-09-28T05:30:46.179Z
5e2ddb2ffc3d1e10,ChIJY1v1P_DdAWARwMvznJtMeMo,2025-03-24T21:49:31Z,2025-03-25,4,ja,True,False,2026-09-28T05:30:46.179Z
1dce3262efe51ecf,ChIJY1v1P_DdAWARwMvznJtMeMo,2025-03-26T09:31:41Z,2025-03-26,5,,False,False,2026-09-28T05:30:46.179Z
6142add238e17a7e,ChIJY1v1P_DdAWARwMvznJtMeMo,2025-03-28T03:40:52Z,2025-03-28,5,,False,False,2026-09-28T05:30:46.179Z
8db92c4a4a41b494,ChIJY1v1P_DdAWARwMvznJtMeMo,2025-03-28T09:22:59Z,2025-03-28,5,,False,False,2026-09-28T05:30:46.179Z
180c0e8d6faff69d,ChIJY1v1P_DdAWARwMvznJtMeMo,2025-03-29T00:30:13Z,2025-03-29,5,ja,True,False,2026-09-28T05:30:46.179Z
8499a5667349068d,ChIJY1v1P_DdAWARwMvznJtMeMo,2025-03-30T07:51:44Z,2025-03-30,4,,False,False,2026-09-28T05:30:46.179Z
01704a193d308599,ChIJY1v1P_DdAWARwMvznJtMeMo,2025-04-02T08:09:07Z,2025-04-02,5,ja,True,False,2026-09-28T05:30:46.179Z
85b0e0143925305b,ChIJY1v1P_DdAWARwMvznJtMeMo,2025-04-05T11:45:17Z,2025-04-05,5,,False,False,2026-09-28T05:30:46.179Z
616067f0b38f28e1,ChIJY1v1P_DdAWARwMvznJtMeMo,2025-04-05T13:26:35Z,2025-04-05,3,,False,False,2026-09-28T05:30:46.179Z
d45b25a99520ade2,ChIJY1v1P_DdAWARwMvznJtMeMo,2025-04-06T05:34:01Z,2025-04-06,4,ja,True,False,2026-09-28T05:30:46.179Z
0413da5d6af05a50,ChIJY1v1P_DdAWARwMvznJtMeMo,2025-04-07T13:58:50Z,2025-04-07,5,,False,False,2026-09-28T05:30:46.179Z
5dfd6317e81b01d2,ChIJY1v1P_DdAWARwMvznJtMeMo,2025-04-07T20:15:00Z,2025-04-08,4,,False,False,2026-09-28T05:30:46.179Z
f7af202b2d6b5651,ChIJY1v1P_DdAWARwMvznJtMeMo,2025-04-10T14:22:08Z,2025-04-10,5,,False,False,2026-09-28T05:30:46.179Z
bcf203b740bb7865,ChIJY1v1P_DdAWARwMvznJtMeMo,2025-04-12T11:39:57Z,2025-04-12,5,ja,True,False,2026-09-28T05:30:46.179Z
94455d0cc3ae44ec,ChIJY1v1P_DdAWARwMvznJtMeMo,2025-04-12T21:32:29Z,2025-04-13,4,,False,False,2026-09-28T05:30:46.179Z
73fa7da17b74f84e,ChIJY1v1P_DdAWARwMvznJtMeMo,2025-04-14T01:33:46Z,2025-04-14,5,en,True,False,2026-09-28T05:30:46.179Z
a30b281095849e34,ChIJY1v1P_DdAWARwMvznJtMeMo,2025-04-15T07:51:05Z,2025-04-15,5,zh-Hant,True,False,2026-09-28T05:30:46.179Z
84fd74b478046196,ChIJY1v1P_DdAWARwMvznJtMeMo,2025-04-16T12:39:35Z,2025-04-16,5,,False,False,2026-09-28T05:30:46.179Z
48454f55e3cca1d1,ChIJY1v1P_DdAWARwMvznJtMeMo,2025-04-17T02:28:02Z,2025-04-17,5,,False,False,2026-09-28T05:30:46.179Z
1a22433d1991225f,ChIJY1v1P_DdAWARwMvznJtMeMo,2025-04-17T06:29:57Z,2025-04-17,5,ja,True,False,2026-09-28T05:30:46.179Z
30ba7573f57fcebb,ChIJY1v1P_DdAWARwMvznJtMeMo,2025-04-18T05:48:55Z,2025-04-18,5,,False,False,2026-09-28T05:30:46.179Z
def78e2dfa608737,ChIJY1v1P_DdAWARwMvznJtMeMo,2025-04-18T21:29:49Z,2025-04-19,5,,False,False,2026-09-28T05:30:46.179Z
e04d9c03b2d34c70,ChIJY1v1P_DdAWARwMvznJtMeMo,2025-04-19T09:27:35Z,2025-04-19,4,ja,True,False,2026-09-28T05:30:46.179Z
629c93e000e7a3f2,ChIJY1v1P_DdAWARwMvznJtMeMo,2025-04-19T23:20:32Z,2025-04-20,5,ja,True,False,2026-09-28T05:30:46.179Z
c63cae9fc76f4280,ChIJY1v1P_DdAWARwMvznJtMeMo,2025-04-22T06:58:19Z,2025-04-22,4,,False,False,2026-09-28T05:30:46.179Z
4bfd66aadfec5a1a,ChIJY1v1P_DdAWARwMvznJtMeMo,2025-04-22T11:14:47Z,2025-04-22,1,ja,True,False,2026-09-28T05:30:46.179Z
ce62d5b062d5f810,ChIJY1v1P_DdAWARwMvznJtMeMo,2025-04-23T14:40:01Z,2025-04-23,5,,False,False,2026-09-28T05:30:46.179Z
66336eb1028c9973,ChIJY1v1P_DdAWARwMvznJtMeMo,2025-04-23T20:29:47Z,2025-04-24,4,ja,True,False,2026-09-28T05:30:46.179Z
d5bdad96ef3c7fd5,ChIJY1v1P_DdAWARwMvznJtMeMo,2025-04-24T02:14:56Z,2025-04-24,4,,False,False,2026-09-28T05:30:46.179Z
f72268ef3bffbdc8,ChIJY1v1P_DdAWARwMvznJtMeMo,2025-04-27T04:28:45Z,2025-04-27,5,ja,True,False,2026-09-28T05:30:46.179Z
bf0d6d4b91e6cb97,ChIJY1v1P_DdAWARwMvznJtMeMo,2025-04-27T10:34:21Z,2025-04-27,4,ja,True,False,2026-09-28T05:30:46.179Z
c37b256be63c9fbd,ChIJY1v1P_DdAWARwMvznJtMeMo,2025-04-27T15:40:34Z,2025-04-28,4,,False,False,2026-09-28T05:30:46.179Z
9caf5d29d59594ac,ChIJY1v1P_DdAWARwMvznJtMeMo,2025-04-29T05:56:01Z,2025-04-29,2,,False,False,2026-09-28T05:30:46.179Z
4b4f06c37df0d6cd,ChIJY1v1P_DdAWARwMvznJtMeMo,2025-04-30T08:08:24Z,2025-04-30,5,,False,False,2026-09-28T05:30:46.179Z
f1a05527f21a74b4,ChIJY1v1P_DdAWARwMvznJtMeMo,2025-04-30T11:26:52Z,2025-04-30,5,en,True,False,2026-09-28T05:30:46.179Z
e815e777fb3ade2d,ChIJY1v1P_DdAWARwMvznJtMeMo,2025-04-30T12:58:02Z,2025-04-30,5,,False,False,2026-09-28T05:30:46.179Z
d30c1973cec1db91,ChIJY1v1P_DdAWARwMvznJtMeMo,2025-04-30T17:32:13Z,2025-05-01,4,,False,False,2026-09-28T05:30:46.179Z
e26cb32c208f9816,ChIJY1v1P_DdAWARwMvznJtMeMo,2025-05-01T08:40:06Z,2025-05-01,5,ja,True,False,2026-09-28T05:30:46.179Z
611d1d88a5420e11,ChIJY1v1P_DdAWARwMvznJtMeMo,2025-05-01T10:13:43Z,2025-05-01,4,ja,True,False,2026-09-28T05:30:46.179Z
1171a319132893fa,ChIJY1v1P_DdAWARwMvznJtMeMo,2025-05-02T13:03:06Z,2025-05-02,5,ja,True,False,2026-09-28T05:30:46.179Z
fbd3091e22f7ec6d,ChIJY1v1P_DdAWARwMvznJtMeMo,2025-05-02T13:49:17Z,2025-05-02,5,en,True,False,2026-09-28T05:30:46.179Z
ce6cb2c4d3737b75,ChIJY1v1P_DdAWARwMvznJtMeMo,2025-05-02T14:09:12Z,2025-05-02,3,,False,False,2026-09-28T05:30:46.179Z
b3142e19d3a2fe49,ChIJY1v1P_DdAWARwMvznJtMeMo,2025-05-02T21:05:49Z,2025-05-03,5,,False,False,2026-09-28T05:30:46.179Z
c257d7d29aa57426,ChIJY1v1P_DdAWARwMvznJtMeMo,2025-05-03T01:27:50Z,2025-05-03,4,,False,False,2026-09-28T05:30:46.179Z
7ba1f967aa26bd6e,ChIJY1v1P_DdAWARwMvznJtMeMo,2025-05-03T01:51:56Z,2025-05-03,4,,False,False,2026-09-28T05:30:46.179Z
f54abf618188c989,ChIJY1v1P_DdAWARwMvznJtMeMo,2025-05-03T06:26:14Z,2025-05-03,5,,False,False,2026-09-28T05:30:46.179Z
d977ce5d6e101837,ChIJY1v1P_DdAWARwMvznJtMeMo,2025-05-03T06:35:23Z,2025-05-03,1,ja,True,False,2026-09-28T05:30:46.179Z
9f895703ee31f075,ChIJY1v1P_DdAWARwMvznJtMeMo,2025-05-03T09:30:50Z,2025-05-03,4,,False,False,2026-09-28T05:30:46.179Z
e6b8b410a8f8e177,ChIJY1v1P_DdAWARwMvznJtMeMo,2025-05-03T13:28:17Z,2025-05-03,5,,False,False,2026-09-28T05:30:46.179Z
a9e9002324dbdb4d,ChIJY1v1P_DdAWARwMvznJtMeMo,2025-05-03T19:48:03Z,2025-05-04,4,,False,False,2026-09-28T05:30:46.179Z
73c8e95fa75300b3,ChIJY1v1P_DdAWARwMvznJtMeMo,2025-05-03T22:37:07Z,2025-05-04,4,,False,False,2026-09-28T05:30:46.179Z
c62c5855988be8ab,ChIJY1v1P_DdAWARwMvznJtMeMo,2025-05-04T07:27:24Z,2025-05-04,5,pt,True,False,2026-09-28T05:30:46.179Z
5e6db8ca220844db,ChIJY1v1P_DdAWARwMvznJtMeMo,2025-05-04T11:19:15Z,2025-05-04,5,,False,False,2026-09-28T05:30:46.179Z
f3cadf0249f80801,ChIJY1v1P_DdAWARwMvznJtMeMo,2025-05-04T22:26:11Z,2025-05-05,4,,False,False,2026-09-28T05:30:46.179Z
1cc7941dd498d3f5,ChIJY1v1P_DdAWARwMvznJtMeMo,2025-05-05T01:40:40Z,2025-05-05,5,en,True,False,2026-09-28T05:30:46.179Z
826e314308ccc8d7,ChIJY1v1P_DdAWARwMvznJtMeMo,2025-05-05T08:23:25Z,2025-05-05,4,ja,True,False,2026-09-28T05:30:46.179Z
7431e9f87f5698c7,ChIJY1v1P_DdAWARwMvznJtMeMo,2025-05-05T11:40:12Z,2025-05-05,5,,False,False,2026-09-28T05:30:46.179Z
e390a10e00157cfe,ChIJY1v1P_DdAWARwMvznJtMeMo,2025-05-06T09:59:49Z,2025-05-06,4,ja,True,False,2026-09-28T05:30:46.179Z
82bbcedb4b3a4af5,ChIJY1v1P_DdAWARwMvznJtMeMo,2025-05-06T12:56:00Z,2025-05-06,5,,False,False,2026-09-28T05:30:46.179Z
597c6425ee9dcec2,ChIJY1v1P_DdAWARwMvznJtMeMo,2025-05-08T11:54:30Z,2025-05-08,4,ja,True,False,2026-09-28T05:30:46.179Z
a7156c90b7aa8403,ChIJY1v1P_DdAWARwMvznJtMeMo,2025-05-08T12:16:22Z,2025-05-08,5,,False,False,2026-09-28T05:30:46.179Z
e557110c6cc35048,ChIJY1v1P_DdAWARwMvznJtMeMo,2025-05-09T05:47:59Z,2025-05-09,5,,False,False,2026-09-28T05:30:46.179Z
b71553596b517b20,ChIJY1v1P_DdAWARwMvznJtMeMo,2025-05-09T11:17:47Z,2025-05-09,5,,False,False,2026-09-28T05:30:46.179Z
7d002b5722b09f3a,ChIJY1v1P_DdAWARwMvznJtMeMo,2025-05-09T22:11:47Z,2025-05-10,5,,False,False,2026-09-28T05:30:46.179Z
e15de476aae1672e,ChIJY1v1P_DdAWARwMvznJtMeMo,2025-05-09T23:33:02Z,2025-05-10,4,,False,False,2026-09-28T05:30:46.179Z
0abf1a073083867a,ChIJY1v1P_DdAWARwMvznJtMeMo,2025-05-10T13:32:43Z,2025-05-10,5,,False,False,2026-09-28T05:30:46.179Z
7d675cd12ac561b4,ChIJY1v1P_DdAWARwMvznJtMeMo,2025-05-10T13:43:09Z,2025-05-10,4,ja,True,False,2026-09-28T05:30:46.179Z
c0ba9152b88a26e2,ChIJY1v1P_DdAWARwMvznJtMeMo,2025-05-10T20:44:39Z,2025-05-11,3,ja,True,False,2026-09-28T05:30:46.179Z
3b1170f54ebcc65c,ChIJY1v1P_DdAWARwMvznJtMeMo,2025-05-11T10:40:15Z,2025-05-11,4,ja,True,False,2026-09-28T05:30:46.179Z
d2dfbbc2f503aa31,ChIJY1v1P_DdAWARwMvznJtMeMo,2025-05-11T11:56:36Z,2025-05-11,5,,False,False,2026-09-28T05:30:46.179Z
d3002d1c0801a5c4,ChIJY1v1P_DdAWARwMvznJtMeMo,2025-05-12T07:01:33Z,2025-05-12,5,,False,False,2026-09-28T05:30:46.179Z
60759d74b72752e4,ChIJY1v1P_DdAWARwMvznJtMeMo,2025-05-12T11:14:33Z,2025-05-12,5,,False,False,2026-09-28T05:30:46.179Z
fd04352a5a5b6995,ChIJY1v1P_DdAWARwMvznJtMeMo,2025-05-13T12:06:35Z,2025-05-13,3,ja,True,False,2026-09-28T05:30:46.179Z
71a7f0820cd3aad7,ChIJY1v1P_DdAWARwMvznJtMeMo,2025-05-13T14:04:41Z,2025-05-13,5,ja,True,False,2026-09-28T05:30:46.179Z
ea321f440c04b1f9,ChIJY1v1P_DdAWARwMvznJtMeMo,2025-05-14T00:08:12Z,2025-05-14,5,ja,True,False,2026-09-28T05:30:46.179Z
28a71e7537dd0888,ChIJY1v1P_DdAWARwMvznJtMeMo,2025-05-14T06:24:17Z,2025-05-14,5,,False,False,2026-09-28T05:30:46.179Z
4977cd2ebf4ee396,ChIJY1v1P_DdAWARwMvznJtMeMo,2025-05-14T16:20:39Z,2025-05-15,5,,False,False,2026-09-28T05:30:46.179Z
7790f8cef419cc0a,ChIJY1v1P_DdAWARwMvznJtMeMo,2025-05-15T05:21:02Z,2025-05-15,5,ja,True,False,2026-09-28T05:30:46.179Z
e2a746f166f2cbdc,ChIJY1v1P_DdAWARwMvznJtMeMo,2025-05-15T07:22:34Z,2025-05-15,5,,False,False,2026-09-28T05:30:46.179Z
b11bc1ce5f5a681d,ChIJY1v1P_DdAWARwMvznJtMeMo,2025-05-15T09:48:33Z,2025-05-15,5,ja,True,False,2026-09-28T05:30:46.179Z
9052ce6ab2a6216c,ChIJY1v1P_DdAWARwMvznJtMeMo,2025-05-15T13:05:02Z,2025-05-15,4,,False,False,2026-09-28T05:30:46.179Z
81da1b6b54a73720,ChIJY1v1P_DdAWARwMvznJtMeMo,2025-05-17T05:04:46Z,2025-05-17,5,,False,False,2026-09-28T05:30:46.179Z
8d4a61dacf837176,ChIJY1v1P_DdAWARwMvznJtMeMo,2025-05-17T23:25:06Z,2025-05-18,5,,False,False,2026-09-28T05:30:46.179Z
96896e6a7e89b625,ChIJY1v1P_DdAWARwMvznJtMeMo,2025-05-17T23:47:43Z,2025-05-18,3,,False,False,2026-09-28T05:30:46.179Z
04307d44bf46f07a,ChIJY1v1P_DdAWARwMvznJtMeMo,2025-05-19T03:12:07Z,2025-05-19,5,,False,False,2026-09-28T05:30:46.179Z
e640fa0fa187876c,ChIJY1v1P_DdAWARwMvznJtMeMo,2025-05-19T08:44:36Z,2025-05-19,5,zh-Hant,True,False,2026-09-28T05:30:46.179Z
dcee192bee4b0032,ChIJY1v1P_DdAWARwMvznJtMeMo,2025-05-19T11:35:17Z,2025-05-19,5,,False,False,2026-09-28T05:30:46.179Z
9e3412bcf927bdf9,ChIJY1v1P_DdAWARwMvznJtMeMo,2025-05-20T06:58:11Z,2025-05-20,4,,False,False,2026-09-28T05:30:46.179Z
76ea80bb9b8c30b2,ChIJY1v1P_DdAWARwMvznJtMeMo,2025-05-20T07:44:51Z,2025-05-20,4,ja,True,False,2026-09-28T05:30:46.179Z
c0199648a9a1e4e9,ChIJY1v1P_DdAWARwMvznJtMeMo,2025-05-21T01:10:49Z,2025-05-21,5,ja,True,False,2026-09-28T05:30:46.179Z
436960c2a70e7b62,ChIJY1v1P_DdAWARwMvznJtMeMo,2025-05-21T18:07:28Z,2025-05-22,4,ja,True,False,2026-09-28T05:30:46.179Z
741df31a36ee6d64,ChIJY1v1P_DdAWARwMvznJtMeMo,2025-05-21T19:54:59Z,2025-05-22,5,ja,True,False,2026-09-28T05:30:46.179Z
c03d39f1e248882c,ChIJY1v1P_DdAWARwMvznJtMeMo,2025-05-23T23:09:51Z,2025-05-24,4,ja,True,False,2026-09-28T05:30:46.179Z
4de5e7a57571f4e5,ChIJY1v1P_DdAWARwMvznJtMeMo,2025-05-24T08:50:32Z,2025-05-24,3,ja,True,False,2026-09-28T05:30:46.179Z
31f5483191f32be7,ChIJY1v1P_DdAWARwMvznJtMeMo,2025-05-25T13:41:40Z,2025-05-25,4,,False,False,2026-09-28T05:30:46.179Z
869b3141cb28e018,ChIJY1v1P_DdAWARwMvznJtMeMo,2025-05-26T07:11:55Z,2025-05-26,5,ja,True,False,2026-09-28T05:30:46.179Z
83dba2d4fe27258c,ChIJY1v1P_DdAWARwMvznJtMeMo,2025-05-27T07:52:30Z,2025-05-27,4,ja,True,False,2026-09-28T05:30:46.179Z
fc1555922367e4c2,ChIJY1v1P_DdAWARwMvznJtMeMo,2025-05-27T21:12:38Z,2025-05-28,4,,False,False,2026-09-28T05:30:46.179Z
5f55d81a55a901cc,ChIJY1v1P_DdAWARwMvznJtMeMo,2025-05-29T09:04:50Z,2025-05-29,5,ja,True,False,2026-09-28T05:30:46.179Z
6997d20fe50cb52f,ChIJY1v1P_DdAWARwMvznJtMeMo,2025-05-30T02:43:56Z,2025-05-30,5,ja,True,False,2026-09-28T05:30:46.179Z
4253d8172c6a895e,ChIJY1v1P_DdAWARwMvznJtMeMo,2025-05-30T03:19:30Z,2025-05-30,5,,False,False,2026-09-28T05:30:46.179Z
a999b6d71d7f9e13,ChIJY1v1P_DdAWARwMvznJtMeMo,2025-05-31T01:06:30Z,2025-05-31,4,ja,True,False,2026-09-28T05:30:46.179Z
d7759e71271c555d,ChIJY1v1P_DdAWARwMvznJtMeMo,2025-06-02T03:14:53Z,2025-06-02,4,,False,False,2026-09-28T05:30:46.179Z
39d41c386f654895,ChIJY1v1P_DdAWARwMvznJtMeMo,2025-06-04T00:46:24Z,2025-06-04,5,ja,True,False,2026-09-28T05:30:46.179Z
d812c8285a10d420,ChIJY1v1P_DdAWARwMvznJtMeMo,2025-06-05T08:02:53Z,2025-06-05,4,,False,False,2026-09-28T05:30:46.179Z
57656c94da94453c,ChIJY1v1P_DdAWARwMvznJtMeMo,2025-06-06T08:14:39Z,2025-06-06,4,,False,False,2026-09-28T05:30:46.179Z
4e13d1dc4ee64c9e,ChIJY1v1P_DdAWARwMvznJtMeMo,2025-06-07T07:20:42Z,2025-06-07,5,,False,False,2026-09-28T05:30:46.179Z
8c645b219ff11491,ChIJY1v1P_DdAWARwMvznJtMeMo,2025-06-07T17:19:57Z,2025-06-08,5,,False,False,2026-09-28T05:30:46.179Z
a351d983d3207013,ChIJY1v1P_DdAWARwMvznJtMeMo,2025-06-07T22:11:26Z,2025-06-08,3,,False,False,2026-09-28T05:30:46.179Z
34e81a8b2c548831,ChIJY1v1P_DdAWARwMvznJtMeMo,2025-06-08T10:16:39Z,2025-06-08,4,,False,False,2026-09-28T05:30:46.179Z
173946e436c095b8,ChIJY1v1P_DdAWARwMvznJtMeMo,2025-06-08T11:58:54Z,2025-06-08,4,,False,False,2026-09-28T05:30:46.179Z
1466bb8e953ed62d,ChIJY1v1P_DdAWARwMvznJtMeMo,2025-06-08T13:33:44Z,2025-06-08,5,,False,False,2026-09-28T05:30:46.179Z
04bec90f8e79f5e1,ChIJY1v1P_DdAWARwMvznJtMeMo,2025-06-09T02:33:06Z,2025-06-09,5,,False,False,2026-09-28T05:30:46.179Z
06af8d754d95ee4d,ChIJY1v1P_DdAWARwMvznJtMeMo,2025-06-09T03:33:44Z,2025-06-09,5,ja,True,False,2026-09-28T05:30:46.179Z
e516cb1b89712ee9,ChIJY1v1P_DdAWARwMvznJtMeMo,2025-06-09T13:56:17Z,2025-06-09,4,ja,True,False,2026-09-28T05:30:46.179Z
1fa7db216df2c81a,ChIJY1v1P_DdAWARwMvznJtMeMo,2025-06-10T23:59:31Z,2025-06-11,5,ja,True,False,2026-09-28T05:30:46.179Z
f8f171cdf1f360e5,ChIJY1v1P_DdAWARwMvznJtMeMo,2025-06-12T11:21:23Z,2025-06-12,5,ja,True,False,2026-09-28T05:30:46.179Z
f913af34f2e9800d,ChIJY1v1P_DdAWARwMvznJtMeMo,2025-06-13T01:30:21Z,2025-06-13,5,,False,False,2026-09-28T05:30:46.179Z
4a56c07162d46db6,ChIJY1v1P_DdAWARwMvznJtMeMo,2025-06-13T10:33:31Z,2025-06-13,5,ja,True,False,2026-09-28T05:30:46.179Z
a273e6e2fa43cd51,ChIJY1v1P_DdAWARwMvznJtMeMo,2025-06-14T02:26:44Z,2025-06-14,5,,False,False,2026-09-28T05:30:46.179Z
29f0e1aa271e1d42,ChIJY1v1P_DdAWARwMvznJtMeMo,2025-06-14T05:44:41Z,2025-06-14,4,,False,False,2026-09-28T05:30:46.179Z
d27cb14c7329f186,ChIJY1v1P_DdAWARwMvznJtMeMo,2025-06-15T23:15:16Z,2025-06-16,4,,False,False,2026-09-28T05:30:46.179Z
2050ac0daedf4fd2,ChIJY1v1P_DdAWARwMvznJtMeMo,2025-06-17T07:21:45Z,2025-06-17,5,ja,True,False,2026-09-28T05:30:46.179Z
561f62143f0b8c54,ChIJY1v1P_DdAWARwMvznJtMeMo,2025-06-18T00:03:12Z,2025-06-18,5,ja,True,False,2026-09-28T05:30:46.179Z
e1c5e998fe32544a,ChIJY1v1P_DdAWARwMvznJtMeMo,2025-06-19T07:41:37Z,2025-06-19,5,,False,False,2026-09-28T05:30:46.179Z
baba03a9d660f9f7,ChIJY1v1P_DdAWARwMvznJtMeMo,2025-06-21T12:54:34Z,2025-06-21,5,,False,False,2026-09-28T05:30:46.179Z
05ef50573ac09c88,ChIJY1v1P_DdAWARwMvznJtMeMo,2025-06-22T11:42:12Z,2025-06-22,5,,False,False,2026-09-28T05:30:46.179Z
93acfbe27aca8997,ChIJY1v1P_DdAWARwMvznJtMeMo,2025-06-22T14:14:36Z,2025-06-22,4,ja,True,False,2026-09-28T05:30:46.179Z
faf649ca27120456,ChIJY1v1P_DdAWARwMvznJtMeMo,2025-06-24T09:12:24Z,2025-06-24,5,,False,False,2026-09-28T05:30:46.179Z
0f32b482f06ad621,ChIJY1v1P_DdAWARwMvznJtMeMo,2025-06-25T07:15:04Z,2025-06-25,3,ja,True,False,2026-09-28T05:30:46.179Z
83ef6c75a2aae50c,ChIJY1v1P_DdAWARwMvznJtMeMo,2025-06-25T16:03:41Z,2025-06-26,5,,False,False,2026-09-28T05:30:46.179Z
0d5f6dedfb68c3fc,ChIJY1v1P_DdAWARwMvznJtMeMo,2025-06-25T22:05:14Z,2025-06-26,5,,False,False,2026-09-28T05:30:46.179Z
69c9f460f83c2a96,ChIJY1v1P_DdAWARwMvznJtMeMo,2025-06-26T15:10:22Z,2025-06-27,5,ja,True,False,2026-09-28T05:30:46.179Z
becbea9881305021,ChIJY1v1P_DdAWARwMvznJtMeMo,2025-06-27T02:15:08Z,2025-06-27,5,,False,False,2026-09-28T05:30:46.179Z
508fe3a3fedaf542,ChIJY1v1P_DdAWARwMvznJtMeMo,2025-06-28T11:38:45Z,2025-06-28,4,,False,False,2026-09-28T05:30:46.179Z
3a67d7df3e734637,ChIJY1v1P_DdAWARwMvznJtMeMo,2025-06-28T21:50:50Z,2025-06-29,4,,False,False,2026-09-28T05:30:46.179Z
1bb29819423d563d,ChIJY1v1P_DdAWARwMvznJtMeMo,2025-06-29T01:34:51Z,2025-06-29,5,zh-Hant,True,False,2026-09-28T05:30:46.179Z
55238bcda7044fdb,ChIJY1v1P_DdAWARwMvznJtMeMo,2025-06-29T22:44:50Z,2025-06-30,4,,False,False,2026-09-28T05:30:46.179Z
de59e836fc886b35,ChIJY1v1P_DdAWARwMvznJtMeMo,2025-06-30T06:00:26Z,2025-06-30,4,ja,True,False,2026-09-28T05:30:46.179Z
6b739baf7a7f8445,ChIJY1v1P_DdAWARwMvznJtMeMo,2025-06-30T23:42:17Z,2025-07-01,5,ja,True,False,2026-09-28T05:30:46.179Z
db4d185674fdf47f,ChIJY1v1P_DdAWARwMvznJtMeMo,2025-07-01T21:49:53Z,2025-07-02,5,,False,False,2026-09-28T05:30:46.179Z
a1c59904919be3c5,ChIJY1v1P_DdAWARwMvznJtMeMo,2025-07-02T09:29:14Z,2025-07-02,3,,False,False,2026-09-28T05:30:46.179Z
3495c88774a6515e,ChIJY1v1P_DdAWARwMvznJtMeMo,2025-07-02T10:04:18Z,2025-07-02,4,,False,False,2026-09-28T05:30:46.179Z
aeff17716c459fc2,ChIJY1v1P_DdAWARwMvznJtMeMo,2025-07-05T04:51:02Z,2025-07-05,3,,False,False,2026-09-28T05:30:46.179Z
00a3280921b7fad4,ChIJY1v1P_DdAWARwMvznJtMeMo,2025-07-06T03:38:26Z,2025-07-06,4,,False,False,2026-09-28T05:30:46.179Z
e79d608a32e3e42b,ChIJY1v1P_DdAWARwMvznJtMeMo,2025-07-07T06:42:33Z,2025-07-07,5,,False,False,2026-09-28T05:30:46.179Z
4bf5fe27b7727224,ChIJY1v1P_DdAWARwMvznJtMeMo,2025-07-07T06:53:04Z,2025-07-07,5,,False,False,2026-09-28T05:30:46.179Z
62f0a65b965017ec,ChIJY1v1P_DdAWARwMvznJtMeMo,2025-07-07T09:57:44Z,2025-07-07,4,,False,False,2026-09-28T05:30:46.179Z
c866fa5c2717c6d8,ChIJY1v1P_DdAWARwMvznJtMeMo,2025-07-07T12:18:06Z,2025-07-07,4,ja,True,False,2026-09-28T05:30:46.179Z
1c4b483bd7b3762c,ChIJY1v1P_DdAWARwMvznJtMeMo,2025-07-08T09:59:59Z,2025-07-08,5,ja,True,False,2026-09-28T05:30:46.179Z
1114b448d8197179,ChIJY1v1P_DdAWARwMvznJtMeMo,2025-07-09T00:49:07Z,2025-07-09,5,,False,False,2026-09-28T05:30:46.179Z
173137a8c409c7bd,ChIJY1v1P_DdAWARwMvznJtMeMo,2025-07-11T07:28:12Z,2025-07-11,5,,False,False,2026-09-28T05:30:46.179Z
8210d10c420646f0,ChIJY1v1P_DdAWARwMvznJtMeMo,2025-07-12T11:04:21Z,2025-07-12,4,ja,True,False,2026-09-28T05:30:46.179Z
c4ca1a9f5997ad13,ChIJY1v1P_DdAWARwMvznJtMeMo,2025-07-12T12:55:10Z,2025-07-12,4,ja,True,False,2026-09-28T05:30:46.179Z
472ca163d521714d,ChIJY1v1P_DdAWARwMvznJtMeMo,2025-07-12T22:10:42Z,2025-07-13,4,,False,False,2026-09-28T05:30:46.179Z
60a8cf13459116aa,ChIJY1v1P_DdAWARwMvznJtMeMo,2025-07-13T03:37:36Z,2025-07-13,4,,False,False,2026-09-28T05:30:46.179Z
29f1fba9c2913559,ChIJY1v1P_DdAWARwMvznJtMeMo,2025-07-13T12:03:33Z,2025-07-13,5,ja,True,False,2026-09-28T05:30:46.179Z
52c444772b557ee7,ChIJY1v1P_DdAWARwMvznJtMeMo,2025-07-13T12:21:58Z,2025-07-13,5,,False,False,2026-09-28T05:30:46.179Z
5eb49f1c65909236,ChIJY1v1P_DdAWARwMvznJtMeMo,2025-07-14T09:35:44Z,2025-07-14,4,,False,False,2026-09-28T05:30:46.179Z
22e4fd426ac3389f,ChIJY1v1P_DdAWARwMvznJtMeMo,2025-07-15T04:26:29Z,2025-07-15,4,,False,False,2026-09-28T05:30:46.179Z
96ccb506e3eff297,ChIJY1v1P_DdAWARwMvznJtMeMo,2025-07-15T20:17:39Z,2025-07-16,3,,False,False,2026-09-28T05:30:46.179Z
dfe0bf5895dafe3e,ChIJY1v1P_DdAWARwMvznJtMeMo,2025-07-16T08:54:18Z,2025-07-16,4,,False,False,2026-09-28T05:30:46.179Z
c9650fc9af4d17d0,ChIJY1v1P_DdAWARwMvznJtMeMo,2025-07-16T13:44:54Z,2025-07-16,4,ja,True,False,2026-09-28T05:30:46.179Z
dac370862f466b32,ChIJY1v1P_DdAWARwMvznJtMeMo,2025-07-16T13:55:39Z,2025-07-16,5,ja,True,False,2026-09-28T05:30:46.179Z
ae58c5476e89f04c,ChIJY1v1P_DdAWARwMvznJtMeMo,2025-07-17T05:21:30Z,2025-07-17,5,,False,False,2026-09-28T05:30:46.179Z
2f67c336c7c0a046,ChIJY1v1P_DdAWARwMvznJtMeMo,2025-07-19T00:23:46Z,2025-07-19,5,,False,False,2026-09-28T05:30:46.179Z
76b1cb37d44e702f,ChIJY1v1P_DdAWARwMvznJtMeMo,2025-07-19T06:45:13Z,2025-07-19,4,ja,True,False,2026-09-28T05:30:46.179Z
16ad7a324548c592,ChIJY1v1P_DdAWARwMvznJtMeMo,2025-07-20T04:02:05Z,2025-07-20,5,ja,True,False,2026-09-28T05:30:46.179Z
fcc5689e63512f47,ChIJY1v1P_DdAWARwMvznJtMeMo,2025-07-20T08:18:11Z,2025-07-20,4,ja,True,False,2026-09-28T05:30:46.179Z
4efb8af376eac8c3,ChIJY1v1P_DdAWARwMvznJtMeMo,2025-07-21T03:03:32Z,2025-07-21,5,,False,False,2026-09-28T05:30:46.179Z
d0f41c6184982d47,ChIJY1v1P_DdAWARwMvznJtMeMo,2025-07-21T04:19:12Z,2025-07-21,4,,False,False,2026-09-28T05:30:46.179Z
9d98dda7231400a0,ChIJY1v1P_DdAWARwMvznJtMeMo,2025-07-22T12:04:45Z,2025-07-22,5,ja,True,False,2026-09-28T05:30:46.179Z
8aad2b8f9384c0c2,ChIJY1v1P_DdAWARwMvznJtMeMo,2025-07-23T07:16:55Z,2025-07-23,4,,False,False,2026-09-28T05:30:46.179Z
d43f3f3fd26656b4,ChIJY1v1P_DdAWARwMvznJtMeMo,2025-07-23T07:18:49Z,2025-07-23,5,ja,True,False,2026-09-28T05:30:46.179Z
5848f4d1b148776d,ChIJY1v1P_DdAWARwMvznJtMeMo,2025-07-24T03:30:16Z,2025-07-24,3,ja,True,False,2026-09-28T05:30:46.179Z
234c26765720211a,ChIJY1v1P_DdAWARwMvznJtMeMo,2025-07-25T10:44:49Z,2025-07-25,4,,False,False,2026-09-28T05:30:46.179Z
dca32f576c87415f,ChIJY1v1P_DdAWARwMvznJtMeMo,2025-07-26T09:24:53Z,2025-07-26,5,,False,False,2026-09-28T05:30:46.179Z
36f990f0426a8a6e,ChIJY1v1P_DdAWARwMvznJtMeMo,2025-07-27T02:48:33Z,2025-07-27,5,,False,False,2026-09-28T05:30:46.179Z
67deaf829465356c,ChIJY1v1P_DdAWARwMvznJtMeMo,2025-07-27T05:53:12Z,2025-07-27,4,,False,False,2026-09-28T05:30:46.179Z
637c3995d6b331fc,ChIJY1v1P_DdAWARwMvznJtMeMo,2025-07-28T02:14:00Z,2025-07-28,4,ja,True,False,2026-09-28T05:30:46.179Z
9e4db992bf9386c5,ChIJY1v1P_DdAWARwMvznJtMeMo,2025-07-28T06:57:44Z,2025-07-28,4,ja,True,False,2026-09-28T05:30:46.179Z
00a565e150cef0fe,ChIJY1v1P_DdAWARwMvznJtMeMo,2025-07-28T15:21:13Z,2025-07-29,5,ja,True,False,2026-09-28T05:30:46.179Z
e02c278af01fabd1,ChIJY1v1P_DdAWARwMvznJtMeMo,2025-07-29T05:52:38Z,2025-07-29,5,ja,True,False,2026-09-28T05:30:46.179Z
bc8d405ce12a06f5,ChIJY1v1P_DdAWARwMvznJtMeMo,2025-07-30T10:19:41Z,2025-07-30,5,ja,True,False,2026-09-28T05:30:46.179Z
59de0c4c5a9682d4,ChIJY1v1P_DdAWARwMvznJtMeMo,2025-07-31T02:44:40Z,2025-07-31,4,ja,True,False,2026-09-28T05:30:46.179Z
4309feb2f289c928,ChIJY1v1P_DdAWARwMvznJtMeMo,2025-07-31T03:04:38Z,2025-07-31,5,ja,True,False,2026-09-28T05:30:46.179Z
c1d3545e613d2885,ChIJY1v1P_DdAWARwMvznJtMeMo,2025-07-31T06:40:19Z,2025-07-31,5,ja,True,False,2026-09-28T05:30:46.179Z
ffced1d3efd41b32,ChIJY1v1P_DdAWARwMvznJtMeMo,2025-08-01T08:38:48Z,2025-08-01,5,,False,False,2026-09-28T05:30:46.179Z
74afcea03205fbda,ChIJY1v1P_DdAWARwMvznJtMeMo,2025-08-01T19:40:47Z,2025-08-02,4,,False,False,2026-09-28T05:30:46.179Z
3cf26179b8e918d5,ChIJY1v1P_DdAWARwMvznJtMeMo,2025-08-02T08:12:43Z,2025-08-02,5,ja,True,False,2026-09-28T05:30:46.179Z
012ec1283f8a85dc,ChIJY1v1P_DdAWARwMvznJtMeMo,2025-08-03T00:07:16Z,2025-08-03,4,ja,True,False,2026-09-28T05:30:46.179Z
1c19cec954175b71,ChIJY1v1P_DdAWARwMvznJtMeMo,2025-08-03T04:35:58Z,2025-08-03,4,,False,False,2026-09-28T05:30:46.179Z
27fd6d00b73b4eed,ChIJY1v1P_DdAWARwMvznJtMeMo,2025-08-03T11:02:53Z,2025-08-03,5,ja,True,False,2026-09-28T05:30:46.179Z
238afa638dfcf48c,ChIJY1v1P_DdAWARwMvznJtMeMo,2025-08-04T11:21:17Z,2025-08-04,3,ja,True,False,2026-09-28T05:30:46.179Z
c3c390faa595533c,ChIJY1v1P_DdAWARwMvznJtMeMo,2025-08-04T23:54:50Z,2025-08-05,5,,False,False,2026-09-28T05:30:46.179Z
90fad3f788f62ad9,ChIJY1v1P_DdAWARwMvznJtMeMo,2025-08-05T02:40:08Z,2025-08-05,5,,False,False,2026-09-28T05:30:46.179Z
bb3dbdc41241505b,ChIJY1v1P_DdAWARwMvznJtMeMo,2025-08-06T01:09:21Z,2025-08-06,3,ja,True,False,2026-09-28T05:30:46.179Z
ff5880630b96c546,ChIJY1v1P_DdAWARwMvznJtMeMo,2025-08-06T05:25:18Z,2025-08-06,4,ja,True,False,2026-09-28T05:30:46.179Z
9e076dc1d3e79652,ChIJY1v1P_DdAWARwMvznJtMeMo,2025-08-07T08:35:43Z,2025-08-07,3,ja,True,False,2026-09-28T05:30:46.179Z
bfbc317d17cf2328,ChIJY1v1P_DdAWARwMvznJtMeMo,2025-08-07T12:24:55Z,2025-08-07,4,,False,False,2026-09-28T05:30:46.179Z
6b48ab522879e415,ChIJY1v1P_DdAWARwMvznJtMeMo,2025-08-08T08:25:30Z,2025-08-08,4,ja,True,False,2026-09-28T05:30:46.179Z
f402f2f5d439ec41,ChIJY1v1P_DdAWARwMvznJtMeMo,2025-08-09T01:58:49Z,2025-08-09,5,,False,False,2026-09-28T05:30:46.179Z
0f16572ec93f2a53,ChIJY1v1P_DdAWARwMvznJtMeMo,2025-08-09T02:44:10Z,2025-08-09,2,,False,False,2026-09-28T05:30:46.179Z
74004c85ee619bc4,ChIJY1v1P_DdAWARwMvznJtMeMo,2025-08-09T11:41:02Z,2025-08-09,5,,False,False,2026-09-28T05:30:46.179Z
04c9a515e29e9b98,ChIJY1v1P_DdAWARwMvznJtMeMo,2025-08-09T13:26:35Z,2025-08-09,3,,False,False,2026-09-28T05:30:46.179Z
336a0bb51ae70271,ChIJY1v1P_DdAWARwMvznJtMeMo,2025-08-09T14:09:57Z,2025-08-09,4,,False,False,2026-09-28T05:30:46.179Z
0744b8da709922a5,ChIJY1v1P_DdAWARwMvznJtMeMo,2025-08-09T22:57:28Z,2025-08-10,5,ja,True,False,2026-09-28T05:30:46.179Z
01a979ef6adaa7ca,ChIJY1v1P_DdAWARwMvznJtMeMo,2025-08-10T00:44:47Z,2025-08-10,5,ja,True,False,2026-09-28T05:30:46.179Z
cf6768c94cc604d7,ChIJY1v1P_DdAWARwMvznJtMeMo,2025-08-11T11:24:29Z,2025-08-11,5,,False,False,2026-09-28T05:30:46.179Z
e91d61ffc51d0cc3,ChIJY1v1P_DdAWARwMvznJtMeMo,2025-08-11T21:49:39Z,2025-08-12,5,en,True,False,2026-09-28T05:30:46.179Z
5b70d7a9df61c84c,ChIJY1v1P_DdAWARwMvznJtMeMo,2025-08-12T23:15:27Z,2025-08-13,5,,False,False,2026-09-28T05:30:46.179Z
9a7c5f01428a9e96,ChIJY1v1P_DdAWARwMvznJtMeMo,2025-08-13T07:34:30Z,2025-08-13,5,,False,False,2026-09-28T05:30:46.179Z
2f301856380594a3,ChIJY1v1P_DdAWARwMvznJtMeMo,2025-08-13T10:07:59Z,2025-08-13,3,,False,False,2026-09-28T05:30:46.179Z
f56baee2ee0a40f6,ChIJY1v1P_DdAWARwMvznJtMeMo,2025-08-13T11:30:59Z,2025-08-13,4,ja,True,False,2026-09-28T05:30:46.179Z
8e7ab226a15e669d,ChIJY1v1P_DdAWARwMvznJtMeMo,2025-08-13T13:02:22Z,2025-08-13,5,ja,True,False,2026-09-28T05:30:46.179Z
faa6fa7e8ed53939,ChIJY1v1P_DdAWARwMvznJtMeMo,2025-08-13T13:17:39Z,2025-08-13,4,,False,False,2026-09-28T05:30:46.179Z
5e3b41c6d72a37f0,ChIJY1v1P_DdAWARwMvznJtMeMo,2025-08-14T02:25:05Z,2025-08-14,5,ja,True,False,2026-09-28T05:30:46.179Z
81561d01c06fc9cc,ChIJY1v1P_DdAWARwMvznJtMeMo,2025-08-14T07:09:20Z,2025-08-14,4,ja,True,False,2026-09-28T05:30:46.179Z
e7675914cc298947,ChIJY1v1P_DdAWARwMvznJtMeMo,2025-08-14T21:36:12Z,2025-08-15,2,,False,False,2026-09-28T05:30:46.179Z
bd4887efdfc0d3f9,ChIJY1v1P_DdAWARwMvznJtMeMo,2025-08-15T01:00:58Z,2025-08-15,4,ja,True,False,2026-09-28T05:30:46.179Z
1fc9bb81c1145705,ChIJY1v1P_DdAWARwMvznJtMeMo,2025-08-15T01:57:52Z,2025-08-15,4,ja,True,False,2026-09-28T05:30:46.179Z
a776b6d4a03eff8d,ChIJY1v1P_DdAWARwMvznJtMeMo,2025-08-15T03:00:32Z,2025-08-15,5,ja,True,False,2026-09-28T05:30:46.179Z
f5b68f9989f2bde3,ChIJY1v1P_DdAWARwMvznJtMeMo,2025-08-15T06:23:01Z,2025-08-15,5,,False,False,2026-09-28T05:30:46.179Z
ab948a6deb34835d,ChIJY1v1P_DdAWARwMvznJtMeMo,2025-08-15T11:55:43Z,2025-08-15,4,,False,False,2026-09-28T05:30:46.179Z
27a2d8cef8c5f97c,ChIJY1v1P_DdAWARwMvznJtMeMo,2025-08-15T11:56:49Z,2025-08-15,5,ja,True,False,2026-09-28T05:30:46.179Z
762ea898fc0c2879,ChIJY1v1P_DdAWARwMvznJtMeMo,2025-08-16T06:54:54Z,2025-08-16,2,ja,True,False,2026-09-28T05:30:46.179Z
94b12f8ccd2dc6d5,ChIJY1v1P_DdAWARwMvznJtMeMo,2025-08-16T09:55:44Z,2025-08-16,4,ja,True,False,2026-09-28T05:30:46.179Z
93f27c740f5c8cfb,ChIJY1v1P_DdAWARwMvznJtMeMo,2025-08-16T11:13:08Z,2025-08-16,4,,False,False,2026-09-28T05:30:46.179Z
753de9a1019bf904,ChIJY1v1P_DdAWARwMvznJtMeMo,2025-08-17T01:03:01Z,2025-08-17,4,ja,True,False,2026-09-28T05:30:46.179Z
dde74627d25d5522,ChIJY1v1P_DdAWARwMvznJtMeMo,2025-08-17T05:52:32Z,2025-08-17,4,,False,False,2026-09-28T05:30:46.179Z
603eed9056ab393f,ChIJY1v1P_DdAWARwMvznJtMeMo,2025-08-17T11:29:56Z,2025-08-17,5,,False,False,2026-09-28T05:30:46.179Z
06f5bfa057a1bc1f,ChIJY1v1P_DdAWARwMvznJtMeMo,2025-08-17T12:32:08Z,2025-08-17,5,ja,True,False,2026-09-28T05:30:46.179Z
eda4af34173dfe9b,ChIJY1v1P_DdAWARwMvznJtMeMo,2025-08-19T08:04:13Z,2025-08-19,5,ja,True,False,2026-09-28T05:30:46.179Z
f36174432fd8b566,ChIJY1v1P_DdAWARwMvznJtMeMo,2025-08-19T12:25:37Z,2025-08-19,4,ja,True,False,2026-09-28T05:30:46.179Z
c95a7a334a029883,ChIJY1v1P_DdAWARwMvznJtMeMo,2025-08-20T00:35:50Z,2025-08-20,5,ja,True,False,2026-09-28T05:30:46.179Z
a49f49a1856acc1a,ChIJY1v1P_DdAWARwMvznJtMeMo,2025-08-20T09:07:07Z,2025-08-20,5,,False,False,2026-09-28T05:30:46.179Z
cea571a10f355e12,ChIJY1v1P_DdAWARwMvznJtMeMo,2025-08-20T12:41:24Z,2025-08-20,4,ja,True,False,2026-09-28T05:30:46.179Z
7a8688d55f7aa372,ChIJY1v1P_DdAWARwMvznJtMeMo,2025-08-20T13:11:57Z,2025-08-20,5,ja,True,False,2026-09-28T05:30:46.179Z
0a123b9ac920c938,ChIJY1v1P_DdAWARwMvznJtMeMo,2025-08-20T13:13:33Z,2025-08-20,5,ja,True,False,2026-09-28T05:30:46.179Z
0574d1764e6cf7d1,ChIJY1v1P_DdAWARwMvznJtMeMo,2025-08-23T01:06:17Z,2025-08-23,4,,False,False,2026-09-28T05:30:46.179Z
869e85f43a474219,ChIJY1v1P_DdAWARwMvznJtMeMo,2025-08-24T03:32:04Z,2025-08-24,5,ja,True,False,2026-09-28T05:30:46.179Z
612081ea00dc7513,ChIJY1v1P_DdAWARwMvznJtMeMo,2025-08-24T15:00:53Z,2025-08-25,5,ja,True,False,2026-09-28T05:30:46.179Z
a8a51d5c522a001b,ChIJY1v1P_DdAWARwMvznJtMeMo,2025-08-24T23:59:48Z,2025-08-25,5,,False,False,2026-09-28T05:30:46.179Z
ab0fa93aea425fe9,ChIJY1v1P_DdAWARwMvznJtMeMo,2025-08-25T21:40:02Z,2025-08-26,5,ja,True,False,2026-09-28T05:30:46.179Z
c8fc778ba4c94a72,ChIJY1v1P_DdAWARwMvznJtMeMo,2025-08-28T07:02:52Z,2025-08-28,4,,False,False,2026-09-28T05:30:46.179Z
2fccb21b9bcdb345,ChIJY1v1P_DdAWARwMvznJtMeMo,2025-08-28T09:14:17Z,2025-08-28,4,ja,True,False,2026-09-28T05:30:46.179Z
844883c1b3bc3457,ChIJY1v1P_DdAWARwMvznJtMeMo,2025-08-28T13:09:20Z,2025-08-28,5,,False,False,2026-09-28T05:30:46.179Z
86debc90faa89301,ChIJY1v1P_DdAWARwMvznJtMeMo,2025-08-28T14:46:53Z,2025-08-28,4,vi,True,False,2026-09-28T05:30:46.179Z
24f321aa4244f474,ChIJY1v1P_DdAWARwMvznJtMeMo,2025-08-29T08:02:25Z,2025-08-29,5,zh-Hant,True,False,2026-09-28T05:30:46.179Z
53b825e002af55b6,ChIJY1v1P_DdAWARwMvznJtMeMo,2025-08-31T03:47:01Z,2025-08-31,5,,False,False,2026-09-28T05:30:46.179Z
39a420609729dc93,ChIJY1v1P_DdAWARwMvznJtMeMo,2025-08-31T05:25:09Z,2025-08-31,3,,False,False,2026-09-28T05:30:46.179Z
312852fe8ae22011,ChIJY1v1P_DdAWARwMvznJtMeMo,2025-08-31T07:22:05Z,2025-08-31,5,,False,False,2026-09-28T05:30:46.179Z
1f35169aaf7f5399,ChIJY1v1P_DdAWARwMvznJtMeMo,2025-08-31T23:37:05Z,2025-09-01,5,pt,True,False,2026-09-28T05:30:46.179Z
8fa1305acad7b376,ChIJY1v1P_DdAWARwMvznJtMeMo,2025-09-01T12:25:17Z,2025-09-01,5,ja,True,False,2026-09-28T05:30:46.179Z
1e75a853cfffd262,ChIJY1v1P_DdAWARwMvznJtMeMo,2025-09-01T16:27:20Z,2025-09-02,5,,False,False,2026-09-28T05:30:46.179Z
67716bca34f96f8d,ChIJY1v1P_DdAWARwMvznJtMeMo,2025-09-02T03:15:37Z,2025-09-02,5,ja,True,False,2026-09-28T05:30:46.179Z
1aab8242ba812c38,ChIJY1v1P_DdAWARwMvznJtMeMo,2025-09-02T08:13:19Z,2025-09-02,5,ja,True,False,2026-09-28T05:30:46.179Z
f9ca7ce71792b749,ChIJY1v1P_DdAWARwMvznJtMeMo,2025-09-02T10:25:32Z,2025-09-02,5,,False,False,2026-09-28T05:30:46.179Z
67b4e05d508d5d82,ChIJY1v1P_DdAWARwMvznJtMeMo,2025-09-03T18:35:53Z,2025-09-04,4,,False,False,2026-09-28T05:30:46.179Z
6367937f73f6c268,ChIJY1v1P_DdAWARwMvznJtMeMo,2025-09-04T23:37:53Z,2025-09-05,5,,False,False,2026-09-28T05:30:46.179Z
3f088b0f47ce1f1b,ChIJY1v1P_DdAWARwMvznJtMeMo,2025-09-04T23:54:40Z,2025-09-05,4,ja,True,False,2026-09-28T05:30:46.179Z
aeb8a419825466ad,ChIJY1v1P_DdAWARwMvznJtMeMo,2025-09-05T00:45:19Z,2025-09-05,5,ja,True,False,2026-09-28T05:30:46.179Z
b48121826fc28b99,ChIJY1v1P_DdAWARwMvznJtMeMo,2025-09-06T03:56:28Z,2025-09-06,5,ja,True,False,2026-09-28T05:30:46.179Z
e1ff458ce87ef3ef,ChIJY1v1P_DdAWARwMvznJtMeMo,2025-09-06T11:23:52Z,2025-09-06,4,ja,True,False,2026-09-28T05:30:46.179Z
96eb3e5a6750babe,ChIJY1v1P_DdAWARwMvznJtMeMo,2025-09-06T12:28:38Z,2025-09-06,5,ja,True,False,2026-09-28T05:30:46.179Z
58b797f43f94ddcc,ChIJY1v1P_DdAWARwMvznJtMeMo,2025-09-06T12:50:46Z,2025-09-06,5,,False,False,2026-09-28T05:30:46.179Z
7596e1c92ddb1a24,ChIJY1v1P_DdAWARwMvznJtMeMo,2025-09-07T14:20:02Z,2025-09-07,2,ja,True,False,2026-09-28T05:30:46.179Z
e8f3846b57692f31,ChIJY1v1P_DdAWARwMvznJtMeMo,2025-09-08T04:42:53Z,2025-09-08,5,,False,False,2026-09-28T05:30:46.179Z
df2484665d5e8b6e,ChIJY1v1P_DdAWARwMvznJtMeMo,2025-09-08T12:47:12Z,2025-09-08,4,,False,False,2026-09-28T05:30:46.179Z
794eb011c2db3db6,ChIJY1v1P_DdAWARwMvznJtMeMo,2025-09-08T17:02:24Z,2025-09-09,3,,False,False,2026-09-28T05:30:46.179Z
127cbb27b2ac30ab,ChIJY1v1P_DdAWARwMvznJtMeMo,2025-09-09T05:02:11Z,2025-09-09,2,,False,False,2026-09-28T05:30:46.179Z
6efefb7b8ce30eb2,ChIJY1v1P_DdAWARwMvznJtMeMo,2025-09-10T01:28:09Z,2025-09-10,5,,False,False,2026-09-28T05:30:46.179Z
7e49c9a9569d0f7f,ChIJY1v1P_DdAWARwMvznJtMeMo,2025-09-10T05:57:08Z,2025-09-10,4,,False,False,2026-09-28T05:30:46.179Z
4a53b8e91f35ece8,ChIJY1v1P_DdAWARwMvznJtMeMo,2025-09-10T07:33:04Z,2025-09-10,5,ja,True,False,2026-09-28T05:30:46.179Z
595474375dee32d8,ChIJY1v1P_DdAWARwMvznJtMeMo,2025-09-11T08:55:21Z,2025-09-11,5,,False,False,2026-09-28T05:30:46.179Z
56897edfabb33484,ChIJY1v1P_DdAWARwMvznJtMeMo,2025-09-15T07:16:18Z,2025-09-15,5,ja,True,False,2026-09-28T05:30:46.179Z
c55d13f85d6f1823,ChIJY1v1P_DdAWARwMvznJtMeMo,2025-09-15T13:50:53Z,2025-09-15,4,ja,True,False,2026-09-28T05:30:46.179Z
fed88d5b96eccae6,ChIJY1v1P_DdAWARwMvznJtMeMo,2025-09-15T19:20:04Z,2025-09-16,5,ja,True,False,2026-09-28T05:30:46.179Z
d0fd8cdc55856100,ChIJY1v1P_DdAWARwMvznJtMeMo,2025-09-15T22:19:49Z,2025-09-16,4,,False,False,2026-09-28T05:30:46.179Z
7a56c1311870c6d1,ChIJY1v1P_DdAWARwMvznJtMeMo,2025-09-17T01:11:36Z,2025-09-17,5,,False,False,2026-09-28T05:30:46.179Z
5730b532d244c596,ChIJY1v1P_DdAWARwMvznJtMeMo,2025-09-18T19:57:41Z,2025-09-19,5,,False,False,2026-09-28T05:30:46.179Z
51e5ad5518177e3c,ChIJY1v1P_DdAWARwMvznJtMeMo,2025-09-21T14:24:36Z,2025-09-21,4,,False,False,2026-09-28T05:30:46.179Z
c4620b5670dbaa3a,ChIJY1v1P_DdAWARwMvznJtMeMo,2025-09-22T01:05:51Z,2025-09-22,5,,False,False,2026-09-28T05:30:46.179Z
d1b6ee32939164a3,ChIJY1v1P_DdAWARwMvznJtMeMo,2025-09-22T10:52:53Z,2025-09-22,3,,False,False,2026-09-28T05:30:46.179Z
dbe5690529077ef7,ChIJY1v1P_DdAWARwMvznJtMeMo,2025-09-22T22:39:23Z,2025-09-23,5,ja,True,False,2026-09-28T05:30:46.179Z
53058a481ad521a7,ChIJY1v1P_DdAWARwMvznJtMeMo,2025-09-23T04:28:04Z,2025-09-23,5,,False,False,2026-09-28T05:30:46.179Z
868dce51c1bd4f92,ChIJY1v1P_DdAWARwMvznJtMeMo,2025-09-23T09:45:09Z,2025-09-23,4,,False,False,2026-09-28T05:30:46.179Z
0c3bdd6f1fa969a6,ChIJY1v1P_DdAWARwMvznJtMeMo,2025-09-23T13:30:28Z,2025-09-23,4,ja,True,False,2026-09-28T05:30:46.179Z
438b76d90488c949,ChIJY1v1P_DdAWARwMvznJtMeMo,2025-09-23T14:34:22Z,2025-09-23,5,,False,False,2026-09-28T05:30:46.179Z
8afb2a79f8de8529,ChIJY1v1P_DdAWARwMvznJtMeMo,2025-09-24T01:56:07Z,2025-09-24,4,,False,False,2026-09-28T05:30:46.179Z
7bfcc17b0a9c75e5,ChIJY1v1P_DdAWARwMvznJtMeMo,2025-09-24T12:03:52Z,2025-09-24,4,,False,False,2026-09-28T05:30:46.179Z
2393dc9a5c21bd25,ChIJY1v1P_DdAWARwMvznJtMeMo,2025-09-24T15:59:36Z,2025-09-25,4,,False,False,2026-09-28T05:30:46.179Z
622795dc3a19dd99,ChIJY1v1P_DdAWARwMvznJtMeMo,2025-09-26T03:48:50Z,2025-09-26,5,,False,False,2026-09-28T05:30:46.179Z
6a5a351b4c2bffe3,ChIJY1v1P_DdAWARwMvznJtMeMo,2025-09-26T11:09:13Z,2025-09-26,5,,False,False,2026-09-28T05:30:46.179Z
4be242a8b8fc0222,ChIJY1v1P_DdAWARwMvznJtMeMo,2025-09-26T22:31:40Z,2025-09-27,4,ja,True,False,2026-09-28T05:30:46.179Z
c68dbe714948eacf,ChIJY1v1P_DdAWARwMvznJtMeMo,2025-09-28T05:57:38Z,2025-09-28,5,ja,True,False,2026-09-28T05:30:46.179Z
e9e5d805e6a46e36,ChIJY1v1P_DdAWARwMvznJtMeMo,2025-09-28T12:45:05Z,2025-09-28,5,,False,False,2026-09-28T05:30:46.179Z
3b3691daec27a0bc,ChIJY1v1P_DdAWARwMvznJtMeMo,2025-09-28T15:12:41Z,2025-09-29,3,,False,False,2026-09-28T05:30:46.179Z
8ce680ea862dc6e5,ChIJY1v1P_DdAWARwMvznJtMeMo,2025-09-28T22:45:46Z,2025-09-29,5,en,True,False,2026-09-28T05:30:46.179Z
154fca03b6149570,ChIJY1v1P_DdAWARwMvznJtMeMo,2025-09-29T00:39:18Z,2025-09-29,5,ja,True,False,2026-09-28T05:30:46.179Z
1f9c60fd7f4384ec,ChIJY1v1P_DdAWARwMvznJtMeMo,2025-09-30T00:47:27Z,2025-09-30,5,ja,True,False,2026-09-28T05:30:46.179Z
2797bbbae605292f,ChIJY1v1P_DdAWARwMvznJtMeMo,2025-09-30T07:01:54Z,2025-09-30,5,,False,False,2026-09-28T05:30:46.179Z
cf4be22464969657,ChIJY1v1P_DdAWARwMvznJtMeMo,2025-09-30T07:03:07Z,2025-09-30,5,ja,True,False,2026-09-28T05:30:46.179Z
e694080c2366b305,ChIJY1v1P_DdAWARwMvznJtMeMo,2025-10-01T04:25:01Z,2025-10-01,4,ja,True,False,2026-09-28T05:30:46.179Z
082fbcb7282af0b1,ChIJY1v1P_DdAWARwMvznJtMeMo,2025-10-01T23:01:57Z,2025-10-02,5,,False,False,2026-09-28T05:30:46.179Z
5887f2ef4449fdba,ChIJY1v1P_DdAWARwMvznJtMeMo,2025-10-02T01:44:59Z,2025-10-02,5,ja,True,False,2026-09-28T05:30:46.179Z
93ba8f86a6437e38,ChIJY1v1P_DdAWARwMvznJtMeMo,2025-10-03T21:56:19Z,2025-10-04,3,,False,False,2026-09-28T05:30:46.179Z
e32f6e954d5482cd,ChIJY1v1P_DdAWARwMvznJtMeMo,2025-10-04T01:21:01Z,2025-10-04,4,,False,False,2026-09-28T05:30:46.179Z
eace3b52f71c09d1,ChIJY1v1P_DdAWARwMvznJtMeMo,2025-10-05T16:21:14Z,2025-10-06,5,ja,True,False,2026-09-28T05:30:46.179Z
24d7b65c087868cb,ChIJY1v1P_DdAWARwMvznJtMeMo,2025-10-06T11:34:46Z,2025-10-06,5,ja,True,False,2026-09-28T05:30:46.179Z
36f373684d36fcb4,ChIJY1v1P_DdAWARwMvznJtMeMo,2025-10-09T04:31:53Z,2025-10-09,5,,False,False,2026-09-28T05:30:46.179Z
356ea08bf7a7a07c,ChIJY1v1P_DdAWARwMvznJtMeMo,2025-10-09T22:11:04Z,2025-10-10,4,ja,True,False,2026-09-28T05:30:46.179Z
1256338676264ae6,ChIJY1v1P_DdAWARwMvznJtMeMo,2025-10-10T03:36:49Z,2025-10-10,4,,False,False,2026-09-28T05:30:46.179Z
8b80c43f9afad02a,ChIJY1v1P_DdAWARwMvznJtMeMo,2025-10-10T10:52:48Z,2025-10-10,5,ja,True,False,2026-09-28T05:30:46.179Z
34b46212952ed079,ChIJY1v1P_DdAWARwMvznJtMeMo,2025-10-11T10:52:00Z,2025-10-11,5,,False,False,2026-09-28T05:30:46.179Z
6accdbe798506d94,ChIJY1v1P_DdAWARwMvznJtMeMo,2025-10-12T07:18:28Z,2025-10-12,5,en,True,False,2026-09-28T05:30:46.179Z
f3e30a16430633e8,ChIJY1v1P_DdAWARwMvznJtMeMo,2025-10-12T12:54:21Z,2025-10-12,5,en,True,False,2026-09-28T05:30:46.179Z
01ed542250ae1825,ChIJY1v1P_DdAWARwMvznJtMeMo,2025-10-12T23:50:46Z,2025-10-13,5,,False,False,2026-09-28T05:30:46.179Z
e45f7e66fd835b2b,ChIJY1v1P_DdAWARwMvznJtMeMo,2025-10-13T12:02:40Z,2025-10-13,5,,False,False,2026-09-28T05:30:46.179Z
11bf8c028e7358c7,ChIJY1v1P_DdAWARwMvznJtMeMo,2025-10-13T23:35:59Z,2025-10-14,5,,False,False,2026-09-28T05:30:46.179Z
7a5eb3888ecf68a5,ChIJY1v1P_DdAWARwMvznJtMeMo,2025-10-14T00:41:02Z,2025-10-14,5,ja,True,False,2026-09-28T05:30:46.179Z
4db23a1c4520d21f,ChIJY1v1P_DdAWARwMvznJtMeMo,2025-10-14T07:57:59Z,2025-10-14,5,ja,True,False,2026-09-28T05:30:46.179Z
d5b34986381cc3a1,ChIJY1v1P_DdAWARwMvznJtMeMo,2025-10-14T12:07:02Z,2025-10-14,5,,False,False,2026-09-28T05:30:46.179Z
adbe47de89de82bc,ChIJY1v1P_DdAWARwMvznJtMeMo,2025-10-15T08:44:25Z,2025-10-15,4,,False,False,2026-09-28T05:30:46.179Z
05419202147d6f31,ChIJY1v1P_DdAWARwMvznJtMeMo,2025-10-15T14:00:42Z,2025-10-15,4,,False,False,2026-09-28T05:30:46.179Z
78fbc55892210020,ChIJY1v1P_DdAWARwMvznJtMeMo,2025-10-16T22:21:01Z,2025-10-17,4,,False,False,2026-09-28T05:30:46.179Z
3cee8f4ba00dd166,ChIJY1v1P_DdAWARwMvznJtMeMo,2025-10-17T02:15:20Z,2025-10-17,5,zh-Hant,True,False,2026-09-28T05:30:46.179Z
55150907f0a67216,ChIJY1v1P_DdAWARwMvznJtMeMo,2025-10-17T23:44:01Z,2025-10-18,5,,False,False,2026-09-28T05:30:46.179Z
27b6425d54016892,ChIJY1v1P_DdAWARwMvznJtMeMo,2025-10-18T02:54:46Z,2025-10-18,2,ja,True,False,2026-09-28T05:30:46.179Z
62a833a04795ee6c,ChIJY1v1P_DdAWARwMvznJtMeMo,2025-10-18T17:10:01Z,2025-10-19,5,ja,True,False,2026-09-28T05:30:46.179Z
60da39d62f1d0eed,ChIJY1v1P_DdAWARwMvznJtMeMo,2025-10-21T03:42:16Z,2025-10-21,4,,False,False,2026-09-28T05:30:46.179Z
af69fa3b1f68bae4,ChIJY1v1P_DdAWARwMvznJtMeMo,2025-10-21T05:09:16Z,2025-10-21,5,,False,False,2026-09-28T05:30:46.179Z
5700a0cf07114652,ChIJY1v1P_DdAWARwMvznJtMeMo,2025-10-21T06:42:17Z,2025-10-21,4,ja,True,False,2026-09-28T05:30:46.179Z
61a0b179df7e2756,ChIJY1v1P_DdAWARwMvznJtMeMo,2025-10-21T10:15:28Z,2025-10-21,5,,False,False,2026-09-28T05:30:46.179Z
d8cb2b9980c82105,ChIJY1v1P_DdAWARwMvznJtMeMo,2025-10-21T11:52:54Z,2025-10-21,5,,False,False,2026-09-28T05:30:46.179Z
be6c9bb117fc0c8c,ChIJY1v1P_DdAWARwMvznJtMeMo,2025-10-22T10:20:08Z,2025-10-22,4,,False,False,2026-09-28T05:30:46.179Z
f0afd82c79bec4c7,ChIJY1v1P_DdAWARwMvznJtMeMo,2025-10-23T03:46:38Z,2025-10-23,5,,False,False,2026-09-28T05:30:46.179Z
d35502d7f6a0e4c3,ChIJY1v1P_DdAWARwMvznJtMeMo,2025-10-23T05:33:53Z,2025-10-23,5,,False,False,2026-09-28T05:30:46.179Z
03e14d98b2134e1d,ChIJY1v1P_DdAWARwMvznJtMeMo,2025-10-23T08:30:01Z,2025-10-23,4,ja,True,False,2026-09-28T05:30:46.179Z
3dcef1b348b04ff9,ChIJY1v1P_DdAWARwMvznJtMeMo,2025-10-24T11:02:23Z,2025-10-24,5,ja,True,False,2026-09-28T05:30:46.179Z
7e61950880ce4488,ChIJY1v1P_DdAWARwMvznJtMeMo,2025-10-25T14:29:09Z,2025-10-25,3,ja,True,False,2026-09-28T05:30:46.179Z
f7466b1080fb9480,ChIJY1v1P_DdAWARwMvznJtMeMo,2025-10-26T09:56:55Z,2025-10-26,4,ja,True,False,2026-09-28T05:30:46.179Z
b19df07da20112df,ChIJY1v1P_DdAWARwMvznJtMeMo,2025-10-26T21:23:19Z,2025-10-27,4,,False,False,2026-09-28T05:30:46.179Z
6b1fc5d48e373c1f,ChIJY1v1P_DdAWARwMvznJtMeMo,2025-10-26T22:16:35Z,2025-10-27,4,,False,False,2026-09-28T05:30:46.179Z
2064a0fa97146202,ChIJY1v1P_DdAWARwMvznJtMeMo,2025-10-27T16:11:29Z,2025-10-28,1,ja,True,False,2026-09-28T05:30:46.179Z
60d32e8f800d351d,ChIJY1v1P_DdAWARwMvznJtMeMo,2025-10-28T10:05:11Z,2025-10-28,4,ja,True,False,2026-09-28T05:30:46.179Z
b07359206db4fff5,ChIJY1v1P_DdAWARwMvznJtMeMo,2025-10-30T04:50:24Z,2025-10-30,5,ja,True,False,2026-09-28T05:30:46.179Z
531b9df80901c533,ChIJY1v1P_DdAWARwMvznJtMeMo,2025-10-31T01:41:48Z,2025-10-31,5,ja,True,False,2026-09-28T05:30:46.179Z
acab97332ac899b2,ChIJY1v1P_DdAWARwMvznJtMeMo,2025-10-31T11:39:26Z,2025-10-31,4,ja,True,False,2026-09-28T05:30:46.179Z
0d22804612893e11,ChIJY1v1P_DdAWARwMvznJtMeMo,2025-10-31T19:07:33Z,2025-11-01,5,,False,False,2026-09-28T05:30:46.179Z
20e7d357873f6b58,ChIJY1v1P_DdAWARwMvznJtMeMo,2025-11-01T15:37:12Z,2025-11-02,4,,False,False,2026-09-28T05:30:46.179Z
d0304057a285619c,ChIJY1v1P_DdAWARwMvznJtMeMo,2025-11-02T07:54:32Z,2025-11-02,4,,False,False,2026-09-28T05:30:46.179Z
f0a8317c1bae5e68,ChIJY1v1P_DdAWARwMvznJtMeMo,2025-11-03T01:11:13Z,2025-11-03,5,,False,False,2026-09-28T05:30:46.179Z
2903a6021a9be5f0,ChIJY1v1P_DdAWARwMvznJtMeMo,2025-11-03T07:51:27Z,2025-11-03,4,,False,False,2026-09-28T05:30:46.179Z
bc5faef46e5a7bdd,ChIJY1v1P_DdAWARwMvznJtMeMo,2025-11-03T09:45:08Z,2025-11-03,3,ja,True,False,2026-09-28T05:30:46.179Z
33b0f23860063aa2,ChIJY1v1P_DdAWARwMvznJtMeMo,2025-11-03T12:03:53Z,2025-11-03,4,ja,True,False,2026-09-28T05:30:46.179Z
1d54c0ab4dd693d6,ChIJY1v1P_DdAWARwMvznJtMeMo,2025-11-05T02:15:02Z,2025-11-05,5,,False,False,2026-09-28T05:30:46.179Z
98f55d9520ef925a,ChIJY1v1P_DdAWARwMvznJtMeMo,2025-11-05T07:56:27Z,2025-11-05,4,ja,True,False,2026-09-28T05:30:46.179Z
780c27617f5a4174,ChIJY1v1P_DdAWARwMvznJtMeMo,2025-11-06T07:37:12Z,2025-11-06,4,,False,False,2026-09-28T05:30:46.179Z
6bdd36844596b60d,ChIJY1v1P_DdAWARwMvznJtMeMo,2025-11-06T20:04:59Z,2025-11-07,5,,False,False,2026-09-28T05:30:46.179Z
82ccd3f7649a0cd9,ChIJY1v1P_DdAWARwMvznJtMeMo,2025-11-06T23:04:07Z,2025-11-07,5,ja,True,False,2026-09-28T05:30:46.179Z
92caa85a05eb67b4,ChIJY1v1P_DdAWARwMvznJtMeMo,2025-11-07T11:06:54Z,2025-11-07,5,ja,True,False,2026-09-28T05:30:46.179Z
7a6aa3ad7e3afcf4,ChIJY1v1P_DdAWARwMvznJtMeMo,2025-11-08T04:35:34Z,2025-11-08,5,,False,False,2026-09-28T05:30:46.179Z
fa1599758a6ebd65,ChIJY1v1P_DdAWARwMvznJtMeMo,2025-11-08T08:09:44Z,2025-11-08,4,,False,False,2026-09-28T05:30:46.179Z
e86de2bc9fde818b,ChIJY1v1P_DdAWARwMvznJtMeMo,2025-11-08T09:43:10Z,2025-11-08,5,,False,False,2026-09-28T05:30:46.179Z
15c584764308ab3c,ChIJY1v1P_DdAWARwMvznJtMeMo,2025-11-08T13:25:16Z,2025-11-08,4,,False,False,2026-09-28T05:30:46.179Z
62a8f559ad9a7794,ChIJY1v1P_DdAWARwMvznJtMeMo,2025-11-09T00:20:15Z,2025-11-09,4,ja,True,False,2026-09-28T05:30:46.179Z
448df54defe181dd,ChIJY1v1P_DdAWARwMvznJtMeMo,2025-11-09T04:04:50Z,2025-11-09,5,en,True,False,2026-09-28T05:30:46.179Z
d81e27bbf2f942ae,ChIJY1v1P_DdAWARwMvznJtMeMo,2025-11-09T07:44:28Z,2025-11-09,4,ja,True,False,2026-09-28T05:30:46.179Z
e54322cbeee2d99a,ChIJY1v1P_DdAWARwMvznJtMeMo,2025-11-09T22:10:52Z,2025-11-10,4,,False,False,2026-09-28T05:30:46.179Z
797d3b883cad2204,ChIJY1v1P_DdAWARwMvznJtMeMo,2025-11-10T12:24:05Z,2025-11-10,4,,False,False,2026-09-28T05:30:46.179Z
6f8c1179c244f9ff,ChIJY1v1P_DdAWARwMvznJtMeMo,2025-11-11T04:40:28Z,2025-11-11,5,,False,False,2026-09-28T05:30:46.179Z
678b9dae360173a6,ChIJY1v1P_DdAWARwMvznJtMeMo,2025-11-12T01:00:21Z,2025-11-12,4,ja,True,False,2026-09-28T05:30:46.179Z
57bbe08999169d12,ChIJY1v1P_DdAWARwMvznJtMeMo,2025-11-12T02:03:37Z,2025-11-12,5,,False,False,2026-09-28T05:30:46.179Z
492d07510fb6ac38,ChIJY1v1P_DdAWARwMvznJtMeMo,2025-11-12T04:07:20Z,2025-11-12,4,,False,False,2026-09-28T05:30:46.179Z
da677cc25091f45c,ChIJY1v1P_DdAWARwMvznJtMeMo,2025-11-12T08:04:49Z,2025-11-12,4,,False,False,2026-09-28T05:30:46.179Z
3acf18ece98ab702,ChIJY1v1P_DdAWARwMvznJtMeMo,2025-11-13T11:06:11Z,2025-11-13,5,ja,True,False,2026-09-28T05:30:46.179Z
6513f955d73545aa,ChIJY1v1P_DdAWARwMvznJtMeMo,2025-11-14T03:05:52Z,2025-11-14,5,en,True,False,2026-09-28T05:30:46.179Z
a2b28060244d146c,ChIJY1v1P_DdAWARwMvznJtMeMo,2025-11-14T06:56:46Z,2025-11-14,5,ja,True,False,2026-09-28T05:30:46.179Z
218aeaccb3ee41f9,ChIJY1v1P_DdAWARwMvznJtMeMo,2025-11-15T08:39:17Z,2025-11-15,5,,False,False,2026-09-28T05:30:46.179Z
b8136c6457fc6c07,ChIJY1v1P_DdAWARwMvznJtMeMo,2025-11-15T12:50:39Z,2025-11-15,4,,False,False,2026-09-28T05:30:46.179Z
52351052eef6e5a2,ChIJY1v1P_DdAWARwMvznJtMeMo,2025-11-15T22:40:38Z,2025-11-16,5,,False,False,2026-09-28T05:30:46.179Z
94e60e1f7d838e1d,ChIJY1v1P_DdAWARwMvznJtMeMo,2025-11-16T01:49:34Z,2025-11-16,5,,False,False,2026-09-28T05:30:46.179Z
58f9cea9b393e675,ChIJY1v1P_DdAWARwMvznJtMeMo,2025-11-16T05:53:56Z,2025-11-16,5,ja,True,False,2026-09-28T05:30:46.179Z
7e8963aca5fa54f3,ChIJY1v1P_DdAWARwMvznJtMeMo,2025-11-16T07:05:05Z,2025-11-16,5,,False,False,2026-09-28T05:30:46.179Z
cc111e66a1548ad5,ChIJY1v1P_DdAWARwMvznJtMeMo,2025-11-16T08:04:48Z,2025-11-16,5,ja,True,False,2026-09-28T05:30:46.179Z
35cfab4372ee0c56,ChIJY1v1P_DdAWARwMvznJtMeMo,2025-11-16T11:58:11Z,2025-11-16,5,,False,False,2026-09-28T05:30:46.179Z
f7270593646cff17,ChIJY1v1P_DdAWARwMvznJtMeMo,2025-11-17T01:40:19Z,2025-11-17,5,,False,False,2026-09-28T05:30:46.179Z
bd5b386ce809e560,ChIJY1v1P_DdAWARwMvznJtMeMo,2025-11-17T04:24:02Z,2025-11-17,4,,False,False,2026-09-28T05:30:46.179Z
ce4878cd4c69e266,ChIJY1v1P_DdAWARwMvznJtMeMo,2025-11-18T09:54:25Z,2025-11-18,5,,False,False,2026-09-28T05:30:46.179Z
532fef4d06291e42,ChIJY1v1P_DdAWARwMvznJtMeMo,2025-11-18T14:36:18Z,2025-11-18,3,,False,False,2026-09-28T05:30:46.179Z
e44018d8e280dcf6,ChIJY1v1P_DdAWARwMvznJtMeMo,2025-11-18T19:37:22Z,2025-11-19,3,ja,True,False,2026-09-28T05:30:46.179Z
588971071be24a85,ChIJY1v1P_DdAWARwMvznJtMeMo,2025-11-19T03:39:55Z,2025-11-19,5,ja,True,False,2026-09-28T05:30:46.179Z
e6dce4057c3219d7,ChIJY1v1P_DdAWARwMvznJtMeMo,2025-11-19T07:21:49Z,2025-11-19,4,,False,False,2026-09-28T05:30:46.179Z
ccf27b718c232fe6,ChIJY1v1P_DdAWARwMvznJtMeMo,2025-11-19T09:58:12Z,2025-11-19,4,,False,False,2026-09-28T05:30:46.179Z
a819e3ca651ba364,ChIJY1v1P_DdAWARwMvznJtMeMo,2025-11-19T22:02:57Z,2025-11-20,4,,False,False,2026-09-28T05:30:46.179Z
e29a64da12437153,ChIJY1v1P_DdAWARwMvznJtMeMo,2025-11-20T07:57:28Z,2025-11-20,5,ja,True,False,2026-09-28T05:30:46.179Z
d49b9a732fca6b61,ChIJY1v1P_DdAWARwMvznJtMeMo,2025-11-20T22:21:47Z,2025-11-21,5,,False,False,2026-09-28T05:30:46.179Z
cfa058a4e385b9af,ChIJY1v1P_DdAWARwMvznJtMeMo,2025-11-21T21:36:46Z,2025-11-22,3,,False,False,2026-09-28T05:30:46.179Z
0c26c4acee6eec26,ChIJY1v1P_DdAWARwMvznJtMeMo,2025-11-21T23:46:12Z,2025-11-22,4,,False,False,2026-09-28T05:30:46.179Z
07c94d96372826e2,ChIJY1v1P_DdAWARwMvznJtMeMo,2025-11-22T09:04:01Z,2025-11-22,4,,False,False,2026-09-28T05:30:46.179Z
b96d3ee31fa53b00,ChIJY1v1P_DdAWARwMvznJtMeMo,2025-11-22T09:32:00Z,2025-11-22,4,,False,False,2026-09-28T05:30:46.179Z
29e2c159d5001842,ChIJY1v1P_DdAWARwMvznJtMeMo,2025-11-22T15:41:47Z,2025-11-23,5,,False,False,2026-09-28T05:30:46.179Z
87853d2a4661d127,ChIJY1v1P_DdAWARwMvznJtMeMo,2025-11-23T01:46:54Z,2025-11-23,4,,False,False,2026-09-28T05:30:46.179Z
d1defde77005b152,ChIJY1v1P_DdAWARwMvznJtMeMo,2025-11-23T10:12:02Z,2025-11-23,5,,False,False,2026-09-28T05:30:46.179Z
c83215b2b0c382e2,ChIJY1v1P_DdAWARwMvznJtMeMo,2025-11-23T11:21:41Z,2025-11-23,4,ja,True,False,2026-09-28T05:30:46.179Z
f80fa04c36886ff1,ChIJY1v1P_DdAWARwMvznJtMeMo,2025-11-23T19:19:38Z,2025-11-24,5,,False,False,2026-09-28T05:30:46.179Z
bc0517731a98fe95,ChIJY1v1P_DdAWARwMvznJtMeMo,2025-11-23T23:15:12Z,2025-11-24,5,ja,True,False,2026-09-28T05:30:46.179Z
cad2f7350aee2d81,ChIJY1v1P_DdAWARwMvznJtMeMo,2025-11-24T10:36:14Z,2025-11-24,5,ja,True,False,2026-09-28T05:30:46.179Z
ace182046d2f98d3,ChIJY1v1P_DdAWARwMvznJtMeMo,2025-11-24T12:00:01Z,2025-11-24,4,ja,True,False,2026-09-28T05:30:46.179Z
f9af2a28afa3c749,ChIJY1v1P_DdAWARwMvznJtMeMo,2025-11-24T23:00:39Z,2025-11-25,4,,False,False,2026-09-28T05:30:46.179Z
01daccbe945f54f5,ChIJY1v1P_DdAWARwMvznJtMeMo,2025-11-25T07:28:52Z,2025-11-25,5,en,True,False,2026-09-28T05:30:46.179Z
0a5e7551f102258b,ChIJY1v1P_DdAWARwMvznJtMeMo,2025-11-26T06:38:19Z,2025-11-26,5,,False,False,2026-09-28T05:30:46.179Z
b431cd1f8da5f89c,ChIJY1v1P_DdAWARwMvznJtMeMo,2025-11-26T11:01:43Z,2025-11-26,5,ja,True,False,2026-09-28T05:30:46.179Z
c6419e140a743086,ChIJY1v1P_DdAWARwMvznJtMeMo,2025-11-27T07:39:20Z,2025-11-27,4,ja,True,False,2026-09-28T05:30:46.179Z
faf51b7768e38f27,ChIJY1v1P_DdAWARwMvznJtMeMo,2025-11-27T22:19:50Z,2025-11-28,4,,False,False,2026-09-28T05:30:46.179Z
be7c61f981bdbc4d,ChIJY1v1P_DdAWARwMvznJtMeMo,2025-11-28T02:28:21Z,2025-11-28,5,th,True,False,2026-09-28T05:30:46.179Z
0c7b84a78a27a319,ChIJY1v1P_DdAWARwMvznJtMeMo,2025-11-28T19:37:19Z,2025-11-29,3,,False,False,2026-09-28T05:30:46.179Z
8c92236e14a85b14,ChIJY1v1P_DdAWARwMvznJtMeMo,2025-11-28T20:21:34Z,2025-11-29,4,,False,False,2026-09-28T05:30:46.179Z
da9bca38a210e870,ChIJY1v1P_DdAWARwMvznJtMeMo,2025-11-30T03:33:41Z,2025-11-30,5,,False,False,2026-09-28T05:30:46.179Z
450f237dba962c98,ChIJY1v1P_DdAWARwMvznJtMeMo,2025-11-30T05:24:32Z,2025-11-30,5,,False,False,2026-09-28T05:30:46.179Z
cb916a599a92baaa,ChIJY1v1P_DdAWARwMvznJtMeMo,2025-11-30T05:53:39Z,2025-11-30,5,ja,True,False,2026-09-28T05:30:46.179Z
aa5ec149b0fdba88,ChIJY1v1P_DdAWARwMvznJtMeMo,2025-11-30T13:09:20Z,2025-11-30,5,,False,False,2026-09-28T05:30:46.179Z
f31ecf95fe768e34,ChIJY1v1P_DdAWARwMvznJtMeMo,2025-11-30T21:58:45Z,2025-12-01,3,,False,False,2026-09-28T05:30:46.179Z
8e97c371bdf1a217,ChIJY1v1P_DdAWARwMvznJtMeMo,2025-12-01T03:27:44Z,2025-12-01,5,,False,False,2026-09-28T05:30:46.179Z
4d3acf839494dd45,ChIJY1v1P_DdAWARwMvznJtMeMo,2025-12-01T07:32:45Z,2025-12-01,5,,False,False,2026-09-28T05:30:46.179Z
af6e7aa9cc12a289,ChIJY1v1P_DdAWARwMvznJtMeMo,2025-12-01T15:07:08Z,2025-12-02,5,zh-Hant,True,False,2026-09-28T05:30:46.179Z
d73db504e6c0c657,ChIJY1v1P_DdAWARwMvznJtMeMo,2025-12-02T15:24:14Z,2025-12-03,4,ja,True,False,2026-09-28T05:30:46.179Z
fdb2444e609ff4ab,ChIJY1v1P_DdAWARwMvznJtMeMo,2025-12-04T02:02:39Z,2025-12-04,5,ja,True,False,2026-09-28T05:30:46.179Z
af393c6dc4ca2b4b,ChIJY1v1P_DdAWARwMvznJtMeMo,2025-12-04T05:38:28Z,2025-12-04,5,ja,True,False,2026-09-28T05:30:46.179Z
d3686f1671a70ef6,ChIJY1v1P_DdAWARwMvznJtMeMo,2025-12-04T06:36:26Z,2025-12-04,4,ja,True,False,2026-09-28T05:30:46.179Z
9d71911296d72a88,ChIJY1v1P_DdAWARwMvznJtMeMo,2025-12-04T09:24:11Z,2025-12-04,3,ja,True,False,2026-09-28T05:30:46.179Z
0f0b091013551c4d,ChIJY1v1P_DdAWARwMvznJtMeMo,2025-12-06T14:34:35Z,2025-12-06,5,,False,False,2026-09-28T05:30:46.179Z
dce04490e2032cd6,ChIJY1v1P_DdAWARwMvznJtMeMo,2025-12-07T06:50:22Z,2025-12-07,4,ja,True,False,2026-09-28T05:30:46.179Z
ba29e6019efb24c0,ChIJY1v1P_DdAWARwMvznJtMeMo,2025-12-09T07:47:16Z,2025-12-09,5,,False,False,2026-09-28T05:30:46.179Z
14879ae3edfdeb1d,ChIJY1v1P_DdAWARwMvznJtMeMo,2025-12-09T07:59:43Z,2025-12-09,5,ja,True,False,2026-09-28T05:30:46.179Z
baf5590fdbb5131c,ChIJY1v1P_DdAWARwMvznJtMeMo,2025-12-09T12:07:07Z,2025-12-09,3,ja,True,False,2026-09-28T05:30:46.179Z
13d948bdb5f278bb,ChIJY1v1P_DdAWARwMvznJtMeMo,2025-12-10T07:19:19Z,2025-12-10,5,ja,True,False,2026-09-28T05:30:46.179Z
385e1f056650e099,ChIJY1v1P_DdAWARwMvznJtMeMo,2025-12-11T01:54:11Z,2025-12-11,5,ja,True,False,2026-09-28T05:30:46.179Z
49806472c82279d1,ChIJY1v1P_DdAWARwMvznJtMeMo,2025-12-11T08:14:18Z,2025-12-11,5,ja,True,False,2026-09-28T05:30:46.179Z
7cd15bc993427055,ChIJY1v1P_DdAWARwMvznJtMeMo,2025-12-12T02:23:52Z,2025-12-12,5,ja,True,False,2026-09-28T05:30:46.179Z
e9b947ac99fe1a25,ChIJY1v1P_DdAWARwMvznJtMeMo,2025-12-12T04:31:20Z,2025-12-12,5,,False,False,2026-09-28T05:30:46.179Z
e8ee0612c03e80f2,ChIJY1v1P_DdAWARwMvznJtMeMo,2025-12-13T10:16:47Z,2025-12-13,4,,False,False,2026-09-28T05:30:46.179Z
a203d922c0455e09,ChIJY1v1P_DdAWARwMvznJtMeMo,2025-12-14T01:40:50Z,2025-12-14,5,ja,True,False,2026-09-28T05:30:46.179Z
e8d2b9322f29114b,ChIJY1v1P_DdAWARwMvznJtMeMo,2025-12-14T13:15:12Z,2025-12-14,5,ja,True,False,2026-09-28T05:30:46.179Z
a24a3b6bb2aac418,ChIJY1v1P_DdAWARwMvznJtMeMo,2025-12-15T04:18:30Z,2025-12-15,4,ja,True,False,2026-09-28T05:30:46.179Z
9e452ea649e83b53,ChIJY1v1P_DdAWARwMvznJtMeMo,2025-12-17T14:12:28Z,2025-12-17,4,ja,True,False,2026-09-28T05:30:46.179Z
454bb4410086c50b,ChIJY1v1P_DdAWARwMvznJtMeMo,2025-12-18T11:49:00Z,2025-12-18,5,en,True,False,2026-09-28T05:30:46.179Z
0f6758100af962be,ChIJY1v1P_DdAWARwMvznJtMeMo,2025-12-20T02:11:55Z,2025-12-20,4,ja,True,False,2026-09-28T05:30:46.179Z
ed8aed6fd9718f6b,ChIJY1v1P_DdAWARwMvznJtMeMo,2025-12-21T11:31:59Z,2025-12-21,5,ja,True,False,2026-09-28T05:30:46.179Z
ae7775623adbb637,ChIJY1v1P_DdAWARwMvznJtMeMo,2025-12-23T19:54:51Z,2025-12-24,3,,False,False,2026-09-28T05:30:46.179Z
5d2f317f4aa48d2e,ChIJY1v1P_DdAWARwMvznJtMeMo,2025-12-29T06:20:30Z,2025-12-29,4,ja,True,False,2026-09-28T05:30:46.179Z
099e567f823e53de,ChIJY1v1P_DdAWARwMvznJtMeMo,2026-01-06T10:31:19Z,2026-01-06,5,ja,True,False,2026-09-28T05:30:46.179Z
1c657f3ee80d0cf4,ChIJY1v1P_DdAWARwMvznJtMeMo,2026-01-08T15:25:01Z,2026-01-09,5,,False,False,2026-09-28T05:30:46.179Z
8ac0c03fc08a9bca,ChIJY1v1P_DdAWARwMvznJtMeMo,2026-01-10T02:14:14Z,2026-01-10,5,,False,False,2026-09-28T05:30:46.179Z
d7058a4aac555dc7,ChIJY1v1P_DdAWARwMvznJtMeMo,2026-01-13T10:42:22Z,2026-01-13,5,ja,True,False,2026-09-28T05:30:46.179Z
8d00eae796bfcac4,ChIJY1v1P_DdAWARwMvznJtMeMo,2026-01-14T04:55:11Z,2026-01-14,5,,False,False,2026-09-28T05:30:46.179Z
ff32fdc997f06702,ChIJY1v1P_DdAWARwMvznJtMeMo,2026-01-16T23:23:07Z,2026-01-17,4,,False,False,2026-09-28T05:30:46.179Z
71063a39f575f2df,ChIJY1v1P_DdAWARwMvznJtMeMo,2026-01-18T07:57:16Z,2026-01-18,5,ja,True,False,2026-09-28T05:30:46.179Z
6c29b957069f96b5,ChIJY1v1P_DdAWARwMvznJtMeMo,2026-01-19T08:08:20Z,2026-01-19,4,,False,False,2026-09-28T05:30:46.179Z
0acd8f070e73828a,ChIJY1v1P_DdAWARwMvznJtMeMo,2026-01-26T07:43:03Z,2026-01-26,4,th,True,False,2026-09-28T05:30:46.179Z
19e9c2dd1aa9154c,ChIJY1v1P_DdAWARwMvznJtMeMo,2026-01-31T09:51:47Z,2026-01-31,5,,False,False,2026-09-28T05:30:46.179Z
90aadec8e7df54d1,ChIJY1v1P_DdAWARwMvznJtMeMo,2026-02-16T00:02:09Z,2026-02-16,5,,False,False,2026-09-28T05:30:46.179Z
a572ef213ef6fa9c,ChIJY1v1P_DdAWARwMvznJtMeMo,2026-02-17T06:21:25Z,2026-02-17,5,zh-Hant,True,False,2026-09-28T05:30:46.179Z
89245e0905342b7f,ChIJY1v1P_DdAWARwMvznJtMeMo,2026-02-23T06:18:35Z,2026-02-23,5,,False,False,2026-09-28T05:30:46.179Z
6ba57f719e411c51,ChIJY1v1P_DdAWARwMvznJtMeMo,2026-02-24T05:36:52Z,2026-02-24,5,,False,False,2026-09-28T05:30:46.179Z
5ed54e3c0a0ea344,ChIJY1v1P_DdAWARwMvznJtMeMo,2026-02-24T22:24:48Z,2026-02-25,5,ja,True,False,2026-09-28T05:30:46.179Z
72343ea4060489ea,ChIJY1v1P_DdAWARwMvznJtMeMo,2026-02-26T10:14:13Z,2026-02-26,5,,False,False,2026-09-28T05:30:46.179Z
71ba93d2e25be6a5,ChIJY1v1P_DdAWARwMvznJtMeMo,2026-02-27T10:35:36Z,2026-02-27,3,ja,True,False,2026-09-28T05:30:46.179Z
ee5adf07909c2feb,ChIJY1v1P_DdAWARwMvznJtMeMo,2026-02-28T09:48:36Z,2026-02-28,4,,False,False,2026-09-28T05:30:46.179Z
b2c2fba99b876551,ChIJY1v1P_DdAWARwMvznJtMeMo,2026-02-28T11:26:52Z,2026-02-28,3,ja,True,False,2026-09-28T05:30:46.179Z
8eb1d4de4b99d738,ChIJY1v1P_DdAWARwMvznJtMeMo,2026-03-02T00:15:44Z,2026-03-02,5,,False,False,2026-09-28T05:30:46.179Z
a32360200369c673,ChIJY1v1P_DdAWARwMvznJtMeMo,2026-03-02T07:42:09Z,2026-03-02,5,pt,True,False,2026-09-28T05:30:46.179Z
eac334d49d85711d,ChIJY1v1P_DdAWARwMvznJtMeMo,2026-03-03T00:19:29Z,2026-03-03,4,,False,False,2026-09-28T05:30:46.179Z
19718ec23f8c259e,ChIJY1v1P_DdAWARwMvznJtMeMo,2026-03-03T14:12:35Z,2026-03-03,5,ja,True,False,2026-09-28T05:30:46.179Z
520df6e443acfdcb,ChIJY1v1P_DdAWARwMvznJtMeMo,2026-03-04T03:19:56Z,2026-03-04,5,ja,True,False,2026-09-28T05:30:46.179Z
8f287a70c57d04c0,ChIJY1v1P_DdAWARwMvznJtMeMo,2026-03-06T12:07:16Z,2026-03-06,5,,False,False,2026-09-28T05:30:46.179Z
d2d18d3a8f5eceac,ChIJY1v1P_DdAWARwMvznJtMeMo,2026-03-09T18:54:42Z,2026-03-10,5,ja,True,False,2026-09-28T05:30:46.179Z
6f91ae074bad63f4,ChIJY1v1P_DdAWARwMvznJtMeMo,2026-03-10T18:34:17Z,2026-03-11,4,ja,True,False,2026-09-28T05:30:46.179Z
95430aaa71722c7e,ChIJY1v1P_DdAWARwMvznJtMeMo,2026-03-11T14:30:51Z,2026-03-11,5,ja,True,False,2026-09-28T05:30:46.179Z
fb99d47c60bfee1e,ChIJY1v1P_DdAWARwMvznJtMeMo,2026-03-12T01:20:33Z,2026-03-12,4,ja,True,False,2026-09-28T05:30:46.179Z
4fcd09126d59173e,ChIJY1v1P_DdAWARwMvznJtMeMo,2026-03-13T08:16:16Z,2026-03-13,4,ja,True,False,2026-09-28T05:30:46.179Z
8412618f3a4c6a77,ChIJY1v1P_DdAWARwMvznJtMeMo,2026-03-14T06:23:05Z,2026-03-14,5,,False,False,2026-09-28T05:30:46.179Z
35c0fb70d089d4da,ChIJY1v1P_DdAWARwMvznJtMeMo,2026-03-14T12:29:43Z,2026-03-14,5,,False,False,2026-09-28T05:30:46.179Z
70790e20486bd35d,ChIJY1v1P_DdAWARwMvznJtMeMo,2026-03-18T06:22:16Z,2026-03-18,3,ja,True,False,2026-09-28T05:30:46.179Z
d38abd851ba4a78f,ChIJY1v1P_DdAWARwMvznJtMeMo,2026-03-19T12:39:44Z,2026-03-19,5,ja,True,False,2026-09-28T05:30:46.179Z
14a19556eeae4db8,ChIJY1v1P_DdAWARwMvznJtMeMo,2026-03-20T10:27:06Z,2026-03-20,4,,False,False,2026-09-28T05:30:46.179Z
3048cb616cbf277a,ChIJY1v1P_DdAWARwMvznJtMeMo,2026-03-21T07:42:25Z,2026-03-21,5,ja,True,False,2026-09-28T05:30:46.179Z
85755b9746936752,ChIJY1v1P_DdAWARwMvznJtMeMo,2026-03-24T04:09:57Z,2026-03-24,4,ja,True,False,2026-09-28T05:30:46.179Z
dd13390caf9116b7,ChIJY1v1P_DdAWARwMvznJtMeMo,2026-03-26T00:23:03Z,2026-03-26,5,,False,False,2026-09-28T05:30:46.179Z
706ff9d77ff2b7cd,ChIJY1v1P_DdAWARwMvznJtMeMo,2026-03-26T00:48:07Z,2026-03-26,4,ja,True,False,2026-09-28T05:30:46.179Z
cac3460cf4c4bd1c,ChIJY1v1P_DdAWARwMvznJtMeMo,2026-03-27T00:08:28Z,2026-03-27,3,ja,True,False,2026-09-28T05:30:46.179Z
0822140f5324b6f9,ChIJY1v1P_DdAWARwMvznJtMeMo,2026-03-27T22:52:40Z,2026-03-28,5,,False,False,2026-09-28T05:30:46.179Z
7abe04da92583456,ChIJY1v1P_DdAWARwMvznJtMeMo,2026-03-28T05:46:02Z,2026-03-28,3,ja,True,False,2026-09-28T05:30:46.179Z
4572a8aa1bd789fc,ChIJY1v1P_DdAWARwMvznJtMeMo,2026-03-28T12:57:42Z,2026-03-28,5,,False,False,2026-09-28T05:30:46.179Z
30d2c4751db00808,ChIJY1v1P_DdAWARwMvznJtMeMo,2026-03-30T07:44:30Z,2026-03-30,4,ja,True,False,2026-09-28T05:30:46.179Z
b6bef62ba25f83aa,ChIJY1v1P_DdAWARwMvznJtMeMo,2026-03-31T02:47:16Z,2026-03-31,5,,False,False,2026-09-28T05:30:46.179Z
a88d13053b6d7f58,ChIJY1v1P_DdAWARwMvznJtMeMo,2026-04-01T00:02:48Z,2026-04-01,5,ja,True,False,2026-09-28T05:30:46.179Z
b7dbe9a2cf95ccf6,ChIJY1v1P_DdAWARwMvznJtMeMo,2026-04-02T03:23:04Z,2026-04-02,5,ja,True,False,2026-09-28T05:30:46.179Z
c223982f40203746,ChIJY1v1P_DdAWARwMvznJtMeMo,2026-04-02T06:13:32Z,2026-04-02,5,ja,True,False,2026-09-28T05:30:46.179Z
be76c829042e4b27,ChIJY1v1P_DdAWARwMvznJtMeMo,2026-04-05T03:32:00Z,2026-04-05,4,,False,False,2026-09-28T05:30:46.179Z
e638c29bfcaa0e03,ChIJY1v1P_DdAWARwMvznJtMeMo,2026-04-05T11:04:31Z,2026-04-05,5,ja,True,False,2026-09-28T05:30:46.179Z
0c2f3a7b21747ddf,ChIJY1v1P_DdAWARwMvznJtMeMo,2026-04-06T00:22:25Z,2026-04-06,5,ja,True,False,2026-09-28T05:30:46.179Z
2773eb96a5aabbd6,ChIJY1v1P_DdAWARwMvznJtMeMo,2026-04-06T04:01:52Z,2026-04-06,5,ja,True,False,2026-09-28T05:30:46.179Z
7419b67ea9808b26,ChIJY1v1P_DdAWARwMvznJtMeMo,2026-04-07T07:28:42Z,2026-04-07,5,,False,False,2026-09-28T05:30:46.179Z
21e37c136484a690,ChIJY1v1P_DdAWARwMvznJtMeMo,2026-04-07T20:12:26Z,2026-04-08,3,ja,True,False,2026-09-28T05:30:46.179Z
9f1015373ad1029d,ChIJY1v1P_DdAWARwMvznJtMeMo,2026-04-09T10:25:17Z,2026-04-09,3,,False,False,2026-09-28T05:30:46.179Z
ff398d7596f2200d,ChIJY1v1P_DdAWARwMvznJtMeMo,2026-04-09T16:58:42Z,2026-04-10,4,ja,True,False,2026-09-28T05:30:46.179Z
534f541ac9c921f1,ChIJY1v1P_DdAWARwMvznJtMeMo,2026-04-10T00:55:22Z,2026-04-10,5,,False,False,2026-09-28T05:30:46.179Z
5d6ed0d5e257593c,ChIJY1v1P_DdAWARwMvznJtMeMo,2026-04-11T11:47:10Z,2026-04-11,5,,False,False,2026-09-28T05:30:46.179Z
b7606442150a123b,ChIJY1v1P_DdAWARwMvznJtMeMo,2026-04-11T12:06:36Z,2026-04-11,5,ja,True,False,2026-09-28T05:30:46.179Z
d91f49fd4dc80966,ChIJY1v1P_DdAWARwMvznJtMeMo,2026-04-12T20:11:41Z,2026-04-13,5,ja,True,False,2026-09-28T05:30:46.179Z
ec0d8688f0854fdd,ChIJY1v1P_DdAWARwMvznJtMeMo,2026-04-12T20:29:06Z,2026-04-13,4,,False,False,2026-09-28T05:30:46.179Z
f4b743236258f91b,ChIJY1v1P_DdAWARwMvznJtMeMo,2026-04-13T01:40:37Z,2026-04-13,4,ja,True,False,2026-09-28T05:30:46.179Z
80fcbcb2d20252d6,ChIJY1v1P_DdAWARwMvznJtMeMo,2026-04-14T09:14:35Z,2026-04-14,5,,False,False,2026-09-28T05:30:46.179Z
4e9abda3fdf5c3aa,ChIJY1v1P_DdAWARwMvznJtMeMo,2026-04-14T11:14:29Z,2026-04-14,5,ja,True,False,2026-09-28T05:30:46.179Z
a4efc7aad750646b,ChIJY1v1P_DdAWARwMvznJtMeMo,2026-04-14T15:59:05Z,2026-04-15,5,ja,True,False,2026-09-28T05:30:46.179Z
3efaef2232d01b86,ChIJY1v1P_DdAWARwMvznJtMeMo,2026-04-14T16:36:08Z,2026-04-15,5,ja,True,False,2026-09-28T05:30:46.179Z
b3b457f094da99b4,ChIJY1v1P_DdAWARwMvznJtMeMo,2026-04-16T07:42:44Z,2026-04-16,4,ja,True,False,2026-09-28T05:30:46.179Z
5b4cd860c06881df,ChIJY1v1P_DdAWARwMvznJtMeMo,2026-04-16T09:46:57Z,2026-04-16,5,ja,True,False,2026-09-28T05:30:46.179Z
0b0046fd526d855c,ChIJY1v1P_DdAWARwMvznJtMeMo,2026-04-17T22:11:32Z,2026-04-18,4,,False,False,2026-09-28T05:30:46.179Z
a358010264a48bbf,ChIJY1v1P_DdAWARwMvznJtMeMo,2026-04-18T14:17:06Z,2026-04-18,4,,False,False,2026-09-28T05:30:46.179Z
ac449c8e12a357dd,ChIJY1v1P_DdAWARwMvznJtMeMo,2026-04-21T18:06:54Z,2026-04-22,3,,False,False,2026-09-28T05:30:46.179Z
e3819374a18bb424,ChIJY1v1P_DdAWARwMvznJtMeMo,2026-04-22T07:01:12Z,2026-04-22,4,,False,False,2026-09-28T05:30:46.179Z
480c3a2ddee41891,ChIJY1v1P_DdAWARwMvznJtMeMo,2026-04-22T20:31:35Z,2026-04-23,5,,False,False,2026-09-28T05:30:46.179Z
694a6dd3529ba04b,ChIJY1v1P_DdAWARwMvznJtMeMo,2026-04-23T03:15:45Z,2026-04-23,4,ja,True,False,2026-09-28T05:30:46.179Z
b36fbf551bffe5f9,ChIJY1v1P_DdAWARwMvznJtMeMo,2026-04-23T08:31:50Z,2026-04-23,5,ja,True,False,2026-09-28T05:30:46.179Z
aa0990d69d07c53a,ChIJY1v1P_DdAWARwMvznJtMeMo,2026-04-24T14:48:56Z,2026-04-24,5,zh-Hant,True,False,2026-09-28T05:30:46.179Z
db99479b185b99e1,ChIJY1v1P_DdAWARwMvznJtMeMo,2026-04-25T08:14:01Z,2026-04-25,5,,False,False,2026-09-28T05:30:46.179Z
5b3edebffb6bd3a4,ChIJY1v1P_DdAWARwMvznJtMeMo,2026-04-25T10:37:12Z,2026-04-25,4,zh-Hant,True,False,2026-09-28T05:30:46.179Z
73301dadad09e8d0,ChIJY1v1P_DdAWARwMvznJtMeMo,2026-04-25T12:18:38Z,2026-04-25,4,,False,False,2026-09-28T05:30:46.179Z
d8bdb5c4aea741da,ChIJY1v1P_DdAWARwMvznJtMeMo,2026-04-26T10:53:10Z,2026-04-26,5,,False,False,2026-09-28T05:30:46.179Z
3d695d552c3008f9,ChIJY1v1P_DdAWARwMvznJtMeMo,2026-04-26T17:08:07Z,2026-04-27,4,ja,True,False,2026-09-28T05:30:46.179Z
ecc5cb360c741efd,ChIJY1v1P_DdAWARwMvznJtMeMo,2026-04-26T22:28:53Z,2026-04-27,5,,False,False,2026-09-28T05:30:46.179Z
0171a09c25b81f9d,ChIJY1v1P_DdAWARwMvznJtMeMo,2026-04-27T02:30:51Z,2026-04-27,4,,False,False,2026-09-28T05:30:46.179Z
9fcdd3cc031e1cd6,ChIJY1v1P_DdAWARwMvznJtMeMo,2026-04-28T22:31:50Z,2026-04-29,4,ja,True,False,2026-09-28T05:30:46.179Z
174bf60f1a676e14,ChIJY1v1P_DdAWARwMvznJtMeMo,2026-04-29T10:55:34Z,2026-04-29,4,ja,True,False,2026-09-28T05:30:46.179Z
cf650139c4e870bd,ChIJY1v1P_DdAWARwMvznJtMeMo,2026-04-29T20:46:37Z,2026-04-30,5,,False,False,2026-09-28T05:30:46.179Z
ea21ce187636ed07,ChIJY1v1P_DdAWARwMvznJtMeMo,2026-04-30T03:52:21Z,2026-04-30,4,ja,True,False,2026-09-28T05:30:46.179Z
e8ee828813630867,ChIJY1v1P_DdAWARwMvznJtMeMo,2026-05-02T10:12:08Z,2026-05-02,5,,False,False,2026-09-28T05:30:46.179Z
5efbfb5fd0f388f0,ChIJY1v1P_DdAWARwMvznJtMeMo,2026-05-03T08:18:42Z,2026-05-03,5,ja,True,False,2026-09-28T05:30:46.179Z
a3da887e11d3d864,ChIJY1v1P_DdAWARwMvznJtMeMo,2026-05-03T11:39:13Z,2026-05-03,5,ja,True,False,2026-09-28T05:30:46.179Z
f54622f0edf49629,ChIJY1v1P_DdAWARwMvznJtMeMo,2026-05-04T01:31:03Z,2026-05-04,4,,False,False,2026-09-28T05:30:46.179Z
be49b136e589b2c7,ChIJY1v1P_DdAWARwMvznJtMeMo,2026-05-04T09:16:32Z,2026-05-04,5,,False,False,2026-09-28T05:30:46.179Z
5a0b07efbbde7dc2,ChIJY1v1P_DdAWARwMvznJtMeMo,2026-05-04T09:47:09Z,2026-05-04,4,ja,True,False,2026-09-28T05:30:46.179Z
d04cbba575d74e35,ChIJY1v1P_DdAWARwMvznJtMeMo,2026-05-04T15:40:37Z,2026-05-05,5,,False,False,2026-09-28T05:30:46.179Z
bf4ab9821227a2b4,ChIJY1v1P_DdAWARwMvznJtMeMo,2026-05-05T01:10:19Z,2026-05-05,3,ja,True,False,2026-09-28T05:30:46.179Z
4e54ff076af0d28e,ChIJY1v1P_DdAWARwMvznJtMeMo,2026-05-05T04:09:43Z,2026-05-05,5,,False,False,2026-09-28T05:30:46.179Z
326831ecf6246b4d,ChIJY1v1P_DdAWARwMvznJtMeMo,2026-05-05T07:37:32Z,2026-05-05,4,ja,True,False,2026-09-28T05:30:46.179Z
3e209739d883c747,ChIJY1v1P_DdAWARwMvznJtMeMo,2026-05-05T11:50:10Z,2026-05-05,4,ja,True,False,2026-09-28T05:30:46.179Z
dbee6d50e7d7023b,ChIJY1v1P_DdAWARwMvznJtMeMo,2026-05-05T13:36:42Z,2026-05-05,5,ja,True,False,2026-09-28T05:30:46.179Z
733bae1bf4f9c47b,ChIJY1v1P_DdAWARwMvznJtMeMo,2026-05-05T14:34:40Z,2026-05-05,3,,False,False,2026-09-28T05:30:46.179Z
6d03af92a6f12afa,ChIJY1v1P_DdAWARwMvznJtMeMo,2026-05-05T15:57:26Z,2026-05-06,5,,False,False,2026-09-28T05:30:46.179Z
715d4800775302ab,ChIJY1v1P_DdAWARwMvznJtMeMo,2026-05-05T22:40:16Z,2026-05-06,4,,False,False,2026-09-28T05:30:46.179Z
51e82f0e90865248,ChIJY1v1P_DdAWARwMvznJtMeMo,2026-05-06T00:51:24Z,2026-05-06,2,ja,True,False,2026-09-28T05:30:46.179Z
c171d81dc9c0df4f,ChIJY1v1P_DdAWARwMvznJtMeMo,2026-05-06T04:08:48Z,2026-05-06,4,,False,False,2026-09-28T05:30:46.179Z
1a4b425ee893161e,ChIJY1v1P_DdAWARwMvznJtMeMo,2026-05-06T05:18:49Z,2026-05-06,3,,False,False,2026-09-28T05:30:46.179Z
85b38bf7125b9975,ChIJY1v1P_DdAWARwMvznJtMeMo,2026-05-06T11:01:01Z,2026-05-06,5,,False,False,2026-09-28T05:30:46.179Z
8da6f0ab0166f470,ChIJY1v1P_DdAWARwMvznJtMeMo,2026-05-06T14:20:33Z,2026-05-06,4,pt,True,False,2026-09-28T05:30:46.179Z
d3609cab32b840dd,ChIJY1v1P_DdAWARwMvznJtMeMo,2026-05-07T02:51:37Z,2026-05-07,3,ja,True,False,2026-09-28T05:30:46.179Z
bdf65d336b440ef3,ChIJY1v1P_DdAWARwMvznJtMeMo,2026-05-07T05:19:49Z,2026-05-07,5,,False,False,2026-09-28T05:30:46.179Z
18429c1893a4b04b,ChIJY1v1P_DdAWARwMvznJtMeMo,2026-05-08T09:33:51Z,2026-05-08,3,,False,False,2026-09-28T05:30:46.179Z
353b4cc91f54d799,ChIJY1v1P_DdAWARwMvznJtMeMo,2026-05-09T02:23:36Z,2026-05-09,5,,False,False,2026-09-28T05:30:46.179Z
86bf1619a223afe6,ChIJY1v1P_DdAWARwMvznJtMeMo,2026-05-09T05:40:47Z,2026-05-09,4,zh-Hans,True,False,2026-09-28T05:30:46.179Z
088a4797087b2f3f,ChIJY1v1P_DdAWARwMvznJtMeMo,2026-05-09T08:23:43Z,2026-05-09,4,,False,False,2026-09-28T05:30:46.179Z
c97648b97483800c,ChIJY1v1P_DdAWARwMvznJtMeMo,2026-05-09T09:11:43Z,2026-05-09,4,,False,False,2026-09-28T05:30:46.179Z
b8de9c3636f502f8,ChIJY1v1P_DdAWARwMvznJtMeMo,2026-05-10T05:44:53Z,2026-05-10,5,,False,False,2026-09-28T05:30:46.179Z
1ea27068582b1c36,ChIJY1v1P_DdAWARwMvznJtMeMo,2026-05-10T22:34:15Z,2026-05-11,5,,False,False,2026-09-28T05:30:46.179Z
113f3851fee8f100,ChIJY1v1P_DdAWARwMvznJtMeMo,2026-05-11T02:02:22Z,2026-05-11,3,,False,False,2026-09-28T05:30:46.179Z
18163bc207d35cfc,ChIJY1v1P_DdAWARwMvznJtMeMo,2026-05-11T05:33:05Z,2026-05-11,5,ja,True,False,2026-09-28T05:30:46.179Z
b5a1835117fd9314,ChIJY1v1P_DdAWARwMvznJtMeMo,2026-05-12T06:45:22Z,2026-05-12,4,,False,False,2026-09-28T05:30:46.179Z
415486503245900a,ChIJY1v1P_DdAWARwMvznJtMeMo,2026-05-15T00:18:47Z,2026-05-15,4,,False,False,2026-09-28T05:30:46.179Z
5069860eb549cd98,ChIJY1v1P_DdAWARwMvznJtMeMo,2026-05-15T06:45:55Z,2026-05-15,5,,False,False,2026-09-28T05:30:46.179Z
9b072a252fc240b4,ChIJY1v1P_DdAWARwMvznJtMeMo,2026-05-17T06:57:34Z,2026-05-17,5,,False,False,2026-09-28T05:30:46.179Z
2d97061e088104aa,ChIJY1v1P_DdAWARwMvznJtMeMo,2026-05-18T01:09:17Z,2026-05-18,4,,False,False,2026-09-28T05:30:46.179Z
7fa1ac7140a30ad0,ChIJY1v1P_DdAWARwMvznJtMeMo,2026-05-18T03:26:49Z,2026-05-18,5,ja,True,False,2026-09-28T05:30:46.179Z
c8e37678ac8df36f,ChIJY1v1P_DdAWARwMvznJtMeMo,2026-05-18T10:38:25Z,2026-05-18,5,,False,False,2026-09-28T05:30:46.179Z
341fec61687bd376,ChIJY1v1P_DdAWARwMvznJtMeMo,2026-05-19T16:25:20Z,2026-05-20,5,,False,False,2026-09-28T05:30:46.179Z
b55105151942a78a,ChIJY1v1P_DdAWARwMvznJtMeMo,2026-05-20T06:10:32Z,2026-05-20,5,pt,True,False,2026-09-28T05:30:46.179Z
2167e77cde838d33,ChIJY1v1P_DdAWARwMvznJtMeMo,2026-05-20T21:29:49Z,2026-05-21,2,ja,True,False,2026-09-28T05:30:46.179Z
b16cb029e0fd0a31,ChIJY1v1P_DdAWARwMvznJtMeMo,2026-05-20T22:54:04Z,2026-05-21,5,pt,True,False,2026-09-28T05:30:46.179Z
35e3a120635a0645,ChIJY1v1P_DdAWARwMvznJtMeMo,2026-05-21T04:38:27Z,2026-05-21,5,,False,False,2026-09-28T05:30:46.179Z
a86cfaa6da7a65f4,ChIJY1v1P_DdAWARwMvznJtMeMo,2026-05-21T07:57:20Z,2026-05-21,3,,False,False,2026-09-28T05:30:46.179Z
ee135d5a1c4bb8bb,ChIJY1v1P_DdAWARwMvznJtMeMo,2026-05-22T08:56:19Z,2026-05-22,5,,False,False,2026-09-28T05:30:46.179Z
490270a521d36960,ChIJY1v1P_DdAWARwMvznJtMeMo,2026-05-22T23:57:38Z,2026-05-23,5,,False,False,2026-09-28T05:30:46.179Z
8e77260373a4a0b5,ChIJY1v1P_DdAWARwMvznJtMeMo,2026-05-23T03:33:48Z,2026-05-23,5,,False,False,2026-09-28T05:30:46.179Z
b06c1f38be058b6e,ChIJY1v1P_DdAWARwMvznJtMeMo,2026-05-23T07:09:19Z,2026-05-23,5,ja,True,False,2026-09-28T05:30:46.179Z
6b200e60e01190c3,ChIJY1v1P_DdAWARwMvznJtMeMo,2026-05-23T08:51:05Z,2026-05-23,4,ja,True,False,2026-09-28T05:30:46.179Z
3ec6ffa0bb3aee09,ChIJY1v1P_DdAWARwMvznJtMeMo,2026-05-24T00:17:26Z,2026-05-24,5,,False,False,2026-09-28T05:30:46.179Z
6c56b532da9b6d8b,ChIJY1v1P_DdAWARwMvznJtMeMo,2026-05-24T13:17:18Z,2026-05-24,4,,False,False,2026-09-28T05:30:46.179Z
12a124e915471e70,ChIJY1v1P_DdAWARwMvznJtMeMo,2026-05-24T13:32:05Z,2026-05-24,5,,False,False,2026-09-28T05:30:46.179Z
6be17465bae13ee4,ChIJY1v1P_DdAWARwMvznJtMeMo,2026-05-25T06:50:37Z,2026-05-25,5,,False,False,2026-09-28T05:30:46.179Z
50ce25237aac35cf,ChIJY1v1P_DdAWARwMvznJtMeMo,2026-05-25T13:30:42Z,2026-05-25,4,,False,False,2026-09-28T05:30:46.179Z
f4e1ab1ec77c526a,ChIJY1v1P_DdAWARwMvznJtMeMo,2026-05-26T12:11:06Z,2026-05-26,4,,False,False,2026-09-28T05:30:46.179Z
7c9e38afbea890cb,ChIJY1v1P_DdAWARwMvznJtMeMo,2026-05-27T08:05:33Z,2026-05-27,4,,False,False,2026-09-28T05:30:46.179Z
a5d68567ef44c6e0,ChIJY1v1P_DdAWARwMvznJtMeMo,2026-05-27T11:00:08Z,2026-05-27,4,ja,True,False,2026-09-28T05:30:46.179Z
7c8597e40da70d2c,ChIJY1v1P_DdAWARwMvznJtMeMo,2026-05-28T12:42:22Z,2026-05-28,4,,False,False,2026-09-28T05:30:46.179Z
9f13bc9a9dcda26d,ChIJY1v1P_DdAWARwMvznJtMeMo,2026-05-29T11:48:35Z,2026-05-29,4,,False,False,2026-09-28T05:30:46.179Z
35a904c5feb7fd63,ChIJY1v1P_DdAWARwMvznJtMeMo,2026-05-31T03:34:41Z,2026-05-31,4,ja,True,False,2026-09-28T05:30:46.179Z
ffe3d9964a83c51b,ChIJY1v1P_DdAWARwMvznJtMeMo,2026-05-31T06:55:10Z,2026-05-31,4,,False,False,2026-09-28T05:30:46.179Z
2019648f0adf2159,ChIJY1v1P_DdAWARwMvznJtMeMo,2026-05-31T14:16:30Z,2026-05-31,5,,False,False,2026-09-28T05:30:46.179Z
4070491866c43416,ChIJY1v1P_DdAWARwMvznJtMeMo,2026-06-01T09:34:44Z,2026-06-01,5,ja,True,False,2026-09-28T05:30:46.179Z
b650af0c6e707528,ChIJY1v1P_DdAWARwMvznJtMeMo,2026-06-02T04:30:53Z,2026-06-02,4,,False,False,2026-09-28T05:30:46.179Z
6286b004a3a8d55e,ChIJY1v1P_DdAWARwMvznJtMeMo,2026-06-02T10:07:46Z,2026-06-02,5,pt,True,False,2026-09-28T05:30:46.179Z
9662a6d286009217,ChIJY1v1P_DdAWARwMvznJtMeMo,2026-06-02T22:55:11Z,2026-06-03,4,,False,False,2026-09-28T05:30:46.179Z
eeeffb7edb44a998,ChIJY1v1P_DdAWARwMvznJtMeMo,2026-06-04T04:19:40Z,2026-06-04,5,en,True,False,2026-09-28T05:30:46.179Z
e5ff65ed8974ada3,ChIJY1v1P_DdAWARwMvznJtMeMo,2026-06-06T00:27:29Z,2026-06-06,5,,False,False,2026-09-28T05:30:46.179Z
32be0adf92df949e,ChIJY1v1P_DdAWARwMvznJtMeMo,2026-06-06T12:32:05Z,2026-06-06,4,,False,False,2026-09-28T05:30:46.179Z
da9818067d3c446b,ChIJY1v1P_DdAWARwMvznJtMeMo,2026-06-06T13:31:48Z,2026-06-06,5,ja,True,False,2026-09-28T05:30:46.179Z
7cbf3d63488aab72,ChIJY1v1P_DdAWARwMvznJtMeMo,2026-06-06T19:37:11Z,2026-06-07,4,ja,True,False,2026-09-28T05:30:46.179Z
1a211b38446a8ea8,ChIJY1v1P_DdAWARwMvznJtMeMo,2026-06-06T19:49:32Z,2026-06-07,4,ja,True,False,2026-09-28T05:30:46.179Z
8691d0ae481a1a5d,ChIJY1v1P_DdAWARwMvznJtMeMo,2026-06-07T08:12:04Z,2026-06-07,3,,False,False,2026-09-28T05:30:46.179Z
1537fe24d9b140ed,ChIJY1v1P_DdAWARwMvznJtMeMo,2026-06-10T20:02:28Z,2026-06-11,3,,False,False,2026-09-28T05:30:46.179Z
65feeb55e684e5ca,ChIJY1v1P_DdAWARwMvznJtMeMo,2026-06-11T00:20:59Z,2026-06-11,5,,False,False,2026-09-28T05:30:46.179Z
d54090e72cd3cccf,ChIJY1v1P_DdAWARwMvznJtMeMo,2026-06-12T07:37:17Z,2026-06-12,4,ja,True,False,2026-09-28T05:30:46.179Z
59ff2b5c58601004,ChIJY1v1P_DdAWARwMvznJtMeMo,2026-06-12T22:09:29Z,2026-06-13,4,ja,True,False,2026-09-28T05:30:46.179Z
c2c6804f00b8b3ff,ChIJY1v1P_DdAWARwMvznJtMeMo,2026-06-13T05:14:30Z,2026-06-13,5,,False,False,2026-09-28T05:30:46.179Z
8360338b628f72c0,ChIJY1v1P_DdAWARwMvznJtMeMo,2026-06-13T21:14:11Z,2026-06-14,5,ja,True,False,2026-09-28T05:30:46.179Z
51827205ead97d99,ChIJY1v1P_DdAWARwMvznJtMeMo,2026-06-15T06:13:30Z,2026-06-15,5,ja,True,False,2026-09-28T05:30:46.179Z
bb5853cfad5afa42,ChIJY1v1P_DdAWARwMvznJtMeMo,2026-06-15T09:33:59Z,2026-06-15,4,,False,False,2026-09-28T05:30:46.179Z
668d2160d0921baa,ChIJY1v1P_DdAWARwMvznJtMeMo,2026-06-16T01:31:23Z,2026-06-16,5,ja,True,False,2026-09-28T05:30:46.179Z
0f186b4817594471,ChIJY1v1P_DdAWARwMvznJtMeMo,2026-06-16T07:26:24Z,2026-06-16,5,,False,False,2026-09-28T05:30:46.179Z
d0ccbfc59ea198a7,ChIJY1v1P_DdAWARwMvznJtMeMo,2026-06-16T16:05:57Z,2026-06-17,5,,False,False,2026-09-28T05:30:46.179Z
3246145c5b76f7ce,ChIJY1v1P_DdAWARwMvznJtMeMo,2026-06-17T04:53:36Z,2026-06-17,5,,False,False,2026-09-28T05:30:46.179Z
d42125cf121af846,ChIJY1v1P_DdAWARwMvznJtMeMo,2026-06-17T20:53:15Z,2026-06-18,4,,False,False,2026-09-28T05:30:46.179Z
848979cf89d1a53d,ChIJY1v1P_DdAWARwMvznJtMeMo,2026-06-18T03:20:42Z,2026-06-18,4,,False,False,2026-09-28T05:30:46.179Z
538933c071628a79,ChIJY1v1P_DdAWARwMvznJtMeMo,2026-06-20T01:20:00Z,2026-06-20,5,,False,False,2026-09-28T05:30:46.179Z
4b772f0c8a14008b,ChIJY1v1P_DdAWARwMvznJtMeMo,2026-06-20T08:33:48Z,2026-06-20,4,,False,False,2026-09-28T05:30:46.179Z
d7fc0aada4140312,ChIJY1v1P_DdAWARwMvznJtMeMo,2026-06-20T09:25:03Z,2026-06-20,5,,False,False,2026-09-28T05:30:46.179Z
fb73fdf5385b1a46,ChIJY1v1P_DdAWARwMvznJtMeMo,2026-06-20T11:26:43Z,2026-06-20,4,,False,False,2026-09-28T05:30:46.179Z
ce71d99e2c80f6b9,ChIJY1v1P_DdAWARwMvznJtMeMo,2026-06-22T00:32:02Z,2026-06-22,4,ja,True,False,2026-09-28T05:30:46.179Z
8155f3d770eeb6f5,ChIJY1v1P_DdAWARwMvznJtMeMo,2026-06-22T08:10:52Z,2026-06-22,5,ja,True,False,2026-09-28T05:30:46.179Z
0c3680d8202a2e0d,ChIJY1v1P_DdAWARwMvznJtMeMo,2026-06-22T11:07:04Z,2026-06-22,5,,False,False,2026-09-28T05:30:46.179Z
00f90bf5f754f05a,ChIJY1v1P_DdAWARwMvznJtMeMo,2026-06-23T06:21:51Z,2026-06-23,5,,False,False,2026-09-28T05:30:46.179Z
30e6ce40e0a89461,ChIJY1v1P_DdAWARwMvznJtMeMo,2026-06-23T10:20:48Z,2026-06-23,4,,False,False,2026-09-28T05:30:46.179Z
3b345535840c0cab,ChIJY1v1P_DdAWARwMvznJtMeMo,2026-06-24T05:34:54Z,2026-06-24,5,ja,True,False,2026-09-28T05:30:46.179Z
30b83cb5fd83e34a,ChIJY1v1P_DdAWARwMvznJtMeMo,2026-06-26T23:46:24Z,2026-06-27,3,ja,True,False,2026-09-28T05:30:46.179Z
24da8db25c72dedd,ChIJY1v1P_DdAWARwMvznJtMeMo,2026-06-28T06:20:54Z,2026-06-28,5,,False,False,2026-09-28T05:30:46.179Z
6c1438e0e86e9d72,ChIJY1v1P_DdAWARwMvznJtMeMo,2026-06-28T09:04:01Z,2026-06-28,5,,False,False,2026-09-28T05:30:46.179Z
b938b61f4886f51b,ChIJY1v1P_DdAWARwMvznJtMeMo,2026-06-30T04:29:43Z,2026-06-30,4,ja,True,False,2026-09-28T05:30:46.179Z
e79ec422a7b8bd5c,ChIJY1v1P_DdAWARwMvznJtMeMo,2026-06-30T20:27:00Z,2026-07-01,3,,False,False,2026-09-28T05:30:46.179Z
cbefeb120e61ae25,ChIJY1v1P_DdAWARwMvznJtMeMo,2026-07-01T01:52:46Z,2026-07-01,5,ja,True,False,2026-09-28T05:30:46.179Z
bd99fda55001e536,ChIJY1v1P_DdAWARwMvznJtMeMo,2026-07-01T10:48:56Z,2026-07-01,3,ja,True,False,2026-09-28T05:30:46.179Z
dc937e07920aab58,ChIJY1v1P_DdAWARwMvznJtMeMo,2026-07-01T15:18:32Z,2026-07-02,5,ja,True,False,2026-09-28T05:30:46.179Z
9a1dc2537a043356,ChIJY1v1P_DdAWARwMvznJtMeMo,2026-07-02T17:29:41Z,2026-07-03,4,zh-Hant,True,False,2026-09-28T05:30:46.179Z
59de612965bada79,ChIJY1v1P_DdAWARwMvznJtMeMo,2026-07-02T18:44:24Z,2026-07-03,5,,False,False,2026-09-28T05:30:46.179Z
c85ff4913bfcbbdb,ChIJY1v1P_DdAWARwMvznJtMeMo,2026-07-06T04:14:59Z,2026-07-06,4,ja,True,False,2026-09-28T05:30:46.179Z
fdc8ac4380127e37,ChIJY1v1P_DdAWARwMvznJtMeMo,2026-07-06T09:41:16Z,2026-07-06,5,ja,True,False,2026-09-28T05:30:46.179Z
82deb9a4e3cf4169,ChIJY1v1P_DdAWARwMvznJtMeMo,2026-07-06T13:08:31Z,2026-07-06,5,,False,False,2026-09-28T05:30:46.179Z
ef5e65ebc7fe6668,ChIJY1v1P_DdAWARwMvznJtMeMo,2026-07-09T09:11:50Z,2026-07-09,4,ja,True,False,2026-09-28T05:30:46.179Z
2f1526cc8f076b68,ChIJY1v1P_DdAWARwMvznJtMeMo,2026-07-10T06:14:01Z,2026-07-10,5,,False,False,2026-09-28T05:30:46.179Z
f5b6dd2c59597bc2,ChIJY1v1P_DdAWARwMvznJtMeMo,2026-07-11T09:37:26Z,2026-07-11,3,ja,True,False,2026-09-28T05:30:46.179Z
c2a94fba738e7824,ChIJY1v1P_DdAWARwMvznJtMeMo,2026-07-12T00:53:49Z,2026-07-12,4,,False,False,2026-09-28T05:30:46.179Z
63841f2e0595569e,ChIJY1v1P_DdAWARwMvznJtMeMo,2026-07-12T01:51:27Z,2026-07-12,5,,False,False,2026-09-28T05:30:46.179Z
4593b5ac6d018bc8,ChIJY1v1P_DdAWARwMvznJtMeMo,2026-07-13T06:59:02Z,2026-07-13,5,,False,False,2026-09-28T05:30:46.179Z
efcb517f241a049f,ChIJY1v1P_DdAWARwMvznJtMeMo,2026-07-14T11:35:23Z,2026-07-14,3,ja,True,False,2026-09-28T05:30:46.179Z
7fe3594ff04ec7a8,ChIJY1v1P_DdAWARwMvznJtMeMo,2026-07-17T03:02:25Z,2026-07-17,3,,False,False,2026-09-28T05:30:46.179Z
154b7080d15d73e7,ChIJY1v1P_DdAWARwMvznJtMeMo,2026-07-18T02:18:08Z,2026-07-18,5,,False,False,2026-09-28T05:30:46.179Z
ced6c016d6a1214d,ChIJY1v1P_DdAWARwMvznJtMeMo,2026-07-18T06:27:45Z,2026-07-18,3,,False,False,2026-09-28T05:30:46.179Z
46146a38c625e1b2,ChIJY1v1P_DdAWARwMvznJtMeMo,2026-07-18T10:34:53Z,2026-07-18,5,zh-Hant,True,False,2026-09-28T05:30:46.179Z
26a34ec5ca308ac4,ChIJY1v1P_DdAWARwMvznJtMeMo,2026-07-18T14:50:05Z,2026-07-18,4,,False,False,2026-09-28T05:30:46.179Z
e60b6d154a3490c9,ChIJY1v1P_DdAWARwMvznJtMeMo,2026-07-19T13:48:07Z,2026-07-19,5,,False,False,2026-09-28T05:30:46.179Z
4e59eb9df015a115,ChIJY1v1P_DdAWARwMvznJtMeMo,2026-07-20T13:16:31Z,2026-07-20,4,ja,True,False,2026-09-28T05:30:46.179Z
86acd623c2631355,ChIJY1v1P_DdAWARwMvznJtMeMo,2026-07-21T12:44:12Z,2026-07-21,5,ja,True,False,2026-09-28T05:30:46.179Z
8032d69cefc5ff06,ChIJY1v1P_DdAWARwMvznJtMeMo,2026-07-22T12:00:24Z,2026-07-22,5,fr,True,False,2026-09-28T05:30:46.179Z
48affb8fd0bd17a2,ChIJY1v1P_DdAWARwMvznJtMeMo,2026-07-23T06:09:41Z,2026-07-23,5,,False,False,2026-09-28T05:30:46.179Z
66f8ed4299bed6bc,ChIJY1v1P_DdAWARwMvznJtMeMo,2026-07-23T11:12:23Z,2026-07-23,5,,False,False,2026-09-28T05:30:46.179Z
b16f46a6ffe95d25,ChIJY1v1P_DdAWARwMvznJtMeMo,2026-07-24T01:49:21Z,2026-07-24,5,ja,True,False,2026-09-28T05:30:46.179Z
a7f4790c1b6bd343,ChIJY1v1P_DdAWARwMvznJtMeMo,2026-07-25T16:03:49Z,2026-07-26,4,,False,False,2026-09-28T05:30:46.179Z
d67a6e1e39c4c43e,ChIJY1v1P_DdAWARwMvznJtMeMo,2026-07-26T02:12:13Z,2026-07-26,4,,False,False,2026-09-28T05:30:46.179Z
29697c71747bca53,ChIJY1v1P_DdAWARwMvznJtMeMo,2026-07-26T05:33:37Z,2026-07-26,5,,False,False,2026-09-28T05:30:46.179Z
8cd088ea7f5b8b5f,ChIJY1v1P_DdAWARwMvznJtMeMo,2026-07-26T14:14:42Z,2026-07-26,5,,False,False,2026-09-28T05:30:46.179Z
be379d2a1d8bee58,ChIJY1v1P_DdAWARwMvznJtMeMo,2026-07-29T02:01:24Z,2026-07-29,5,ja,True,False,2026-09-28T05:30:46.179Z
3ef6653087ea8528,ChIJY1v1P_DdAWARwMvznJtMeMo,2026-07-29T14:09:46Z,2026-07-29,4,,False,False,2026-09-28T05:30:46.179Z
c8491a4f72a98d9a,ChIJY1v1P_DdAWARwMvznJtMeMo,2026-07-29T19:41:49Z,2026-07-30,4,ja,True,False,2026-09-28T05:30:46.179Z
56f9750b527b355d,ChIJY1v1P_DdAWARwMvznJtMeMo,2026-08-02T01:09:18Z,2026-08-02,4,ja,True,False,2026-09-28T05:30:46.179Z
1783004111022321,ChIJY1v1P_DdAWARwMvznJtMeMo,2026-08-02T23:01:35Z,2026-08-03,4,ja,True,False,2026-09-28T05:30:46.179Z
a0dcb3edd709c138,ChIJY1v1P_DdAWARwMvznJtMeMo,2026-08-03T06:08:35Z,2026-08-03,5,,False,False,2026-09-28T05:30:46.179Z
e401dc717325bcb4,ChIJY1v1P_DdAWARwMvznJtMeMo,2026-08-03T08:49:26Z,2026-08-03,4,ja,True,False,2026-09-28T05:30:46.179Z
12f2ac01429e7071,ChIJY1v1P_DdAWARwMvznJtMeMo,2026-08-03T09:29:51Z,2026-08-03,5,ja,True,False,2026-09-28T05:30:46.179Z
1cc15fc747a6de4c,ChIJY1v1P_DdAWARwMvznJtMeMo,2026-08-04T06:13:48Z,2026-08-04,4,,False,False,2026-09-28T05:30:46.179Z
053d2f7b6c4740f9,ChIJY1v1P_DdAWARwMvznJtMeMo,2026-08-04T22:02:41Z,2026-08-05,5,ja,True,False,2026-09-28T05:30:46.179Z
b65429e6a58bc33a,ChIJY1v1P_DdAWARwMvznJtMeMo,2026-08-04T23:50:58Z,2026-08-05,5,ja,True,False,2026-09-28T05:30:46.179Z
fec19b6eaa43300c,ChIJY1v1P_DdAWARwMvznJtMeMo,2026-08-06T23:34:47Z,2026-08-07,4,,False,False,2026-09-28T05:30:46.179Z
7898c10be638dd0b,ChIJY1v1P_DdAWARwMvznJtMeMo,2026-08-07T07:19:14Z,2026-08-07,4,,False,False,2026-09-28T05:30:46.179Z
85a13dc45c1d2387,ChIJY1v1P_DdAWARwMvznJtMeMo,2026-08-07T19:57:03Z,2026-08-08,5,,False,False,2026-09-28T05:30:46.179Z
b44579c0d24ca471,ChIJY1v1P_DdAWARwMvznJtMeMo,2026-08-08T23:22:31Z,2026-08-09,4,ja,True,False,2026-09-28T05:30:46.179Z
9d0dc708ef28a9b2,ChIJY1v1P_DdAWARwMvznJtMeMo,2026-08-12T01:48:47Z,2026-08-12,4,,False,False,2026-09-28T05:30:46.179Z
a4e0daa877d67200,ChIJY1v1P_DdAWARwMvznJtMeMo,2026-08-12T05:48:20Z,2026-08-12,5,,False,False,2026-09-28T05:30:46.179Z
7b7c5cbacf924809,ChIJY1v1P_DdAWARwMvznJtMeMo,2026-08-13T13:03:54Z,2026-08-13,5,ja,True,False,2026-09-28T05:30:46.179Z
07ac445113e2351f,ChIJY1v1P_DdAWARwMvznJtMeMo,2026-08-13T22:16:46Z,2026-08-14,4,ja,True,False,2026-09-28T05:30:46.179Z
dcda0335cffcfeb8,ChIJY1v1P_DdAWARwMvznJtMeMo,2026-08-15T02:08:09Z,2026-08-15,5,,False,False,2026-09-28T05:30:46.179Z
2198dd1d96c800a3,ChIJY1v1P_DdAWARwMvznJtMeMo,2026-08-15T02:35:14Z,2026-08-15,5,ja,True,False,2026-09-28T05:30:46.179Z
382131ea1455d7fa,ChIJY1v1P_DdAWARwMvznJtMeMo,2026-08-15T06:46:46Z,2026-08-15,5,,False,False,2026-09-28T05:30:46.179Z
bc18d378257d5b63,ChIJY1v1P_DdAWARwMvznJtMeMo,2026-08-15T08:03:19Z,2026-08-15,4,,False,False,2026-09-28T05:30:46.179Z
6f1da307c545462f,ChIJY1v1P_DdAWARwMvznJtMeMo,2026-08-15T12:23:22Z,2026-08-15,5,,False,False,2026-09-28T05:30:46.179Z
442ce15ef58adae2,ChIJY1v1P_DdAWARwMvznJtMeMo,2026-08-16T11:06:47Z,2026-08-16,4,ja,True,False,2026-09-28T05:30:46.179Z
b702bb85c148c65f,ChIJY1v1P_DdAWARwMvznJtMeMo,2026-08-16T12:20:02Z,2026-08-16,5,ja,True,False,2026-09-28T05:30:46.179Z
23ac2e7f6a781421,ChIJY1v1P_DdAWARwMvznJtMeMo,2026-08-16T14:21:49Z,2026-08-16,4,,False,False,2026-09-28T05:30:46.179Z
1ae6a48ee1bff5de,ChIJY1v1P_DdAWARwMvznJtMeMo,2026-08-17T03:41:54Z,2026-08-17,5,ja,True,False,2026-09-28T05:30:46.179Z
ab154609020e9eb7,ChIJY1v1P_DdAWARwMvznJtMeMo,2026-08-18T19:50:29Z,2026-08-19,4,ja,True,False,2026-09-28T05:30:46.179Z
b25c0d819bd1f2fd,ChIJY1v1P_DdAWARwMvznJtMeMo,2026-08-19T01:19:18Z,2026-08-19,5,ja,True,False,2026-09-28T05:30:46.179Z
261864a2fec79e7a,ChIJY1v1P_DdAWARwMvznJtMeMo,2026-08-19T12:22:20Z,2026-08-19,5,en,True,False,2026-09-28T05:30:46.179Z
3b9fae1ba75ea11c,ChIJY1v1P_DdAWARwMvznJtMeMo,2026-08-20T02:54:59Z,2026-08-20,5,,False,False,2026-09-28T05:30:46.179Z
c253bd3d3020dcc1,ChIJY1v1P_DdAWARwMvznJtMeMo,2026-08-21T10:53:44Z,2026-08-21,5,,False,False,2026-09-28T05:30:46.179Z
31045b03f02d8eda,ChIJY1v1P_DdAWARwMvznJtMeMo,2026-08-23T06:19:50Z,2026-08-23,4,ja,True,False,2026-09-28T05:30:46.179Z
1400349db2b60bf7,ChIJY1v1P_DdAWARwMvznJtMeMo,2026-08-23T10:14:14Z,2026-08-23,5,en,True,False,2026-09-28T05:30:46.179Z
c894e75d83e62cdc,ChIJY1v1P_DdAWARwMvznJtMeMo,2026-08-24T03:14:46Z,2026-08-24,5,ja,True,False,2026-09-28T05:30:46.179Z
714a0ceb1ee6fb13,ChIJY1v1P_DdAWARwMvznJtMeMo,2026-08-24T03:40:38Z,2026-08-24,5,,False,False,2026-09-28T05:30:46.179Z
f50bd2a5fe91a777,ChIJY1v1P_DdAWARwMvznJtMeMo,2026-08-24T10:48:07Z,2026-08-24,5,ja,True,False,2026-09-28T05:30:46.179Z
6a1616944d3d755e,ChIJY1v1P_DdAWARwMvznJtMeMo,2026-08-25T04:51:51Z,2026-08-25,5,ja,True,False,2026-09-28T05:30:46.179Z
c6ce2cdd428f2a18,ChIJY1v1P_DdAWARwMvznJtMeMo,2026-08-25T10:31:43Z,2026-08-25,5,,False,False,2026-09-28T05:30:46.179Z
f6e7c43f4f2cfdbe,ChIJY1v1P_DdAWARwMvznJtMeMo,2026-08-25T12:22:29Z,2026-08-25,5,ja,True,False,2026-09-28T05:30:46.179Z
32a5463ca5b4654d,ChIJY1v1P_DdAWARwMvznJtMeMo,2026-08-26T14:12:14Z,2026-08-26,4,ja,True,False,2026-09-28T05:30:46.179Z
665c5f8f44350cdb,ChIJY1v1P_DdAWARwMvznJtMeMo,2026-08-27T14:27:33Z,2026-08-27,4,,False,False,2026-09-28T05:30:46.179Z
a756124bac88becb,ChIJY1v1P_DdAWARwMvznJtMeMo,2026-08-27T23:02:02Z,2026-08-28,5,,False,False,2026-09-28T05:30:46.179Z
3149034d6cc2ee09,ChIJY1v1P_DdAWARwMvznJtMeMo,2026-08-28T04:10:36Z,2026-08-28,5,,False,False,2026-09-28T05:30:46.179Z
fb0d6001fa2693b6,ChIJY1v1P_DdAWARwMvznJtMeMo,2026-08-28T05:24:07Z,2026-08-28,5,zh-Hant,True,False,2026-09-28T05:30:46.179Z
5d63c9692aab1ab6,ChIJY1v1P_DdAWARwMvznJtMeMo,2026-08-29T09:29:08Z,2026-08-29,4,,False,False,2026-09-28T05:30:46.179Z
8ce767acced58c1b,ChIJY1v1P_DdAWARwMvznJtMeMo,2026-08-29T14:35:36Z,2026-08-29,5,,False,False,2026-09-28T05:30:46.179Z
a32bc3177c7d383d,ChIJY1v1P_DdAWARwMvznJtMeMo,2026-08-30T01:18:54Z,2026-08-30,5,ko,True,False,2026-09-28T05:30:46.179Z
9a2d72e3ba19ff5f,ChIJY1v1P_DdAWARwMvznJtMeMo,2026-08-30T12:11:34Z,2026-08-30,5,,False,False,2026-09-28T05:30:46.179Z
7ba0b4996a39cef8,ChIJY1v1P_DdAWARwMvznJtMeMo,2026-08-31T10:50:40Z,2026-08-31,5,,False,False,2026-09-28T05:30:46.179Z
5064dd2f7365231c,ChIJY1v1P_DdAWARwMvznJtMeMo,2026-09-01T05:59:01Z,2026-09-01,5,,False,False,2026-09-28T05:30:46.179Z
a516cc5ffc52f9c3,ChIJY1v1P_DdAWARwMvznJtMeMo,2026-09-02T12:52:05Z,2026-09-02,4,ja,True,False,2026-09-28T05:30:46.179Z
273050fc51d27fda,ChIJY1v1P_DdAWARwMvznJtMeMo,2026-09-03T04:36:10Z,2026-09-03,3,ja,True,False,2026-09-28T05:30:46.179Z
7a3ccf74c1d5b183,ChIJY1v1P_DdAWARwMvznJtMeMo,2026-09-05T10:46:55Z,2026-09-05,5,,False,False,2026-09-28T05:30:46.179Z
772890ee0d3d2fec,ChIJY1v1P_DdAWARwMvznJtMeMo,2026-09-05T11:32:42Z,2026-09-05,4,ja,True,False,2026-09-28T05:30:46.179Z
3b77c02fa9c25b77,ChIJY1v1P_DdAWARwMvznJtMeMo,2026-09-05T21:51:54Z,2026-09-06,5,,False,False,2026-09-28T05:30:46.179Z
5fbd9ee5ea670f0c,ChIJY1v1P_DdAWARwMvznJtMeMo,2026-09-06T06:02:36Z,2026-09-06,4,,False,False,2026-09-28T05:30:46.179Z
e2d79545cfc98a60,ChIJY1v1P_DdAWARwMvznJtMeMo,2026-09-06T07:05:20Z,2026-09-06,5,,False,False,2026-09-28T05:30:46.179Z
ead9806a5886825c,ChIJY1v1P_DdAWARwMvznJtMeMo,2026-09-07T05:31:26Z,2026-09-07,5,,False,False,2026-09-28T05:30:46.179Z
4a013688781f77f8,ChIJY1v1P_DdAWARwMvznJtMeMo,2026-09-07T06:43:04Z,2026-09-07,5,,False,False,2026-09-28T05:30:46.179Z
f12550258cda9428,ChIJY1v1P_DdAWARwMvznJtMeMo,2026-09-07T23:09:41Z,2026-09-08,5,ja,True,False,2026-09-28T05:30:46.179Z
57562de7a8588539,ChIJY1v1P_DdAWARwMvznJtMeMo,2026-09-08T01:23:58Z,2026-09-08,5,ja,True,False,2026-09-28T05:30:46.179Z
7ea6e8473debb2ba,ChIJY1v1P_DdAWARwMvznJtMeMo,2026-09-10T22:56:06Z,2026-09-11,4,,False,False,2026-09-28T05:30:46.179Z
be1b5760d18d6a21,ChIJY1v1P_DdAWARwMvznJtMeMo,2026-09-11T23:29:14Z,2026-09-12,4,,False,False,2026-09-28T05:30:46.179Z
49092d40ad91aca5,ChIJY1v1P_DdAWARwMvznJtMeMo,2026-09-12T01:36:17Z,2026-09-12,5,,False,False,2026-09-28T05:30:46.179Z
42dd923117292782,ChIJY1v1P_DdAWARwMvznJtMeMo,2026-09-12T02:34:07Z,2026-09-12,5,,False,False,2026-09-28T05:30:46.179Z
16dafe758c3710ec,ChIJY1v1P_DdAWARwMvznJtMeMo,2026-09-12T04:24:15Z,2026-09-12,5,,False,False,2026-09-28T05:30:46.179Z
4578257d42f4d973,ChIJY1v1P_DdAWARwMvznJtMeMo,2026-09-12T11:21:53Z,2026-09-12,4,ja,True,False,2026-09-28T05:30:46.179Z
ba43e2c2505b4d3d,ChIJY1v1P_DdAWARwMvznJtMeMo,2026-09-12T20:59:28Z,2026-09-13,5,,False,False,2026-09-28T05:30:46.179Z
38e62bb3f1927484,ChIJY1v1P_DdAWARwMvznJtMeMo,2026-09-13T03:21:04Z,2026-09-13,5,,False,False,2026-09-28T05:30:46.179Z
36f6f18fab596ae8,ChIJY1v1P_DdAWARwMvznJtMeMo,2026-09-13T04:55:06Z,2026-09-13,4,,False,False,2026-09-28T05:30:46.179Z
bd2a7475336aefdc,ChIJY1v1P_DdAWARwMvznJtMeMo,2026-09-13T10:54:39Z,2026-09-13,5,,False,False,2026-09-28T05:30:46.179Z
d597ae7d596f2012,ChIJY1v1P_DdAWARwMvznJtMeMo,2026-09-14T10:46:39Z,2026-09-14,4,,False,False,2026-09-28T05:30:46.179Z
5a9507b80bfe8804,ChIJY1v1P_DdAWARwMvznJtMeMo,2026-09-15T03:21:08Z,2026-09-15,4,ja,True,False,2026-09-28T05:30:46.179Z
627d2b36a5ce8df8,ChIJY1v1P_DdAWARwMvznJtMeMo,2026-09-16T08:10:38Z,2026-09-16,5,ja,True,False,2026-09-28T05:30:46.179Z
f0852e826de967ab,ChIJY1v1P_DdAWARwMvznJtMeMo,2026-09-17T22:38:06Z,2026-09-18,5,,False,False,2026-09-28T05:30:46.179Z
553170f35b34904a,ChIJY1v1P_DdAWARwMvznJtMeMo,2026-09-18T19:59:01Z,2026-09-19,4,ja,True,False,2026-09-28T05:30:46.179Z
6243041291c6a7b0,ChIJY1v1P_DdAWARwMvznJtMeMo,2026-09-18T23:07:05Z,2026-09-19,5,ja,True,False,2026-09-28T05:30:46.179Z
c926d779f5fe7092,ChIJY1v1P_DdAWARwMvznJtMeMo,2026-09-19T20:42:41Z,2026-09-20,5,,False,False,2026-09-28T05:30:46.179Z
48f1d504f0950960,ChIJY1v1P_DdAWARwMvznJtMeMo,2026-09-20T00:01:22Z,2026-09-20,5,pt,True,False,2026-09-28T05:30:46.179Z
1d6fdc62fc1aa796,ChIJY1v1P_DdAWARwMvznJtMeMo,2026-09-20T05:04:18Z,2026-09-20,4,,False,False,2026-09-28T05:30:46.179Z
dc858e60004982bb,ChIJY1v1P_DdAWARwMvznJtMeMo,2026-09-20T10:40:37Z,2026-09-20,5,,False,False,2026-09-28T05:30:46.179Z
f866d772645ea197,ChIJY1v1P_DdAWARwMvznJtMeMo,2026-09-20T12:11:28Z,2026-09-20,4,,False,False,2026-09-28T05:30:46.179Z
1d50533277bae2b9,ChIJY1v1P_DdAWARwMvznJtMeMo,2026-09-21T00:39:11Z,2026-09-21,3,,False,False,2026-09-28T05:30:46.179Z
b704dd4befca4221,ChIJY1v1P_DdAWARwMvznJtMeMo,2026-09-21T02:44:53Z,2026-09-21,5,,False,False,2026-09-28T05:30:46.179Z
a566ee296f7f8904,ChIJY1v1P_DdAWARwMvznJtMeMo,2026-09-21T06:04:46Z,2026-09-21,5,ja,True,False,2026-09-28T05:30:46.179Z
bd6a552bb801b963,ChIJY1v1P_DdAWARwMvznJtMeMo,2026-09-22T10:21:34Z,2026-09-22,4,ja,True,False,2026-09-28T05:30:46.179Z
6cf0fbd3bd5508e7,ChIJY1v1P_DdAWARwMvznJtMeMo,2026-09-22T12:48:41Z,2026-09-22,5,,False,False,2026-09-28T05:30:46.179Z
7cdf252cd7d2f2ab,ChIJY1v1P_DdAWARwMvznJtMeMo,2026-09-22T13:19:13Z,2026-09-22,5,ja,True,False,2026-09-28T05:30:46.179Z
1a7d04debb951340,ChIJY1v1P_DdAWARwMvznJtMeMo,2026-09-23T00:24:53Z,2026-09-23,4,ja,True,False,2026-09-28T05:30:46.179Z
b695868f371d713d,ChIJY1v1P_DdAWARwMvznJtMeMo,2026-09-23T01:09:36Z,2026-09-23,5,ja,True,False,2026-09-28T05:30:46.179Z
30d735b17a6fd020,ChIJY1v1P_DdAWARwMvznJtMeMo,2026-09-23T02:00:38Z,2026-09-23,5,,False,False,2026-09-28T05:30:46.179Z
dac4dfd49cf0020a,ChIJY1v1P_DdAWARwMvznJtMeMo,2026-09-23T03:17:22Z,2026-09-23,4,,False,False,2026-09-28T05:30:46.179Z
086997f0c0509d7f,ChIJY1v1P_DdAWARwMvznJtMeMo,2026-09-23T03:21:27Z,2026-09-23,4,,False,False,2026-09-28T05:30:46.179Z
07dde9afbccb4466,ChIJY1v1P_DdAWARwMvznJtMeMo,2026-09-23T08:15:17Z,2026-09-23,5,,False,False,2026-09-28T05:30:46.179Z
41e5760b079c537b,ChIJY1v1P_DdAWARwMvznJtMeMo,2026-09-23T08:33:30Z,2026-09-23,5,,False,False,2026-09-28T05:30:46.179Z
e9a3314c2f38dbde,ChIJY1v1P_DdAWARwMvznJtMeMo,2026-09-23T12:18:34Z,2026-09-23,2,ja,True,False,2026-09-28T05:30:46.179Z
d13481dd02e2dcc1,ChIJY1v1P_DdAWARwMvznJtMeMo,2026-09-23T12:50:57Z,2026-09-23,4,ja,True,False,2026-09-28T05:30:46.179Z
e8c5a65ac1b68cc6,ChIJY1v1P_DdAWARwMvznJtMeMo,2026-09-24T22:08:34Z,2026-09-25,4,ja,True,False,2026-09-30T04:19:35.986Z
05b8d8118b1706e3,ChIJY1v1P_DdAWARwMvznJtMeMo,2026-09-25T03:46:35Z,2026-09-25,5,,False,False,2026-09-30T04:19:35.986Z
7d49bbfb31060794,ChIJY1v1P_DdAWARwMvznJtMeMo,2026-09-25T14:02:37Z,2026-09-25,5,,False,False,2026-09-30T04:19:35.986Z
9847442c24c110d4,ChIJY1v1P_DdAWARwMvznJtMeMo,2026-09-26T14:29:16Z,2026-09-26,3,zh-Hant,True,False,2026-09-30T04:19:35.986Z
dc335ae4807408d2,ChIJY1v1P_DdAWARwMvznJtMeMo,2026-09-26T22:24:26Z,2026-09-27,5,,False,False,2026-09-30T04:19:35.986Z
ba428c9c4eab0b0d,ChIJY1v1P_DdAWARwMvznJtMeMo,2026-09-27T00:03:44Z,2026-09-27,4,,False,False,2026-09-30T04:19:35.986Z
f5b43f10b6b1e169,ChIJY1v1P_DdAWARwMvznJtMeMo,2026-09-27T09:56:20Z,2026-09-27,4,ja,True,False,2026-09-30T04:19:35.986Z
19a2d2ad15fb765a,ChIJY1v1P_DdAWARwMvznJtMeMo,2026-09-27T13:03:21Z,2026-09-27,4,,False,False,2026-09-30T04:19:35.986Z
d8a688dff5d6a8ca,ChIJY1v1P_DdAWARwMvznJtMeMo,2026-09-27T15:34:15Z,2026-09-28,4,ja,True,False,2026-09-30T04:19:35.986Z
e43bf93d2ba241c3,ChIJY1v1P_DdAWARwMvznJtMeMo,2026-09-29T00:13:52Z,2026-09-29,5,,False,False,2026-09-30T04:19:35.986Z
af055ca7ed13cdd3,ChIJY1v1P_DdAWARwMvznJtMeMo,2026-09-29T11:15:14Z,2026-09-29,5,,False,False,2026-09-30T04:19:35.986Z
