review_hash,place_id,published_at,date,stars,language,has_text,owner_replied,scraped_at
800398946ef47719,ChIJ8w9fldvl-F8RxirqCy78VTs,2026-03-22T14:46:05Z,2026-03-22,4,,False,False,2026-09-28T05:30:29.261Z
6d2fbf10721ad78d,ChIJ8w9fldvl-F8RxirqCy78VTs,2026-03-22T22:41:19Z,2026-03-23,4,ja,True,False,2026-09-28T05:30:29.261Z
2205c25047a5d564,ChIJ8w9fldvl-F8RxirqCy78VTs,2026-03-23T20:50:58Z,2026-03-24,4,,False,False,2026-09-28T05:30:29.261Z
517dfcae36547113,ChIJ8w9fldvl-F8RxirqCy78VTs,2026-03-24T13:17:26Z,2026-03-24,5,,False,False,2026-09-28T05:30:29.261Z
a7fef0c1d70e0171,ChIJ8w9fldvl-F8RxirqCy78VTs,2026-03-25T03:25:17Z,2026-03-25,4,,False,False,2026-09-28T05:30:29.261Z
ed33946f8e6418fa,ChIJ8w9fldvl-F8RxirqCy78VTs,2026-03-25T05:33:40Z,2026-03-25,5,,False,False,2026-09-28T05:30:29.261Z
448f50b3fd3afbd6,ChIJ8w9fldvl-F8RxirqCy78VTs,2026-03-25T07:51:23Z,2026-03-25,5,ja,True,False,2026-09-28T05:30:29.261Z
b5cdd54b6b36083b,ChIJ8w9fldvl-F8RxirqCy78VTs,2026-03-25T23:12:57Z,2026-03-26,5,ja,True,False,2026-09-28T05:30:29.261Z
ced8b7257db90e20,ChIJ8w9fldvl-F8RxirqCy78VTs,2026-03-26T02:19:27Z,2026-03-26,5,ja,True,False,2026-09-28T05:30:29.261Z
73a2e0d8b4714de2,ChIJ8w9fldvl-F8RxirqCy78VTs,2026-03-26T06:36:00Z,2026-03-26,5,,False,False,2026-09-28T05:30:29.261Z
2522a293b47f7995,ChIJ8w9fldvl-F8RxirqCy78VTs,2026-03-26T07:24:26Z,2026-03-26,5,ja,True,False,2026-09-28T05:30:29.261Z
e6db5c241bb82dbb,ChIJ8w9fldvl-F8RxirqCy78VTs,2026-03-26T07:48:20Z,2026-03-26,4,,False,False,2026-09-28T05:30:29.261Z
7d61f736f6ef6b9d,ChIJ8w9fldvl-F8RxirqCy78VTs,2026-03-26T07:59:37Z,2026-03-26,4,ja,True,False,2026-09-28T05:30:29.261Z
596e5b09266e6f8a,ChIJ8w9fldvl-F8RxirqCy78VTs,2026-03-26T16:09:20Z,2026-03-27,5,ja,True,False,2026-09-28T05:30:29.261Z
e002f4ebb37e1441,ChIJ8w9fldvl-F8RxirqCy78VTs,2026-03-26T23:38:37Z,2026-03-27,5,,False,False,2026-09-28T05:30:29.261Z
fbe10fdb5af146ad,ChIJ8w9fldvl-F8RxirqCy78VTs,2026-03-27T08:49:29Z,2026-03-27,5,,False,False,2026-09-28T05:30:29.261Z
2ddd58ed45100a94,ChIJ8w9fldvl-F8RxirqCy78VTs,2026-03-27T09:26:19Z,2026-03-27,5,ja,True,False,2026-09-28T05:30:29.261Z
57d109ffa80c79b0,ChIJ8w9fldvl-F8RxirqCy78VTs,2026-03-27T09:56:13Z,2026-03-27,1,ja,True,False,2026-09-28T05:30:29.261Z
125b91afa8f36f1e,ChIJ8w9fldvl-F8RxirqCy78VTs,2026-03-27T11:21:27Z,2026-03-27,5,en,True,False,2026-09-28T05:30:29.261Z
3a8b06e212e67975,ChIJ8w9fldvl-F8RxirqCy78VTs,2026-03-27T12:45:01Z,2026-03-27,4,,False,False,2026-09-28T05:30:29.261Z
baa42838768e4c25,ChIJ8w9fldvl-F8RxirqCy78VTs,2026-03-27T14:36:18Z,2026-03-27,4,,False,False,2026-09-28T05:30:29.261Z
0e8179e08643cf81,ChIJ8w9fldvl-F8RxirqCy78VTs,2026-03-27T23:27:48Z,2026-03-28,3,,False,False,2026-09-28T05:30:29.261Z
08e519cede9138be,ChIJ8w9fldvl-F8RxirqCy78VTs,2026-03-28T00:31:03Z,2026-03-28,5,,False,False,2026-09-28T05:30:29.261Z
1783610a2c7dfa61,ChIJ8w9fldvl-F8RxirqCy78VTs,2026-03-28T21:56:47Z,2026-03-29,4,,False,False,2026-09-28T05:30:29.261Z
e5a88db34064ade1,ChIJ8w9fldvl-F8RxirqCy78VTs,2026-03-29T03:38:00Z,2026-03-29,4,ja,True,False,2026-09-28T05:30:29.261Z
1f827d1e8df36af8,ChIJ8w9fldvl-F8RxirqCy78VTs,2026-03-29T05:50:51Z,2026-03-29,5,,False,False,2026-09-28T05:30:29.261Z
ccc035d2b313ba33,ChIJ8w9fldvl-F8RxirqCy78VTs,2026-03-29T09:52:03Z,2026-03-29,5,,False,False,2026-09-28T05:30:29.261Z
a01ac0888c82fdb2,ChIJ8w9fldvl-F8RxirqCy78VTs,2026-03-29T11:33:21Z,2026-03-29,4,,False,False,2026-09-28T05:30:29.261Z
4923f7ad5f897b1c,ChIJ8w9fldvl-F8RxirqCy78VTs,2026-03-29T14:10:52Z,2026-03-29,4,,False,False,2026-09-28T05:30:29.261Z
71ad18c883adf77f,ChIJ8w9fldvl-F8RxirqCy78VTs,2026-03-29T19:42:09Z,2026-03-30,5,ja,True,False,2026-09-28T05:30:29.261Z
fc38f08d72c10969,ChIJ8w9fldvl-F8RxirqCy78VTs,2026-03-30T04:53:38Z,2026-03-30,5,ja,True,False,2026-09-28T05:30:29.261Z
b74524bae35855a3,ChIJ8w9fldvl-F8RxirqCy78VTs,2026-03-30T07:30:36Z,2026-03-30,1,ja,True,False,2026-09-28T05:30:29.261Z
dffd7fd9a730544d,ChIJ8w9fldvl-F8RxirqCy78VTs,2026-03-30T10:01:51Z,2026-03-30,3,ja,True,False,2026-09-28T05:30:29.261Z
609031db7542e290,ChIJ8w9fldvl-F8RxirqCy78VTs,2026-03-30T13:23:09Z,2026-03-30,5,en,True,False,2026-09-28T05:30:29.261Z
e42ca540b116d92f,ChIJ8w9fldvl-F8RxirqCy78VTs,2026-03-30T19:54:05Z,2026-03-31,4,,False,False,2026-09-28T05:30:29.261Z
aded5c9f3702a3ec,ChIJ8w9fldvl-F8RxirqCy78VTs,2026-03-31T01:26:46Z,2026-03-31,5,ja,True,False,2026-09-28T05:30:29.261Z
662eecbf9e9c9c1c,ChIJ8w9fldvl-F8RxirqCy78VTs,2026-03-31T02:48:13Z,2026-03-31,5,,False,False,2026-09-28T05:30:29.261Z
e007630f1a6b2732,ChIJ8w9fldvl-F8RxirqCy78VTs,2026-03-31T04:30:37Z,2026-03-31,5,zh-Hant,True,False,2026-09-28T05:30:29.261Z
078098da2277429d,ChIJ8w9fldvl-F8RxirqCy78VTs,2026-03-31T07:58:50Z,2026-03-31,5,,False,False,2026-09-28T05:30:29.261Z
91988d737c767221,ChIJ8w9fldvl-F8RxirqCy78VTs,2026-03-31T14:33:34Z,2026-03-31,4,ja,True,False,2026-09-28T05:30:29.261Z
d4383aeeb3336e3a,ChIJ8w9fldvl-F8RxirqCy78VTs,2026-03-31T14:49:59Z,2026-03-31,5,ja,True,False,2026-09-28T05:30:29.261Z
61a8a0f0a72e4ea6,ChIJ8w9fldvl-F8RxirqCy78VTs,2026-04-01T03:03:03Z,2026-04-01,4,,False,False,2026-09-28T05:30:29.261Z
11a49f672e522969,ChIJ8w9fldvl-F8RxirqCy78VTs,2026-04-01T07:15:26Z,2026-04-01,4,,False,False,2026-09-28T05:30:29.261Z
3e904411e09b0574,ChIJ8w9fldvl-F8RxirqCy78VTs,2026-04-01T10:17:36Z,2026-04-01,4,ja,True,False,2026-09-28T05:30:29.261Z
4052ed49d80076f6,ChIJ8w9fldvl-F8RxirqCy78VTs,2026-04-01T12:05:19Z,2026-04-01,5,,False,False,2026-09-28T05:30:29.261Z
f2077bcdb73b90a8,ChIJ8w9fldvl-F8RxirqCy78VTs,2026-04-01T12:37:57Z,2026-04-01,5,,False,False,2026-09-28T05:30:29.261Z
989cb3211b7944c4,ChIJ8w9fldvl-F8RxirqCy78VTs,2026-04-01T12:49:00Z,2026-04-01,4,ja,True,False,2026-09-28T05:30:29.261Z
083e520e0b7d61fb,ChIJ8w9fldvl-F8RxirqCy78VTs,2026-04-01T22:33:52Z,2026-04-02,4,ja,True,False,2026-09-28T05:30:29.261Z
1e9e0c838a519b07,ChIJ8w9fldvl-F8RxirqCy78VTs,2026-04-02T01:54:22Z,2026-04-02,5,zh-Hant,True,False,2026-09-28T05:30:29.261Z
62074dc3d292d53b,ChIJ8w9fldvl-F8RxirqCy78VTs,2026-04-03T04:27:55Z,2026-04-03,4,ja,True,False,2026-09-28T05:30:29.261Z
42a3ccead2d7c328,ChIJ8w9fldvl-F8RxirqCy78VTs,2026-04-03T11:13:27Z,2026-04-03,5,ja,True,False,2026-09-28T05:30:29.261Z
8187c9065afc4fe8,ChIJ8w9fldvl-F8RxirqCy78VTs,2026-04-03T12:43:57Z,2026-04-03,5,ja,True,False,2026-09-28T05:30:29.261Z
ef2830b99ca7de2c,ChIJ8w9fldvl-F8RxirqCy78VTs,2026-04-03T23:33:51Z,2026-04-04,5,pt,True,False,2026-09-28T05:30:29.261Z
c985ec341b5e70e5,ChIJ8w9fldvl-F8RxirqCy78VTs,2026-04-04T04:02:09Z,2026-04-04,5,en,True,False,2026-09-28T05:30:29.261Z
607fc3ef98376336,ChIJ8w9fldvl-F8RxirqCy78VTs,2026-04-04T10:33:26Z,2026-04-04,5,,False,False,2026-09-28T05:30:29.261Z
0434d31b4034ca12,ChIJ8w9fldvl-F8RxirqCy78VTs,2026-04-04T23:19:33Z,2026-04-05,5,ja,True,False,2026-09-28T05:30:29.261Z
4e7812fe3878cd36,ChIJ8w9fldvl-F8RxirqCy78VTs,2026-04-05T08:31:46Z,2026-04-05,4,,False,False,2026-09-28T05:30:29.261Z
c6fbeea24c4a5f10,ChIJ8w9fldvl-F8RxirqCy78VTs,2026-04-05T08:34:16Z,2026-04-05,4,,False,False,2026-09-28T05:30:29.261Z
33c3e2c98cc102ea,ChIJ8w9fldvl-F8RxirqCy78VTs,2026-04-05T10:10:02Z,2026-04-05,5,,False,False,2026-09-28T05:30:29.261Z
7d0748554b7165e1,ChIJ8w9fldvl-F8RxirqCy78VTs,2026-04-05T11:28:56Z,2026-04-05,3,,False,False,2026-09-28T05:30:29.261Z
39569dd577764321,ChIJ8w9fldvl-F8RxirqCy78VTs,2026-04-06T02:11:24Z,2026-04-06,4,,False,False,2026-09-28T05:30:29.261Z
e33c10a27eb8d9ca,ChIJ8w9fldvl-F8RxirqCy78VTs,2026-04-06T03:49:07Z,2026-04-06,5,,False,False,2026-09-28T05:30:29.261Z
ba824a4034984126,ChIJ8w9fldvl-F8RxirqCy78VTs,2026-04-06T08:58:02Z,2026-04-06,5,,False,False,2026-09-28T05:30:29.261Z
14b21fbe9a1a1c55,ChIJ8w9fldvl-F8RxirqCy78VTs,2026-04-06T09:21:17Z,2026-04-06,5,,False,False,2026-09-28T05:30:29.261Z
068c80f9af9bfafa,ChIJ8w9fldvl-F8RxirqCy78VTs,2026-04-06T13:20:29Z,2026-04-06,4,ja,True,False,2026-09-28T05:30:29.261Z
7686fae3fbb649cd,ChIJ8w9fldvl-F8RxirqCy78VTs,2026-04-07T08:18:57Z,2026-04-07,5,ja,True,False,2026-09-28T05:30:29.261Z
1e54b0001b7f09bb,ChIJ8w9fldvl-F8RxirqCy78VTs,2026-04-07T09:23:43Z,2026-04-07,5,,False,False,2026-09-28T05:30:29.261Z
4ceaba703cfb7afd,ChIJ8w9fldvl-F8RxirqCy78VTs,2026-04-07T09:43:40Z,2026-04-07,4,,False,False,2026-09-28T05:30:29.261Z
cdf94abe06064db9,ChIJ8w9fldvl-F8RxirqCy78VTs,2026-04-07T12:56:09Z,2026-04-07,5,,False,False,2026-09-28T05:30:29.261Z
2f7a4956252429b8,ChIJ8w9fldvl-F8RxirqCy78VTs,2026-04-08T02:07:01Z,2026-04-08,5,,False,False,2026-09-28T05:30:29.261Z
a6d3a1247dd03649,ChIJ8w9fldvl-F8RxirqCy78VTs,2026-04-08T04:52:33Z,2026-04-08,5,th,True,False,2026-09-28T05:30:29.261Z
3c4f712f948121a7,ChIJ8w9fldvl-F8RxirqCy78VTs,2026-04-08T05:56:47Z,2026-04-08,5,,False,False,2026-09-28T05:30:29.261Z
05eda1225abc1095,ChIJ8w9fldvl-F8RxirqCy78VTs,2026-04-08T12:40:38Z,2026-04-08,5,ja,True,False,2026-09-28T05:30:29.261Z
f724139ac0e11175,ChIJ8w9fldvl-F8RxirqCy78VTs,2026-04-08T21:16:28Z,2026-04-09,5,ja,True,False,2026-09-28T05:30:29.261Z
bc09fd1e70e6b873,ChIJ8w9fldvl-F8RxirqCy78VTs,2026-04-08T23:32:29Z,2026-04-09,3,ja,True,False,2026-09-28T05:30:29.261Z
6b35037aa9bf82ff,ChIJ8w9fldvl-F8RxirqCy78VTs,2026-04-09T00:42:28Z,2026-04-09,5,,False,False,2026-09-28T05:30:29.261Z
adc9faec2b855d46,ChIJ8w9fldvl-F8RxirqCy78VTs,2026-04-09T04:13:27Z,2026-04-09,4,,False,False,2026-09-28T05:30:29.261Z
362bef4123d97fa0,ChIJ8w9fldvl-F8RxirqCy78VTs,2026-04-09T14:13:00Z,2026-04-09,3,,False,False,2026-09-28T05:30:29.261Z
63a5450c32773eec,ChIJ8w9fldvl-F8RxirqCy78VTs,2026-04-10T02:23:46Z,2026-04-10,4,,False,False,2026-09-28T05:30:29.261Z
fecd20fba6b63f92,ChIJ8w9fldvl-F8RxirqCy78VTs,2026-04-10T08:31:05Z,2026-04-10,3,,False,False,2026-09-28T05:30:29.261Z
44301653fe882133,ChIJ8w9fldvl-F8RxirqCy78VTs,2026-04-10T08:32:10Z,2026-04-10,5,ja,True,False,2026-09-28T05:30:29.261Z
7b28283d2409a46f,ChIJ8w9fldvl-F8RxirqCy78VTs,2026-04-11T04:05:54Z,2026-04-11,5,,False,False,2026-09-28T05:30:29.261Z
b68a9be2d90bf720,ChIJ8w9fldvl-F8RxirqCy78VTs,2026-04-11T09:52:59Z,2026-04-11,4,ja,True,False,2026-09-28T05:30:29.261Z
f4f58412ee59646a,ChIJ8w9fldvl-F8RxirqCy78VTs,2026-04-11T13:00:55Z,2026-04-11,4,zh-Hant,True,False,2026-09-28T05:30:29.261Z
9800bac0f70dad7a,ChIJ8w9fldvl-F8RxirqCy78VTs,2026-04-11T16:15:05Z,2026-04-12,4,ja,True,False,2026-09-28T05:30:29.261Z
07bfff34560c9e43,ChIJ8w9fldvl-F8RxirqCy78VTs,2026-04-11T20:45:08Z,2026-04-12,3,,False,False,2026-09-28T05:30:29.261Z
8843afab9ff8ccec,ChIJ8w9fldvl-F8RxirqCy78VTs,2026-04-11T21:51:54Z,2026-04-12,4,,False,False,2026-09-28T05:30:29.261Z
26fea157739e774a,ChIJ8w9fldvl-F8RxirqCy78VTs,2026-04-11T22:53:38Z,2026-04-12,4,,False,False,2026-09-28T05:30:29.261Z
bec6d3acba1ca5e6,ChIJ8w9fldvl-F8RxirqCy78VTs,2026-04-11T23:38:10Z,2026-04-12,3,ja,True,False,2026-09-28T05:30:29.261Z
c871216b16a82233,ChIJ8w9fldvl-F8RxirqCy78VTs,2026-04-11T23:56:25Z,2026-04-12,4,,False,False,2026-09-28T05:30:29.261Z
b25a5a1a6eb80b0d,ChIJ8w9fldvl-F8RxirqCy78VTs,2026-04-12T02:17:21Z,2026-04-12,5,ja,True,False,2026-09-28T05:30:29.261Z
ab8bb9b4e8d0ccd5,ChIJ8w9fldvl-F8RxirqCy78VTs,2026-04-12T04:05:21Z,2026-04-12,5,,False,False,2026-09-28T05:30:29.261Z
40b70ff95eed2442,ChIJ8w9fldvl-F8RxirqCy78VTs,2026-04-12T08:52:43Z,2026-04-12,4,ja,True,False,2026-09-28T05:30:29.261Z
b67c9b9cb24bd788,ChIJ8w9fldvl-F8RxirqCy78VTs,2026-04-13T07:14:02Z,2026-04-13,5,ja,True,False,2026-09-28T05:30:29.261Z
4f28528d86713c3b,ChIJ8w9fldvl-F8RxirqCy78VTs,2026-04-13T14:32:33Z,2026-04-13,5,ja,True,False,2026-09-28T05:30:29.261Z
6e92f7813ada30a5,ChIJ8w9fldvl-F8RxirqCy78VTs,2026-04-13T23:15:50Z,2026-04-14,4,ja,True,False,2026-09-28T05:30:29.261Z
2a4fe4c158600697,ChIJ8w9fldvl-F8RxirqCy78VTs,2026-04-14T00:43:23Z,2026-04-14,4,,False,False,2026-09-28T05:30:29.261Z
5c99028c9e1cb2bc,ChIJ8w9fldvl-F8RxirqCy78VTs,2026-04-14T01:30:01Z,2026-04-14,2,ja,True,False,2026-09-28T05:30:29.261Z
6152e89e4835dcb6,ChIJ8w9fldvl-F8RxirqCy78VTs,2026-04-14T09:03:36Z,2026-04-14,5,,False,False,2026-09-28T05:30:29.261Z
7e380bab9d78fda4,ChIJ8w9fldvl-F8RxirqCy78VTs,2026-04-14T11:21:51Z,2026-04-14,5,ja,True,False,2026-09-28T05:30:29.261Z
ba19bed335958559,ChIJ8w9fldvl-F8RxirqCy78VTs,2026-04-14T15:48:37Z,2026-04-15,5,ja,True,False,2026-09-28T05:30:29.261Z
bf970f4dfb8f2877,ChIJ8w9fldvl-F8RxirqCy78VTs,2026-04-16T02:49:24Z,2026-04-16,5,,False,False,2026-09-28T05:30:29.261Z
afbea3f51dd7b270,ChIJ8w9fldvl-F8RxirqCy78VTs,2026-04-16T08:05:18Z,2026-04-16,3,ja,True,False,2026-09-28T05:30:29.261Z
543ed9d1f1d25eeb,ChIJ8w9fldvl-F8RxirqCy78VTs,2026-04-16T13:12:18Z,2026-04-16,4,,False,False,2026-09-28T05:30:29.261Z
8a6db4a45e1c3996,ChIJ8w9fldvl-F8RxirqCy78VTs,2026-04-17T08:32:58Z,2026-04-17,5,ja,True,False,2026-09-28T05:30:29.261Z
7fa132c3972a0403,ChIJ8w9fldvl-F8RxirqCy78VTs,2026-04-17T12:49:32Z,2026-04-17,5,zh-Hant,True,False,2026-09-28T05:30:29.261Z
16c4bcdd6f692bb8,ChIJ8w9fldvl-F8RxirqCy78VTs,2026-04-17T13:14:21Z,2026-04-17,5,ja,True,False,2026-09-28T05:30:29.261Z
4f595c685d095a2f,ChIJ8w9fldvl-F8RxirqCy78VTs,2026-04-17T13:30:58Z,2026-04-17,4,,False,False,2026-09-28T05:30:29.261Z
5e9193bfb80ea318,ChIJ8w9fldvl-F8RxirqCy78VTs,2026-04-17T14:15:26Z,2026-04-17,4,,False,False,2026-09-28T05:30:29.261Z
c77d648fe2aca0ca,ChIJ8w9fldvl-F8RxirqCy78VTs,2026-04-17T14:51:21Z,2026-04-17,4,,False,False,2026-09-28T05:30:29.261Z
060b999748d6d989,ChIJ8w9fldvl-F8RxirqCy78VTs,2026-04-18T01:21:24Z,2026-04-18,4,ja,True,False,2026-09-28T05:30:29.261Z
caefdaf353b69833,ChIJ8w9fldvl-F8RxirqCy78VTs,2026-04-18T06:35:16Z,2026-04-18,5,ja,True,False,2026-09-28T05:30:29.261Z
29d2045c7ea5f275,ChIJ8w9fldvl-F8RxirqCy78VTs,2026-04-18T07:35:47Z,2026-04-18,5,ja,True,False,2026-09-28T05:30:29.261Z
7cc2a197d8b052ed,ChIJ8w9fldvl-F8RxirqCy78VTs,2026-04-18T09:06:40Z,2026-04-18,5,,False,False,2026-09-28T05:30:29.261Z
2f1a40aa9d5ad9a0,ChIJ8w9fldvl-F8RxirqCy78VTs,2026-04-18T13:12:36Z,2026-04-18,5,ja,True,False,2026-09-28T05:30:29.261Z
73e48049bc24dfd3,ChIJ8w9fldvl-F8RxirqCy78VTs,2026-04-18T23:20:47Z,2026-04-19,5,en,True,False,2026-09-28T05:30:29.261Z
9a7a3a68c1303258,ChIJ8w9fldvl-F8RxirqCy78VTs,2026-04-19T02:36:31Z,2026-04-19,3,,False,False,2026-09-28T05:30:29.261Z
ad0ca42172242b1e,ChIJ8w9fldvl-F8RxirqCy78VTs,2026-04-19T08:02:44Z,2026-04-19,3,,False,False,2026-09-28T05:30:29.261Z
ebe87c7d697f21c3,ChIJ8w9fldvl-F8RxirqCy78VTs,2026-04-19T08:14:11Z,2026-04-19,4,,False,False,2026-09-28T05:30:29.261Z
b9b1fd45f589cd2b,ChIJ8w9fldvl-F8RxirqCy78VTs,2026-04-19T09:36:26Z,2026-04-19,4,ja,True,False,2026-09-28T05:30:29.261Z
804a9aa2b633a017,ChIJ8w9fldvl-F8RxirqCy78VTs,2026-04-19T10:02:47Z,2026-04-19,2,ja,True,False,2026-09-28T05:30:29.261Z
c83180473af8f021,ChIJ8w9fldvl-F8RxirqCy78VTs,2026-04-19T15:09:10Z,2026-04-20,4,ja,True,False,2026-09-28T05:30:29.261Z
2e66ae4fc139eb10,ChIJ8w9fldvl-F8RxirqCy78VTs,2026-04-20T05:39:56Z,2026-04-20,5,ja,True,False,2026-09-28T05:30:29.261Z
e17a409e053f461e,ChIJ8w9fldvl-F8RxirqCy78VTs,2026-04-20T12:54:35Z,2026-04-20,4,ja,True,False,2026-09-28T05:30:29.261Z
cd7412312cebb8be,ChIJ8w9fldvl-F8RxirqCy78VTs,2026-04-21T09:32:07Z,2026-04-21,5,ja,True,False,2026-09-28T05:30:29.261Z
6776ec3c2ac80d40,ChIJ8w9fldvl-F8RxirqCy78VTs,2026-04-21T11:40:12Z,2026-04-21,2,ja,True,False,2026-09-28T05:30:29.261Z
4364fafac128e0cc,ChIJ8w9fldvl-F8RxirqCy78VTs,2026-04-21T11:42:13Z,2026-04-21,5,ru,True,False,2026-09-28T05:30:29.261Z
87f6b40e6edd44b4,ChIJ8w9fldvl-F8RxirqCy78VTs,2026-04-21T22:00:48Z,2026-04-22,4,,False,False,2026-09-28T05:30:29.261Z
9ad0a5fc09ae9f91,ChIJ8w9fldvl-F8RxirqCy78VTs,2026-04-22T00:04:02Z,2026-04-22,4,,False,False,2026-09-28T05:30:29.261Z
fe1bd9a96d854295,ChIJ8w9fldvl-F8RxirqCy78VTs,2026-04-22T07:55:11Z,2026-04-22,4,,False,False,2026-09-28T05:30:29.261Z
dd09f041d6c51a6c,ChIJ8w9fldvl-F8RxirqCy78VTs,2026-04-22T13:01:05Z,2026-04-22,5,ja,True,False,2026-09-28T05:30:29.261Z
83f325478d57dd3a,ChIJ8w9fldvl-F8RxirqCy78VTs,2026-04-22T14:07:41Z,2026-04-22,5,ja,True,False,2026-09-28T05:30:29.261Z
a793ffa7f065500b,ChIJ8w9fldvl-F8RxirqCy78VTs,2026-04-22T23:11:24Z,2026-04-23,5,ja,True,False,2026-09-28T05:30:29.261Z
6d108e90d50859fe,ChIJ8w9fldvl-F8RxirqCy78VTs,2026-04-22T23:30:36Z,2026-04-23,5,ja,True,False,2026-09-28T05:30:29.261Z
c98ca9afdc87cd91,ChIJ8w9fldvl-F8RxirqCy78VTs,2026-04-23T07:27:50Z,2026-04-23,5,,False,False,2026-09-28T05:30:29.261Z
700e5fb4c418df9f,ChIJ8w9fldvl-F8RxirqCy78VTs,2026-04-24T02:54:42Z,2026-04-24,4,,False,False,2026-09-28T05:30:29.261Z
b826bc39e895137e,ChIJ8w9fldvl-F8RxirqCy78VTs,2026-04-24T14:45:49Z,2026-04-24,4,zh-Hant,True,False,2026-09-28T05:30:29.261Z
c6d4419309336a35,ChIJ8w9fldvl-F8RxirqCy78VTs,2026-04-25T00:07:36Z,2026-04-25,5,,False,False,2026-09-28T05:30:29.261Z
29a4d5ad8449e7e2,ChIJ8w9fldvl-F8RxirqCy78VTs,2026-04-25T00:57:30Z,2026-04-25,5,ja,True,False,2026-09-28T05:30:29.261Z
ad3e0c86bf1f8b1e,ChIJ8w9fldvl-F8RxirqCy78VTs,2026-04-25T02:48:20Z,2026-04-25,5,,False,False,2026-09-28T05:30:29.261Z
3171683b6ca444cf,ChIJ8w9fldvl-F8RxirqCy78VTs,2026-04-25T04:08:45Z,2026-04-25,1,,False,False,2026-09-28T05:30:29.261Z
b4f37de295429535,ChIJ8w9fldvl-F8RxirqCy78VTs,2026-04-25T08:13:18Z,2026-04-25,5,,False,False,2026-09-28T05:30:29.261Z
c55f94685324fa37,ChIJ8w9fldvl-F8RxirqCy78VTs,2026-04-25T09:15:28Z,2026-04-25,4,ja,True,False,2026-09-28T05:30:29.261Z
092ebcd3338c0104,ChIJ8w9fldvl-F8RxirqCy78VTs,2026-04-25T21:59:37Z,2026-04-26,5,ja,True,False,2026-09-28T05:30:29.261Z
b207fb78e8ba2485,ChIJ8w9fldvl-F8RxirqCy78VTs,2026-04-25T23:13:46Z,2026-04-26,5,,False,False,2026-09-28T05:30:29.261Z
50f9392977d6d4d8,ChIJ8w9fldvl-F8RxirqCy78VTs,2026-04-25T23:20:25Z,2026-04-26,4,ja,True,False,2026-09-28T05:30:29.261Z
d14fe0ba1721e3e4,ChIJ8w9fldvl-F8RxirqCy78VTs,2026-04-26T00:27:24Z,2026-04-26,5,,False,False,2026-09-28T05:30:29.261Z
6bbfb898df170ffd,ChIJ8w9fldvl-F8RxirqCy78VTs,2026-04-26T07:06:43Z,2026-04-26,5,id,True,False,2026-09-28T05:30:29.261Z
0841adcae8d7dcb2,ChIJ8w9fldvl-F8RxirqCy78VTs,2026-04-26T08:04:28Z,2026-04-26,3,,False,False,2026-09-28T05:30:29.261Z
555e9186b1e225cb,ChIJ8w9fldvl-F8RxirqCy78VTs,2026-04-26T08:07:42Z,2026-04-26,3,,False,False,2026-09-28T05:30:29.261Z
652e360e2a44bf59,ChIJ8w9fldvl-F8RxirqCy78VTs,2026-04-26T09:18:32Z,2026-04-26,5,ja,True,False,2026-09-28T05:30:29.261Z
85bf23d4fd7478a5,ChIJ8w9fldvl-F8RxirqCy78VTs,2026-04-26T13:46:19Z,2026-04-26,4,ja,True,False,2026-09-28T05:30:29.261Z
403eedde08dd006c,ChIJ8w9fldvl-F8RxirqCy78VTs,2026-04-26T14:04:44Z,2026-04-26,5,ja,True,False,2026-09-28T05:30:29.261Z
30942a9efb343850,ChIJ8w9fldvl-F8RxirqCy78VTs,2026-04-27T06:52:56Z,2026-04-27,2,zh-Hant,True,False,2026-09-28T05:30:29.261Z
cf404302ec82a6be,ChIJ8w9fldvl-F8RxirqCy78VTs,2026-04-27T11:49:19Z,2026-04-27,2,ja,True,False,2026-09-28T05:30:29.261Z
37ee224d6c32edd4,ChIJ8w9fldvl-F8RxirqCy78VTs,2026-04-28T06:18:47Z,2026-04-28,5,,False,False,2026-09-28T05:30:29.261Z
9ad43d299048442b,ChIJ8w9fldvl-F8RxirqCy78VTs,2026-04-28T09:16:02Z,2026-04-28,5,,False,False,2026-09-28T05:30:29.261Z
16317fbb8ee9625e,ChIJ8w9fldvl-F8RxirqCy78VTs,2026-04-28T09:34:48Z,2026-04-28,4,,False,False,2026-09-28T05:30:29.261Z
04ee6b9c1f4f4405,ChIJ8w9fldvl-F8RxirqCy78VTs,2026-04-28T10:19:23Z,2026-04-28,5,,False,False,2026-09-28T05:30:29.261Z
a4ba27c91f94220b,ChIJ8w9fldvl-F8RxirqCy78VTs,2026-04-28T12:47:37Z,2026-04-28,5,zh-Hant,True,False,2026-09-28T05:30:29.261Z
72c17a82d4c6c0fd,ChIJ8w9fldvl-F8RxirqCy78VTs,2026-04-28T17:46:05Z,2026-04-29,4,,False,False,2026-09-28T05:30:29.261Z
8ac8fb9002b9ee23,ChIJ8w9fldvl-F8RxirqCy78VTs,2026-04-28T19:30:10Z,2026-04-29,5,,False,False,2026-09-28T05:30:29.261Z
c59d5b84c516bc9f,ChIJ8w9fldvl-F8RxirqCy78VTs,2026-04-29T00:11:39Z,2026-04-29,5,,False,False,2026-09-28T05:30:29.261Z
02fc3dc2f7b47ab4,ChIJ8w9fldvl-F8RxirqCy78VTs,2026-04-29T01:57:20Z,2026-04-29,5,en,True,False,2026-09-28T05:30:29.261Z
c5515e82a13ba11c,ChIJ8w9fldvl-F8RxirqCy78VTs,2026-04-29T03:37:30Z,2026-04-29,5,,False,False,2026-09-28T05:30:29.261Z
35d25a221ce08668,ChIJ8w9fldvl-F8RxirqCy78VTs,2026-04-29T04:15:19Z,2026-04-29,4,,False,False,2026-09-28T05:30:29.261Z
4ef71021e5a1347d,ChIJ8w9fldvl-F8RxirqCy78VTs,2026-04-29T06:45:04Z,2026-04-29,4,,False,False,2026-09-28T05:30:29.261Z
5eea8247ca9f6e66,ChIJ8w9fldvl-F8RxirqCy78VTs,2026-04-29T08:46:54Z,2026-04-29,4,,False,False,2026-09-28T05:30:29.261Z
717bb36702efc39e,ChIJ8w9fldvl-F8RxirqCy78VTs,2026-04-29T23:21:53Z,2026-04-30,3,ja,True,False,2026-09-28T05:30:29.261Z
a8132b95eb2ff273,ChIJ8w9fldvl-F8RxirqCy78VTs,2026-04-30T01:02:08Z,2026-04-30,4,zh-Hant,True,False,2026-09-28T05:30:29.261Z
8334bf4a0b1d2e61,ChIJ8w9fldvl-F8RxirqCy78VTs,2026-04-30T01:11:45Z,2026-04-30,4,ja,True,False,2026-09-28T05:30:29.261Z
10a304a6cdfcb02b,ChIJ8w9fldvl-F8RxirqCy78VTs,2026-04-30T08:15:15Z,2026-04-30,5,,False,False,2026-09-28T05:30:29.261Z
70e0da8e1b43ae58,ChIJ8w9fldvl-F8RxirqCy78VTs,2026-04-30T12:27:43Z,2026-04-30,5,ja,True,False,2026-09-28T05:30:29.261Z
efefb5b95385463c,ChIJ8w9fldvl-F8RxirqCy78VTs,2026-04-30T13:49:13Z,2026-04-30,5,,False,False,2026-09-28T05:30:29.261Z
a09b3e40a8c712eb,ChIJ8w9fldvl-F8RxirqCy78VTs,2026-04-30T13:50:00Z,2026-04-30,5,ja,True,False,2026-09-28T05:30:29.261Z
1cb59743c2bfed6d,ChIJ8w9fldvl-F8RxirqCy78VTs,2026-04-30T22:14:07Z,2026-05-01,5,,False,False,2026-09-28T05:30:29.261Z
91171515f689ba9c,ChIJ8w9fldvl-F8RxirqCy78VTs,2026-05-01T22:43:37Z,2026-05-02,4,,False,False,2026-09-28T05:30:29.261Z
5aa88d9e182fcedd,ChIJ8w9fldvl-F8RxirqCy78VTs,2026-05-02T02:51:41Z,2026-05-02,4,ja,True,False,2026-09-28T05:30:29.261Z
afdb65addf1da39f,ChIJ8w9fldvl-F8RxirqCy78VTs,2026-05-02T08:17:38Z,2026-05-02,5,,False,False,2026-09-28T05:30:29.261Z
49170cbff3d685d4,ChIJ8w9fldvl-F8RxirqCy78VTs,2026-05-02T13:11:32Z,2026-05-02,3,ja,True,False,2026-09-28T05:30:29.261Z
192bf136c0cdb402,ChIJ8w9fldvl-F8RxirqCy78VTs,2026-05-02T23:27:28Z,2026-05-03,5,,False,False,2026-09-28T05:30:29.261Z
0f76f9f10fda4fba,ChIJ8w9fldvl-F8RxirqCy78VTs,2026-05-03T06:28:20Z,2026-05-03,3,,False,False,2026-09-28T05:30:29.261Z
f289d44446394c23,ChIJ8w9fldvl-F8RxirqCy78VTs,2026-05-03T12:47:51Z,2026-05-03,3,en,True,False,2026-09-28T05:30:29.261Z
52a44e36c9a1db2e,ChIJ8w9fldvl-F8RxirqCy78VTs,2026-05-03T13:09:57Z,2026-05-03,3,,False,False,2026-09-28T05:30:29.261Z
fd5d9d11eee1fdcb,ChIJ8w9fldvl-F8RxirqCy78VTs,2026-05-03T13:37:42Z,2026-05-03,5,ja,True,False,2026-09-28T05:30:29.261Z
30649694ec84e37d,ChIJ8w9fldvl-F8RxirqCy78VTs,2026-05-03T14:31:59Z,2026-05-03,4,,False,False,2026-09-28T05:30:29.261Z
bc5f673c967e99a9,ChIJ8w9fldvl-F8RxirqCy78VTs,2026-05-03T21:07:12Z,2026-05-04,4,,False,False,2026-09-28T05:30:29.261Z
578cbfc89745c64a,ChIJ8w9fldvl-F8RxirqCy78VTs,2026-05-04T03:48:18Z,2026-05-04,3,ja,True,False,2026-09-28T05:30:29.261Z
339bdaf2f1cff9ac,ChIJ8w9fldvl-F8RxirqCy78VTs,2026-05-04T03:49:08Z,2026-05-04,5,,False,False,2026-09-28T05:30:29.261Z
4fbfe37835108111,ChIJ8w9fldvl-F8RxirqCy78VTs,2026-05-04T04:46:45Z,2026-05-04,5,ja,True,False,2026-09-28T05:30:29.261Z
3fe6669370b5f34b,ChIJ8w9fldvl-F8RxirqCy78VTs,2026-05-04T05:12:38Z,2026-05-04,4,ja,True,False,2026-09-28T05:30:29.261Z
57be9971d7c5fdb4,ChIJ8w9fldvl-F8RxirqCy78VTs,2026-05-04T06:49:30Z,2026-05-04,5,ja,True,False,2026-09-28T05:30:29.261Z
f1e6bad5144a29ef,ChIJ8w9fldvl-F8RxirqCy78VTs,2026-05-04T06:56:38Z,2026-05-04,1,,False,False,2026-09-28T05:30:29.261Z
927b9e3f1548c773,ChIJ8w9fldvl-F8RxirqCy78VTs,2026-05-04T07:13:28Z,2026-05-04,5,ja,True,False,2026-09-28T05:30:29.261Z
7264ff020192d48b,ChIJ8w9fldvl-F8RxirqCy78VTs,2026-05-04T07:33:32Z,2026-05-04,5,ja,True,False,2026-09-28T05:30:29.261Z
649f1e321c7ec77f,ChIJ8w9fldvl-F8RxirqCy78VTs,2026-05-04T08:04:39Z,2026-05-04,5,,False,False,2026-09-28T05:30:29.261Z
ee6e9d3a6065a644,ChIJ8w9fldvl-F8RxirqCy78VTs,2026-05-04T10:30:16Z,2026-05-04,5,ja,True,False,2026-09-28T05:30:29.261Z
1fadfcba2ea9b2a2,ChIJ8w9fldvl-F8RxirqCy78VTs,2026-05-04T13:20:03Z,2026-05-04,5,ja,True,False,2026-09-28T05:30:29.261Z
4c0e4c839ce97860,ChIJ8w9fldvl-F8RxirqCy78VTs,2026-05-04T15:30:48Z,2026-05-05,5,,False,False,2026-09-28T05:30:29.261Z
3cea4a9106efb8c6,ChIJ8w9fldvl-F8RxirqCy78VTs,2026-05-04T15:41:32Z,2026-05-05,4,,False,False,2026-09-28T05:30:29.261Z
06e1a04721b44e55,ChIJ8w9fldvl-F8RxirqCy78VTs,2026-05-04T23:46:45Z,2026-05-05,5,,False,False,2026-09-28T05:30:29.261Z
e7f8661ebd382b55,ChIJ8w9fldvl-F8RxirqCy78VTs,2026-05-05T01:47:25Z,2026-05-05,4,,False,False,2026-09-28T05:30:29.261Z
18cb94392b744ba9,ChIJ8w9fldvl-F8RxirqCy78VTs,2026-05-05T06:43:57Z,2026-05-05,3,,False,False,2026-09-28T05:30:29.261Z
4e2359ceb3768b95,ChIJ8w9fldvl-F8RxirqCy78VTs,2026-05-05T07:41:52Z,2026-05-05,5,,False,False,2026-09-28T05:30:29.261Z
c19a8718b77d7b88,ChIJ8w9fldvl-F8RxirqCy78VTs,2026-05-05T08:27:43Z,2026-05-05,5,,False,False,2026-09-28T05:30:29.261Z
3e6e5f98b9018f19,ChIJ8w9fldvl-F8RxirqCy78VTs,2026-05-05T09:52:23Z,2026-05-05,5,en,True,False,2026-09-28T05:30:29.261Z
b562b5415a6cc5a8,ChIJ8w9fldvl-F8RxirqCy78VTs,2026-05-05T10:57:37Z,2026-05-05,5,,False,False,2026-09-28T05:30:29.261Z
143a1e991d3559f7,ChIJ8w9fldvl-F8RxirqCy78VTs,2026-05-05T11:26:20Z,2026-05-05,5,ja,True,False,2026-09-28T05:30:29.261Z
d64272ca3f77101f,ChIJ8w9fldvl-F8RxirqCy78VTs,2026-05-05T12:42:55Z,2026-05-05,5,,False,False,2026-09-28T05:30:29.261Z
b25ef8fdd7552e38,ChIJ8w9fldvl-F8RxirqCy78VTs,2026-05-05T15:25:21Z,2026-05-06,5,ja,True,False,2026-09-28T05:30:29.261Z
21135fada02f2169,ChIJ8w9fldvl-F8RxirqCy78VTs,2026-05-05T18:34:33Z,2026-05-06,5,ja,True,False,2026-09-28T05:30:29.261Z
567b12c5259dfc15,ChIJ8w9fldvl-F8RxirqCy78VTs,2026-05-05T22:35:34Z,2026-05-06,5,,False,False,2026-09-28T05:30:29.261Z
4033b88bbe34f6e2,ChIJ8w9fldvl-F8RxirqCy78VTs,2026-05-05T23:52:10Z,2026-05-06,5,ja,True,False,2026-09-28T05:30:29.261Z
1b60a3d689b2a6fd,ChIJ8w9fldvl-F8RxirqCy78VTs,2026-05-05T23:56:34Z,2026-05-06,5,,False,False,2026-09-28T05:30:29.261Z
6dec7a5718471f94,ChIJ8w9fldvl-F8RxirqCy78VTs,2026-05-06T00:31:56Z,2026-05-06,4,,False,False,2026-09-28T05:30:29.261Z
4c807c99f5ff75d7,ChIJ8w9fldvl-F8RxirqCy78VTs,2026-05-06T01:57:52Z,2026-05-06,4,ja,True,False,2026-09-28T05:30:29.261Z
13dfc605eed86790,ChIJ8w9fldvl-F8RxirqCy78VTs,2026-05-06T02:55:05Z,2026-05-06,5,,False,False,2026-09-28T05:30:29.261Z
930b12fcc8dcae4d,ChIJ8w9fldvl-F8RxirqCy78VTs,2026-05-06T05:41:25Z,2026-05-06,4,ja,True,False,2026-09-28T05:30:29.261Z
c2a2ea8f3080297d,ChIJ8w9fldvl-F8RxirqCy78VTs,2026-05-06T05:49:50Z,2026-05-06,3,,False,False,2026-09-28T05:30:29.261Z
77f22bf9a093a8f5,ChIJ8w9fldvl-F8RxirqCy78VTs,2026-05-06T05:51:38Z,2026-05-06,5,,False,False,2026-09-28T05:30:29.261Z
8460cc453e608617,ChIJ8w9fldvl-F8RxirqCy78VTs,2026-05-06T06:02:05Z,2026-05-06,5,ja,True,False,2026-09-28T05:30:29.261Z
8cdb4bf4ce92e641,ChIJ8w9fldvl-F8RxirqCy78VTs,2026-05-06T06:16:36Z,2026-05-06,1,,False,False,2026-09-28T05:30:29.261Z
20c048c2124cc3a7,ChIJ8w9fldvl-F8RxirqCy78VTs,2026-05-06T06:24:04Z,2026-05-06,3,ja,True,False,2026-09-28T05:30:29.261Z
ceaa77d54b4e9f67,ChIJ8w9fldvl-F8RxirqCy78VTs,2026-05-06T06:49:41Z,2026-05-06,5,ja,True,False,2026-09-28T05:30:29.261Z
5d81ec3d002b2aff,ChIJ8w9fldvl-F8RxirqCy78VTs,2026-05-06T07:22:13Z,2026-05-06,5,,False,False,2026-09-28T05:30:29.261Z
0b5161efd5c288c9,ChIJ8w9fldvl-F8RxirqCy78VTs,2026-05-06T11:19:46Z,2026-05-06,5,,False,False,2026-09-28T05:30:29.261Z
4a317c432ed0aca6,ChIJ8w9fldvl-F8RxirqCy78VTs,2026-05-06T11:24:31Z,2026-05-06,5,ja,True,False,2026-09-28T05:30:29.261Z
e89ef726a981f319,ChIJ8w9fldvl-F8RxirqCy78VTs,2026-05-06T12:16:29Z,2026-05-06,5,ja,True,False,2026-09-28T05:30:29.261Z
b91fe1359e75855b,ChIJ8w9fldvl-F8RxirqCy78VTs,2026-05-07T01:14:16Z,2026-05-07,5,,False,False,2026-09-28T05:30:29.261Z
bdabecbaeca82913,ChIJ8w9fldvl-F8RxirqCy78VTs,2026-05-07T22:31:39Z,2026-05-08,3,,False,False,2026-09-28T05:30:29.261Z
4c8736848ea6c166,ChIJ8w9fldvl-F8RxirqCy78VTs,2026-05-07T22:58:56Z,2026-05-08,5,ja,True,False,2026-09-28T05:30:29.261Z
b8bf0a1297758b94,ChIJ8w9fldvl-F8RxirqCy78VTs,2026-05-08T01:27:31Z,2026-05-08,3,,False,False,2026-09-28T05:30:29.261Z
d5f4b3f66ac6cd10,ChIJ8w9fldvl-F8RxirqCy78VTs,2026-05-08T01:37:04Z,2026-05-08,4,,False,False,2026-09-28T05:30:29.261Z
600cb248a4415bc8,ChIJ8w9fldvl-F8RxirqCy78VTs,2026-05-08T01:46:54Z,2026-05-08,4,,False,False,2026-09-28T05:30:29.261Z
5f59a25b48f5ed5b,ChIJ8w9fldvl-F8RxirqCy78VTs,2026-05-08T02:38:53Z,2026-05-08,5,ja,True,False,2026-09-28T05:30:29.261Z
fdfed06eb2af29e4,ChIJ8w9fldvl-F8RxirqCy78VTs,2026-05-08T02:48:49Z,2026-05-08,4,ja,True,False,2026-09-28T05:30:29.261Z
202bc6090b2f7905,ChIJ8w9fldvl-F8RxirqCy78VTs,2026-05-08T03:59:17Z,2026-05-08,5,ja,True,False,2026-09-28T05:30:29.261Z
a6284ff08d09754d,ChIJ8w9fldvl-F8RxirqCy78VTs,2026-05-08T05:50:14Z,2026-05-08,5,,False,False,2026-09-28T05:30:29.261Z
70ebe6ac8a384e0a,ChIJ8w9fldvl-F8RxirqCy78VTs,2026-05-08T08:10:04Z,2026-05-08,4,ja,True,False,2026-09-28T05:30:29.261Z
9178cd0f791fdcbe,ChIJ8w9fldvl-F8RxirqCy78VTs,2026-05-08T08:54:47Z,2026-05-08,4,,False,False,2026-09-28T05:30:29.261Z
c5b76cef3b922e5b,ChIJ8w9fldvl-F8RxirqCy78VTs,2026-05-08T13:43:53Z,2026-05-08,4,ja,True,False,2026-09-28T05:30:29.261Z
37a205eb9e657c75,ChIJ8w9fldvl-F8RxirqCy78VTs,2026-05-08T13:49:25Z,2026-05-08,5,,False,False,2026-09-28T05:30:29.261Z
a12e0827fb9ad276,ChIJ8w9fldvl-F8RxirqCy78VTs,2026-05-09T01:40:59Z,2026-05-09,5,ja,True,False,2026-09-28T05:30:29.261Z
f5a4a8ff21473092,ChIJ8w9fldvl-F8RxirqCy78VTs,2026-05-09T04:03:45Z,2026-05-09,4,ja,True,False,2026-09-28T05:30:29.261Z
24e9ddaee9550d3a,ChIJ8w9fldvl-F8RxirqCy78VTs,2026-05-09T04:25:05Z,2026-05-09,5,ja,True,False,2026-09-28T05:30:29.261Z
34404968d83739d0,ChIJ8w9fldvl-F8RxirqCy78VTs,2026-05-09T06:40:33Z,2026-05-09,5,,False,False,2026-09-28T05:30:29.261Z
411468a5f431e8d7,ChIJ8w9fldvl-F8RxirqCy78VTs,2026-05-09T14:03:47Z,2026-05-09,5,ja,True,False,2026-09-28T05:30:29.261Z
8597a17c15ed291a,ChIJ8w9fldvl-F8RxirqCy78VTs,2026-05-10T00:46:49Z,2026-05-10,5,,False,False,2026-09-28T05:30:29.261Z
c240d78ccce1033b,ChIJ8w9fldvl-F8RxirqCy78VTs,2026-05-10T01:33:20Z,2026-05-10,4,,False,False,2026-09-28T05:30:29.261Z
0c485db4c907753f,ChIJ8w9fldvl-F8RxirqCy78VTs,2026-05-10T02:08:27Z,2026-05-10,3,ja,True,False,2026-09-28T05:30:29.261Z
d9ff1567f4dec994,ChIJ8w9fldvl-F8RxirqCy78VTs,2026-05-10T02:55:59Z,2026-05-10,5,ja,True,False,2026-09-28T05:30:29.261Z
59be501946c341ea,ChIJ8w9fldvl-F8RxirqCy78VTs,2026-05-10T03:17:53Z,2026-05-10,3,,False,False,2026-09-28T05:30:29.261Z
957091bfe7a5dc85,ChIJ8w9fldvl-F8RxirqCy78VTs,2026-05-10T05:24:02Z,2026-05-10,4,,False,False,2026-09-28T05:30:29.261Z
a0541763e1772347,ChIJ8w9fldvl-F8RxirqCy78VTs,2026-05-10T06:51:19Z,2026-05-10,4,ja,True,False,2026-09-28T05:30:29.261Z
95e2f1349d149dd6,ChIJ8w9fldvl-F8RxirqCy78VTs,2026-05-10T13:02:21Z,2026-05-10,5,,False,False,2026-09-28T05:30:29.261Z
0b5bb0c5ed1512b7,ChIJ8w9fldvl-F8RxirqCy78VTs,2026-05-10T14:32:11Z,2026-05-10,4,ja,True,False,2026-09-28T05:30:29.261Z
e543186b692c0459,ChIJ8w9fldvl-F8RxirqCy78VTs,2026-05-10T22:13:42Z,2026-05-11,5,ja,True,False,2026-09-28T05:30:29.261Z
4fa5c33547eaa538,ChIJ8w9fldvl-F8RxirqCy78VTs,2026-05-11T00:00:18Z,2026-05-11,5,,False,False,2026-09-28T05:30:29.261Z
22cdc1aa701ee26a,ChIJ8w9fldvl-F8RxirqCy78VTs,2026-05-11T06:57:01Z,2026-05-11,5,,False,False,2026-09-28T05:30:29.261Z
976dd7fb0542315c,ChIJ8w9fldvl-F8RxirqCy78VTs,2026-05-11T08:48:50Z,2026-05-11,5,,False,False,2026-09-28T05:30:29.261Z
046f18d67817e649,ChIJ8w9fldvl-F8RxirqCy78VTs,2026-05-11T09:30:48Z,2026-05-11,3,ja,True,False,2026-09-28T05:30:29.261Z
d0f3d11c737de278,ChIJ8w9fldvl-F8RxirqCy78VTs,2026-05-11T16:23:11Z,2026-05-12,4,ja,True,False,2026-09-28T05:30:29.261Z
1e235843020745f7,ChIJ8w9fldvl-F8RxirqCy78VTs,2026-05-12T07:01:19Z,2026-05-12,5,ja,True,False,2026-09-28T05:30:29.261Z
be01e0f0247db417,ChIJ8w9fldvl-F8RxirqCy78VTs,2026-05-12T07:32:40Z,2026-05-12,3,ja,True,False,2026-09-28T05:30:29.261Z
9ac363cb9b5effff,ChIJ8w9fldvl-F8RxirqCy78VTs,2026-05-12T08:34:50Z,2026-05-12,5,ja,True,False,2026-09-28T05:30:29.261Z
5a08167147a1fd01,ChIJ8w9fldvl-F8RxirqCy78VTs,2026-05-12T08:35:55Z,2026-05-12,5,,False,False,2026-09-28T05:30:29.261Z
b2b7e96ffa122cc7,ChIJ8w9fldvl-F8RxirqCy78VTs,2026-05-12T09:56:23Z,2026-05-12,4,ja,True,False,2026-09-28T05:30:29.261Z
7467b25f29a21aac,ChIJ8w9fldvl-F8RxirqCy78VTs,2026-05-12T10:30:36Z,2026-05-12,5,en,True,False,2026-09-28T05:30:29.261Z
0bb463e51aa4690f,ChIJ8w9fldvl-F8RxirqCy78VTs,2026-05-12T11:45:11Z,2026-05-12,5,ja,True,False,2026-09-28T05:30:29.261Z
6bd3f00802fe4bcb,ChIJ8w9fldvl-F8RxirqCy78VTs,2026-05-12T12:43:14Z,2026-05-12,5,,False,False,2026-09-28T05:30:29.261Z
7bbeb6b33bc87225,ChIJ8w9fldvl-F8RxirqCy78VTs,2026-05-12T14:57:37Z,2026-05-12,4,,False,False,2026-09-28T05:30:29.261Z
d34c8becfcadca76,ChIJ8w9fldvl-F8RxirqCy78VTs,2026-05-12T15:08:49Z,2026-05-13,5,,False,False,2026-09-28T05:30:29.261Z
2e68879e9e18374e,ChIJ8w9fldvl-F8RxirqCy78VTs,2026-05-12T21:59:42Z,2026-05-13,3,ja,True,False,2026-09-28T05:30:29.261Z
8c0cc76282cf15cc,ChIJ8w9fldvl-F8RxirqCy78VTs,2026-05-12T21:59:44Z,2026-05-13,2,,False,False,2026-09-28T05:30:29.261Z
91ac6fe1b503a3a9,ChIJ8w9fldvl-F8RxirqCy78VTs,2026-05-13T08:04:37Z,2026-05-13,4,,False,False,2026-09-28T05:30:29.261Z
e7fe128181c3d9a1,ChIJ8w9fldvl-F8RxirqCy78VTs,2026-05-13T08:12:52Z,2026-05-13,5,ko,True,False,2026-09-28T05:30:29.261Z
7ccf020321d4fb9f,ChIJ8w9fldvl-F8RxirqCy78VTs,2026-05-13T09:10:46Z,2026-05-13,5,,False,False,2026-09-28T05:30:29.261Z
d792bb1b97d5af3a,ChIJ8w9fldvl-F8RxirqCy78VTs,2026-05-13T11:34:49Z,2026-05-13,5,,False,False,2026-09-28T05:30:29.261Z
02606d44eb9b2b82,ChIJ8w9fldvl-F8RxirqCy78VTs,2026-05-13T15:08:17Z,2026-05-14,4,ja,True,False,2026-09-28T05:30:29.261Z
726f93fe5e309314,ChIJ8w9fldvl-F8RxirqCy78VTs,2026-05-13T22:41:21Z,2026-05-14,4,,False,False,2026-09-28T05:30:29.261Z
be9c6ced38a240ce,ChIJ8w9fldvl-F8RxirqCy78VTs,2026-05-14T01:48:25Z,2026-05-14,4,ja,True,False,2026-09-28T05:30:29.261Z
ce9001c1b8d252a6,ChIJ8w9fldvl-F8RxirqCy78VTs,2026-05-14T05:21:44Z,2026-05-14,5,ja,True,False,2026-09-28T05:30:29.261Z
41f037552beb905e,ChIJ8w9fldvl-F8RxirqCy78VTs,2026-05-14T12:10:23Z,2026-05-14,3,,False,False,2026-09-28T05:30:29.261Z
af6f2d3925dead44,ChIJ8w9fldvl-F8RxirqCy78VTs,2026-05-14T15:29:55Z,2026-05-15,5,ja,True,False,2026-09-28T05:30:29.261Z
c09f7583bb0c551c,ChIJ8w9fldvl-F8RxirqCy78VTs,2026-05-15T01:38:47Z,2026-05-15,5,ja,True,False,2026-09-28T05:30:29.261Z
6db9797f05d11e81,ChIJ8w9fldvl-F8RxirqCy78VTs,2026-05-15T07:35:22Z,2026-05-15,5,,False,False,2026-09-28T05:30:29.261Z
ecedb9429037b795,ChIJ8w9fldvl-F8RxirqCy78VTs,2026-05-15T08:47:33Z,2026-05-15,2,,False,False,2026-09-28T05:30:29.261Z
b2c7afbed7f8feef,ChIJ8w9fldvl-F8RxirqCy78VTs,2026-05-15T16:29:11Z,2026-05-16,5,ja,True,False,2026-09-28T05:30:29.261Z
8b1a2726b5504d66,ChIJ8w9fldvl-F8RxirqCy78VTs,2026-05-15T17:59:07Z,2026-05-16,4,,False,False,2026-09-28T05:30:29.261Z
3beaf733f87956ef,ChIJ8w9fldvl-F8RxirqCy78VTs,2026-05-16T00:15:30Z,2026-05-16,4,ja,True,False,2026-09-28T05:30:29.261Z
a6f491343d7d0021,ChIJ8w9fldvl-F8RxirqCy78VTs,2026-05-16T02:17:08Z,2026-05-16,5,,False,False,2026-09-28T05:30:29.261Z
1bad5637ed8aedb7,ChIJ8w9fldvl-F8RxirqCy78VTs,2026-05-16T02:50:34Z,2026-05-16,5,ja,True,False,2026-09-28T05:30:29.261Z
bff8f9ec4746d6b7,ChIJ8w9fldvl-F8RxirqCy78VTs,2026-05-16T04:52:23Z,2026-05-16,5,,False,False,2026-09-28T05:30:29.261Z
59547e3ae1fa55ed,ChIJ8w9fldvl-F8RxirqCy78VTs,2026-05-16T05:20:20Z,2026-05-16,3,ja,True,False,2026-09-28T05:30:29.261Z
706c4e0b06361fe2,ChIJ8w9fldvl-F8RxirqCy78VTs,2026-05-16T06:18:07Z,2026-05-16,5,ja,True,False,2026-09-28T05:30:29.261Z
3a22fe5dd05915f5,ChIJ8w9fldvl-F8RxirqCy78VTs,2026-05-16T08:15:49Z,2026-05-16,5,en,True,False,2026-09-28T05:30:29.261Z
ecd808124882de28,ChIJ8w9fldvl-F8RxirqCy78VTs,2026-05-16T09:08:40Z,2026-05-16,5,ja,True,False,2026-09-28T05:30:29.261Z
abda4684e64e2abd,ChIJ8w9fldvl-F8RxirqCy78VTs,2026-05-16T09:16:36Z,2026-05-16,5,,False,False,2026-09-28T05:30:29.261Z
7900247395b2130b,ChIJ8w9fldvl-F8RxirqCy78VTs,2026-05-16T12:23:08Z,2026-05-16,5,,False,False,2026-09-28T05:30:29.261Z
d299b787e573ec26,ChIJ8w9fldvl-F8RxirqCy78VTs,2026-05-16T23:39:44Z,2026-05-17,5,en,True,False,2026-09-28T05:30:29.261Z
0153f7e4a8318ea8,ChIJ8w9fldvl-F8RxirqCy78VTs,2026-05-16T23:43:13Z,2026-05-17,4,ja,True,False,2026-09-28T05:30:29.261Z
6462fe239a42af90,ChIJ8w9fldvl-F8RxirqCy78VTs,2026-05-17T09:37:45Z,2026-05-17,5,pt,True,False,2026-09-28T05:30:29.261Z
4267da98378a43c5,ChIJ8w9fldvl-F8RxirqCy78VTs,2026-05-17T09:58:45Z,2026-05-17,5,,False,False,2026-09-28T05:30:29.261Z
8bc82e8ef8996978,ChIJ8w9fldvl-F8RxirqCy78VTs,2026-05-17T12:05:13Z,2026-05-17,5,ja,True,False,2026-09-28T05:30:29.261Z
61ffff25f1b56c3c,ChIJ8w9fldvl-F8RxirqCy78VTs,2026-05-17T22:24:42Z,2026-05-18,3,,False,False,2026-09-28T05:30:29.261Z
cfc2f39bf724baff,ChIJ8w9fldvl-F8RxirqCy78VTs,2026-05-18T02:16:42Z,2026-05-18,4,,False,False,2026-09-28T05:30:29.261Z
57a6ea01bb608409,ChIJ8w9fldvl-F8RxirqCy78VTs,2026-05-18T03:50:34Z,2026-05-18,5,ja,True,False,2026-09-28T05:30:29.261Z
b1ddd5f717bb0edf,ChIJ8w9fldvl-F8RxirqCy78VTs,2026-05-18T05:27:34Z,2026-05-18,4,,False,False,2026-09-28T05:30:29.261Z
b3d3deed8f78bb3c,ChIJ8w9fldvl-F8RxirqCy78VTs,2026-05-18T13:55:00Z,2026-05-18,5,ja,True,False,2026-09-28T05:30:29.261Z
ff393678115c34d8,ChIJ8w9fldvl-F8RxirqCy78VTs,2026-05-18T20:30:03Z,2026-05-19,5,,False,False,2026-09-28T05:30:29.261Z
953c40f4c6972749,ChIJ8w9fldvl-F8RxirqCy78VTs,2026-05-19T09:15:46Z,2026-05-19,5,,False,False,2026-09-28T05:30:29.261Z
74e79f664ca6e26c,ChIJ8w9fldvl-F8RxirqCy78VTs,2026-05-19T11:50:50Z,2026-05-19,5,zh-Hans,True,False,2026-09-28T05:30:29.261Z
79534abf70cb4bab,ChIJ8w9fldvl-F8RxirqCy78VTs,2026-05-19T13:00:41Z,2026-05-19,5,ja,True,False,2026-09-28T05:30:29.261Z
6f13a9f602d9dd97,ChIJ8w9fldvl-F8RxirqCy78VTs,2026-05-19T14:26:03Z,2026-05-19,2,,False,False,2026-09-28T05:30:29.261Z
82ce27929399d233,ChIJ8w9fldvl-F8RxirqCy78VTs,2026-05-20T03:27:58Z,2026-05-20,4,,False,False,2026-09-28T05:30:29.261Z
fc3886f89bbc450b,ChIJ8w9fldvl-F8RxirqCy78VTs,2026-05-20T07:58:27Z,2026-05-20,5,ja,True,False,2026-09-28T05:30:29.261Z
4f94d1cd053637f0,ChIJ8w9fldvl-F8RxirqCy78VTs,2026-05-20T12:01:43Z,2026-05-20,4,ja,True,False,2026-09-28T05:30:29.261Z
6b151fce535309f4,ChIJ8w9fldvl-F8RxirqCy78VTs,2026-05-20T18:30:27Z,2026-05-21,5,ja,True,False,2026-09-28T05:30:29.261Z
a974fed53d4b5e85,ChIJ8w9fldvl-F8RxirqCy78VTs,2026-05-21T00:46:22Z,2026-05-21,5,ja,True,False,2026-09-28T05:30:29.261Z
8b3b07eebbdebbad,ChIJ8w9fldvl-F8RxirqCy78VTs,2026-05-21T09:26:02Z,2026-05-21,1,ja,True,False,2026-09-28T05:30:29.261Z
d4a7a0c4aa51e24d,ChIJ8w9fldvl-F8RxirqCy78VTs,2026-05-21T11:11:37Z,2026-05-21,5,,False,False,2026-09-28T05:30:29.261Z
7c78dffa5ba690c1,ChIJ8w9fldvl-F8RxirqCy78VTs,2026-05-21T14:15:36Z,2026-05-21,5,ja,True,False,2026-09-28T05:30:29.261Z
d44dcdc748d2be86,ChIJ8w9fldvl-F8RxirqCy78VTs,2026-05-21T17:45:26Z,2026-05-22,4,ja,True,False,2026-09-28T05:30:29.261Z
1fc0adf44ba17f74,ChIJ8w9fldvl-F8RxirqCy78VTs,2026-05-22T03:33:51Z,2026-05-22,5,ja,True,False,2026-09-28T05:30:29.261Z
e75d939f742b2a87,ChIJ8w9fldvl-F8RxirqCy78VTs,2026-05-22T06:36:51Z,2026-05-22,3,,False,False,2026-09-28T05:30:29.261Z
710b7e249534388b,ChIJ8w9fldvl-F8RxirqCy78VTs,2026-05-22T06:40:30Z,2026-05-22,3,,False,False,2026-09-28T05:30:29.261Z
bcf349b9f5c0a8b3,ChIJ8w9fldvl-F8RxirqCy78VTs,2026-05-22T23:56:15Z,2026-05-23,5,,False,False,2026-09-28T05:30:29.261Z
72f6ac172bcea788,ChIJ8w9fldvl-F8RxirqCy78VTs,2026-05-23T10:04:23Z,2026-05-23,5,,False,False,2026-09-28T05:30:29.261Z
0428f4ce85319095,ChIJ8w9fldvl-F8RxirqCy78VTs,2026-05-23T11:37:43Z,2026-05-23,5,ja,True,False,2026-09-28T05:30:29.261Z
8b8ca372fbf5ef42,ChIJ8w9fldvl-F8RxirqCy78VTs,2026-05-23T12:32:50Z,2026-05-23,4,ja,True,False,2026-09-28T05:30:29.261Z
566c5a524c9d39b8,ChIJ8w9fldvl-F8RxirqCy78VTs,2026-05-23T20:50:54Z,2026-05-24,4,,False,False,2026-09-28T05:30:29.261Z
ba19feb3b9d94502,ChIJ8w9fldvl-F8RxirqCy78VTs,2026-05-24T00:43:58Z,2026-05-24,5,ja,True,False,2026-09-28T05:30:29.261Z
e53cfe03c57e4703,ChIJ8w9fldvl-F8RxirqCy78VTs,2026-05-24T08:21:27Z,2026-05-24,5,,False,False,2026-09-28T05:30:29.261Z
2b604a3b430c7220,ChIJ8w9fldvl-F8RxirqCy78VTs,2026-05-25T08:56:37Z,2026-05-25,4,,False,False,2026-09-28T05:30:29.261Z
e58d7ab0e5e24eac,ChIJ8w9fldvl-F8RxirqCy78VTs,2026-05-26T01:35:55Z,2026-05-26,4,ja,True,False,2026-09-28T05:30:29.261Z
3660c69be2ffb863,ChIJ8w9fldvl-F8RxirqCy78VTs,2026-05-26T06:55:12Z,2026-05-26,5,,False,False,2026-09-28T05:30:29.261Z
5b3bcdc8071b2a78,ChIJ8w9fldvl-F8RxirqCy78VTs,2026-05-26T10:13:06Z,2026-05-26,4,,False,False,2026-09-28T05:30:29.261Z
53f4a9ec9bfbaa64,ChIJ8w9fldvl-F8RxirqCy78VTs,2026-05-26T15:24:03Z,2026-05-27,4,,False,False,2026-09-28T05:30:29.261Z
52afc1737a54e48e,ChIJ8w9fldvl-F8RxirqCy78VTs,2026-05-26T17:30:42Z,2026-05-27,4,en,True,False,2026-09-28T05:30:29.261Z
51fa3989f80a45b3,ChIJ8w9fldvl-F8RxirqCy78VTs,2026-05-26T23:36:03Z,2026-05-27,4,ja,True,False,2026-09-28T05:30:29.261Z
9b9e7b955e5bdaa3,ChIJ8w9fldvl-F8RxirqCy78VTs,2026-05-27T07:11:50Z,2026-05-27,5,,False,False,2026-09-28T05:30:29.261Z
6bc643f73ac70511,ChIJ8w9fldvl-F8RxirqCy78VTs,2026-05-27T12:05:56Z,2026-05-27,4,,False,False,2026-09-28T05:30:29.261Z
cb2ddce629c1ac01,ChIJ8w9fldvl-F8RxirqCy78VTs,2026-05-28T08:35:53Z,2026-05-28,5,,False,False,2026-09-28T05:30:29.261Z
6a981c6abbeffa8c,ChIJ8w9fldvl-F8RxirqCy78VTs,2026-05-28T12:06:10Z,2026-05-28,4,ja,True,False,2026-09-28T05:30:29.261Z
6f480cc593eeccb4,ChIJ8w9fldvl-F8RxirqCy78VTs,2026-05-28T23:26:42Z,2026-05-29,5,,False,False,2026-09-28T05:30:29.261Z
ddae7fe494b7d3f2,ChIJ8w9fldvl-F8RxirqCy78VTs,2026-05-29T01:07:07Z,2026-05-29,3,ja,True,False,2026-09-28T05:30:29.261Z
548ae2e152c31af0,ChIJ8w9fldvl-F8RxirqCy78VTs,2026-05-30T08:41:10Z,2026-05-30,5,,False,False,2026-09-28T05:30:29.261Z
0a110dd9dd8032ff,ChIJ8w9fldvl-F8RxirqCy78VTs,2026-05-30T08:53:21Z,2026-05-30,5,ja,True,False,2026-09-28T05:30:29.261Z
aa15f720eae8f940,ChIJ8w9fldvl-F8RxirqCy78VTs,2026-05-30T12:18:56Z,2026-05-30,5,ja,True,False,2026-09-28T05:30:29.261Z
4960beb0ee5e7cad,ChIJ8w9fldvl-F8RxirqCy78VTs,2026-05-30T13:38:42Z,2026-05-30,4,,False,False,2026-09-28T05:30:29.261Z
8b1350edddbbecde,ChIJ8w9fldvl-F8RxirqCy78VTs,2026-05-30T13:51:49Z,2026-05-30,4,,False,False,2026-09-28T05:30:29.261Z
6d9bd32126b5cb58,ChIJ8w9fldvl-F8RxirqCy78VTs,2026-05-31T00:27:32Z,2026-05-31,3,,False,False,2026-09-28T05:30:29.261Z
43ab738950acd081,ChIJ8w9fldvl-F8RxirqCy78VTs,2026-05-31T01:40:54Z,2026-05-31,3,,False,False,2026-09-28T05:30:29.261Z
7ad7bcc025e8b184,ChIJ8w9fldvl-F8RxirqCy78VTs,2026-05-31T02:50:03Z,2026-05-31,3,ja,True,False,2026-09-28T05:30:29.261Z
01d8e03722fb1b77,ChIJ8w9fldvl-F8RxirqCy78VTs,2026-05-31T04:35:14Z,2026-05-31,5,th,True,False,2026-09-28T05:30:29.261Z
90eb766544974796,ChIJ8w9fldvl-F8RxirqCy78VTs,2026-05-31T06:03:28Z,2026-05-31,4,ja,True,False,2026-09-28T05:30:29.261Z
4fce96008b57bedf,ChIJ8w9fldvl-F8RxirqCy78VTs,2026-05-31T06:57:30Z,2026-05-31,5,,False,False,2026-09-28T05:30:29.261Z
2c5776668b3bc674,ChIJ8w9fldvl-F8RxirqCy78VTs,2026-05-31T10:37:17Z,2026-05-31,4,,False,False,2026-09-28T05:30:29.261Z
fdff5e4c216b300b,ChIJ8w9fldvl-F8RxirqCy78VTs,2026-05-31T11:38:10Z,2026-05-31,5,,False,False,2026-09-28T05:30:29.261Z
c6c252427d796b5e,ChIJ8w9fldvl-F8RxirqCy78VTs,2026-05-31T12:10:24Z,2026-05-31,4,ja,True,False,2026-09-28T05:30:29.261Z
4c62d8a7651c5580,ChIJ8w9fldvl-F8RxirqCy78VTs,2026-05-31T13:32:09Z,2026-05-31,5,,False,False,2026-09-28T05:30:29.261Z
e9625a104781c59a,ChIJ8w9fldvl-F8RxirqCy78VTs,2026-05-31T14:24:10Z,2026-05-31,4,,False,False,2026-09-28T05:30:29.261Z
f7025f6e8db334fd,ChIJ8w9fldvl-F8RxirqCy78VTs,2026-05-31T15:20:34Z,2026-06-01,3,,False,False,2026-09-28T05:30:29.261Z
8404949142b1d342,ChIJ8w9fldvl-F8RxirqCy78VTs,2026-05-31T16:00:06Z,2026-06-01,5,ja,True,False,2026-09-28T05:30:29.261Z
5c4fa156ece0c5a1,ChIJ8w9fldvl-F8RxirqCy78VTs,2026-05-31T16:58:59Z,2026-06-01,5,ja,True,False,2026-09-28T05:30:29.261Z
a7535a777254a756,ChIJ8w9fldvl-F8RxirqCy78VTs,2026-05-31T18:13:16Z,2026-06-01,4,,False,False,2026-09-28T05:30:29.261Z
730df7c4031bec16,ChIJ8w9fldvl-F8RxirqCy78VTs,2026-05-31T20:00:16Z,2026-06-01,3,,False,False,2026-09-28T05:30:29.261Z
3535001608d8c325,ChIJ8w9fldvl-F8RxirqCy78VTs,2026-06-01T00:58:26Z,2026-06-01,3,ja,True,False,2026-09-28T05:30:29.261Z
94fa27c85eea9104,ChIJ8w9fldvl-F8RxirqCy78VTs,2026-06-01T02:26:05Z,2026-06-01,5,,False,False,2026-09-28T05:30:29.261Z
8630c774de6989aa,ChIJ8w9fldvl-F8RxirqCy78VTs,2026-06-01T05:21:00Z,2026-06-01,5,,False,False,2026-09-28T05:30:29.261Z
3623503317888950,ChIJ8w9fldvl-F8RxirqCy78VTs,2026-06-01T08:11:33Z,2026-06-01,5,zh-Hant,True,False,2026-09-28T05:30:29.261Z
76b4eef7367bd4ca,ChIJ8w9fldvl-F8RxirqCy78VTs,2026-06-01T23:59:06Z,2026-06-02,3,,False,False,2026-09-28T05:30:29.261Z
94de44ce0ba8ed0b,ChIJ8w9fldvl-F8RxirqCy78VTs,2026-06-02T01:22:18Z,2026-06-02,5,,False,False,2026-09-28T05:30:29.261Z
3caa3607afd1ce53,ChIJ8w9fldvl-F8RxirqCy78VTs,2026-06-02T06:34:15Z,2026-06-02,5,ja,True,False,2026-09-28T05:30:29.261Z
051cec40889c69b0,ChIJ8w9fldvl-F8RxirqCy78VTs,2026-06-02T12:29:13Z,2026-06-02,5,,False,False,2026-09-28T05:30:29.261Z
02778772aff02d41,ChIJ8w9fldvl-F8RxirqCy78VTs,2026-06-02T15:37:34Z,2026-06-03,3,,False,False,2026-09-28T05:30:29.261Z
0f1096bd2da7be4e,ChIJ8w9fldvl-F8RxirqCy78VTs,2026-06-03T00:45:59Z,2026-06-03,5,ja,True,False,2026-09-28T05:30:29.261Z
46944c6a35bb2420,ChIJ8w9fldvl-F8RxirqCy78VTs,2026-06-03T01:09:44Z,2026-06-03,1,zh-Hant,True,False,2026-09-28T05:30:29.261Z
376bee584086f3bb,ChIJ8w9fldvl-F8RxirqCy78VTs,2026-06-03T12:29:08Z,2026-06-03,4,,False,False,2026-09-28T05:30:29.261Z
e5f4aa71490dafe2,ChIJ8w9fldvl-F8RxirqCy78VTs,2026-06-03T13:48:43Z,2026-06-03,5,,False,False,2026-09-28T05:30:29.261Z
e1f9ad3524f36be6,ChIJ8w9fldvl-F8RxirqCy78VTs,2026-06-03T16:02:00Z,2026-06-04,3,ja,True,False,2026-09-28T05:30:29.261Z
4fe1039dab07d6cd,ChIJ8w9fldvl-F8RxirqCy78VTs,2026-06-04T05:55:07Z,2026-06-04,5,,False,False,2026-09-28T05:30:29.261Z
add8fdbf6a9c27a1,ChIJ8w9fldvl-F8RxirqCy78VTs,2026-06-04T09:13:54Z,2026-06-04,4,ja,True,False,2026-09-28T05:30:29.261Z
c8f6babf44417730,ChIJ8w9fldvl-F8RxirqCy78VTs,2026-06-04T09:58:44Z,2026-06-04,3,ja,True,False,2026-09-28T05:30:29.261Z
9bbad73b5987dce4,ChIJ8w9fldvl-F8RxirqCy78VTs,2026-06-04T13:41:35Z,2026-06-04,5,ja,True,False,2026-09-28T05:30:29.261Z
5ef0da0cd57b1173,ChIJ8w9fldvl-F8RxirqCy78VTs,2026-06-05T05:15:38Z,2026-06-05,2,ja,True,False,2026-09-28T05:30:29.261Z
0c4c5886fee3ef5e,ChIJ8w9fldvl-F8RxirqCy78VTs,2026-06-05T08:14:32Z,2026-06-05,5,ja,True,False,2026-09-28T05:30:29.261Z
be09fc85662c93fe,ChIJ8w9fldvl-F8RxirqCy78VTs,2026-06-05T16:25:37Z,2026-06-06,4,,False,False,2026-09-28T05:30:29.261Z
9659a75a1f332b69,ChIJ8w9fldvl-F8RxirqCy78VTs,2026-06-06T00:40:50Z,2026-06-06,4,ja,True,False,2026-09-28T05:30:29.261Z
406242f9cbcf4e14,ChIJ8w9fldvl-F8RxirqCy78VTs,2026-06-06T06:10:57Z,2026-06-06,3,,False,False,2026-09-28T05:30:29.261Z
a10dd83d8d6eb612,ChIJ8w9fldvl-F8RxirqCy78VTs,2026-06-06T09:49:23Z,2026-06-06,5,ja,True,False,2026-09-28T05:30:29.261Z
d8356b180260231a,ChIJ8w9fldvl-F8RxirqCy78VTs,2026-06-06T13:32:21Z,2026-06-06,4,,False,False,2026-09-28T05:30:29.261Z
b735c68338ffc91d,ChIJ8w9fldvl-F8RxirqCy78VTs,2026-06-06T13:40:52Z,2026-06-06,3,ja,True,False,2026-09-28T05:30:29.261Z
639c02faad4f27be,ChIJ8w9fldvl-F8RxirqCy78VTs,2026-06-06T16:30:28Z,2026-06-07,5,ja,True,False,2026-09-28T05:30:29.261Z
e1db18dad70204ce,ChIJ8w9fldvl-F8RxirqCy78VTs,2026-06-06T19:37:56Z,2026-06-07,5,,False,False,2026-09-28T05:30:29.261Z
6baf6e3127936a66,ChIJ8w9fldvl-F8RxirqCy78VTs,2026-06-06T21:15:57Z,2026-06-07,5,,False,False,2026-09-28T05:30:29.261Z
fa7e8d6d52ccf306,ChIJ8w9fldvl-F8RxirqCy78VTs,2026-06-07T05:59:38Z,2026-06-07,5,,False,False,2026-09-28T05:30:29.261Z
2295335a0cc09ed2,ChIJ8w9fldvl-F8RxirqCy78VTs,2026-06-07T10:15:06Z,2026-06-07,4,,False,False,2026-09-28T05:30:29.261Z
d6ce03c77285cfb3,ChIJ8w9fldvl-F8RxirqCy78VTs,2026-06-07T23:21:34Z,2026-06-08,5,ja,True,False,2026-09-28T05:30:29.261Z
46353df10c2204d3,ChIJ8w9fldvl-F8RxirqCy78VTs,2026-06-08T00:49:04Z,2026-06-08,5,,False,False,2026-09-28T05:30:29.261Z
0111882fb9b71f9b,ChIJ8w9fldvl-F8RxirqCy78VTs,2026-06-08T03:09:21Z,2026-06-08,4,ja,True,False,2026-09-28T05:30:29.261Z
a604e1cf889387a4,ChIJ8w9fldvl-F8RxirqCy78VTs,2026-06-08T12:20:25Z,2026-06-08,4,ja,True,False,2026-09-28T05:30:29.261Z
a61504ebde9eaa9a,ChIJ8w9fldvl-F8RxirqCy78VTs,2026-06-08T12:35:10Z,2026-06-08,4,ja,True,False,2026-09-28T05:30:29.261Z
bc4624d01309eb2c,ChIJ8w9fldvl-F8RxirqCy78VTs,2026-06-09T03:54:32Z,2026-06-09,4,,False,False,2026-09-28T05:30:29.261Z
a3df2929d5fbeba2,ChIJ8w9fldvl-F8RxirqCy78VTs,2026-06-09T13:55:39Z,2026-06-09,3,ja,True,False,2026-09-28T05:30:29.261Z
549677fb15cee83c,ChIJ8w9fldvl-F8RxirqCy78VTs,2026-06-09T13:55:47Z,2026-06-09,3,,False,False,2026-09-28T05:30:29.261Z
bb8c6a0c8765b029,ChIJ8w9fldvl-F8RxirqCy78VTs,2026-06-09T15:19:43Z,2026-06-10,5,,False,False,2026-09-28T05:30:29.261Z
f65b81e46515e297,ChIJ8w9fldvl-F8RxirqCy78VTs,2026-06-09T16:47:34Z,2026-06-10,4,ja,True,False,2026-09-28T05:30:29.261Z
cd37c6c4dbbeeb55,ChIJ8w9fldvl-F8RxirqCy78VTs,2026-06-10T05:39:59Z,2026-06-10,3,,False,False,2026-09-28T05:30:29.261Z
04fbb33d2ead34be,ChIJ8w9fldvl-F8RxirqCy78VTs,2026-06-10T13:51:47Z,2026-06-10,5,,False,False,2026-09-28T05:30:29.261Z
ece553d6c92dccb0,ChIJ8w9fldvl-F8RxirqCy78VTs,2026-06-11T00:19:48Z,2026-06-11,5,,False,False,2026-09-28T05:30:29.261Z
9718690f2e567a30,ChIJ8w9fldvl-F8RxirqCy78VTs,2026-06-11T23:17:32Z,2026-06-12,4,ja,True,False,2026-09-28T05:30:29.261Z
4f702700db0c68c6,ChIJ8w9fldvl-F8RxirqCy78VTs,2026-06-13T07:43:12Z,2026-06-13,5,ja,True,False,2026-09-28T05:30:29.261Z
374985930e81fe74,ChIJ8w9fldvl-F8RxirqCy78VTs,2026-06-13T08:33:27Z,2026-06-13,5,ja,True,False,2026-09-28T05:30:29.261Z
74ab7593c651e1a0,ChIJ8w9fldvl-F8RxirqCy78VTs,2026-06-13T12:43:46Z,2026-06-13,4,zh-Hant,True,False,2026-09-28T05:30:29.261Z
01df34af61cc2c47,ChIJ8w9fldvl-F8RxirqCy78VTs,2026-06-13T13:30:36Z,2026-06-13,4,en,True,False,2026-09-28T05:30:29.261Z
799f8ff7ba133ae3,ChIJ8w9fldvl-F8RxirqCy78VTs,2026-06-13T23:28:28Z,2026-06-14,3,ja,True,False,2026-09-28T05:30:29.261Z
d1e885db0ac4ee19,ChIJ8w9fldvl-F8RxirqCy78VTs,2026-06-14T07:32:14Z,2026-06-14,5,ja,True,False,2026-09-28T05:30:29.261Z
f02a7371bfcad359,ChIJ8w9fldvl-F8RxirqCy78VTs,2026-06-14T09:01:03Z,2026-06-14,3,,False,False,2026-09-28T05:30:29.261Z
2397d51bd15b279a,ChIJ8w9fldvl-F8RxirqCy78VTs,2026-06-14T09:18:54Z,2026-06-14,5,,False,False,2026-09-28T05:30:29.261Z
319c4766368d3e42,ChIJ8w9fldvl-F8RxirqCy78VTs,2026-06-14T09:30:24Z,2026-06-14,2,,False,False,2026-09-28T05:30:29.261Z
bf5adb26ff721478,ChIJ8w9fldvl-F8RxirqCy78VTs,2026-06-14T13:02:56Z,2026-06-14,5,ja,True,False,2026-09-28T05:30:29.261Z
3593fb6907273b17,ChIJ8w9fldvl-F8RxirqCy78VTs,2026-06-14T23:35:36Z,2026-06-15,4,,False,False,2026-09-28T05:30:29.261Z
2af58b0c6a419fa1,ChIJ8w9fldvl-F8RxirqCy78VTs,2026-06-15T04:58:33Z,2026-06-15,4,,False,False,2026-09-28T05:30:29.261Z
b509e9281e7b6868,ChIJ8w9fldvl-F8RxirqCy78VTs,2026-06-15T10:11:05Z,2026-06-15,5,,False,False,2026-09-28T05:30:29.261Z
826285018ed6b6fe,ChIJ8w9fldvl-F8RxirqCy78VTs,2026-06-15T11:52:25Z,2026-06-15,4,ja,True,False,2026-09-28T05:30:29.261Z
b44e46e56aa93c15,ChIJ8w9fldvl-F8RxirqCy78VTs,2026-06-15T11:56:03Z,2026-06-15,5,ja,True,False,2026-09-28T05:30:29.261Z
711ba92c6e249f70,ChIJ8w9fldvl-F8RxirqCy78VTs,2026-06-15T17:02:27Z,2026-06-16,5,,False,False,2026-09-28T05:30:29.261Z
6a043d2595524184,ChIJ8w9fldvl-F8RxirqCy78VTs,2026-06-16T05:29:49Z,2026-06-16,5,ja,True,False,2026-09-28T05:30:29.261Z
655ee4c1fa1a1546,ChIJ8w9fldvl-F8RxirqCy78VTs,2026-06-16T11:17:22Z,2026-06-16,4,ja,True,False,2026-09-28T05:30:29.261Z
9b572bf44e6228c9,ChIJ8w9fldvl-F8RxirqCy78VTs,2026-06-17T03:48:42Z,2026-06-17,5,ja,True,False,2026-09-28T05:30:29.261Z
84e40469c2ca376d,ChIJ8w9fldvl-F8RxirqCy78VTs,2026-06-17T05:56:51Z,2026-06-17,3,ja,True,False,2026-09-28T05:30:29.261Z
6eecf5be819513d9,ChIJ8w9fldvl-F8RxirqCy78VTs,2026-06-17T13:25:02Z,2026-06-17,5,,False,False,2026-09-28T05:30:29.261Z
9e3e756bae3a450f,ChIJ8w9fldvl-F8RxirqCy78VTs,2026-06-18T02:03:47Z,2026-06-18,5,,False,False,2026-09-28T05:30:29.261Z
5b67971f8ac4a39a,ChIJ8w9fldvl-F8RxirqCy78VTs,2026-06-18T04:32:24Z,2026-06-18,5,ja,True,False,2026-09-28T05:30:29.261Z
028cfbe9a57e7e94,ChIJ8w9fldvl-F8RxirqCy78VTs,2026-06-18T06:49:00Z,2026-06-18,5,ja,True,False,2026-09-28T05:30:29.261Z
bf544db1ba2ed534,ChIJ8w9fldvl-F8RxirqCy78VTs,2026-06-19T03:15:57Z,2026-06-19,5,ja,True,False,2026-09-28T05:30:29.261Z
83d00a9d883345ad,ChIJ8w9fldvl-F8RxirqCy78VTs,2026-06-19T06:34:55Z,2026-06-19,4,,False,False,2026-09-28T05:30:29.261Z
6263f3c651080688,ChIJ8w9fldvl-F8RxirqCy78VTs,2026-06-19T08:42:20Z,2026-06-19,5,ja,True,False,2026-09-28T05:30:29.261Z
d3da5fa900c8da6d,ChIJ8w9fldvl-F8RxirqCy78VTs,2026-06-19T10:43:42Z,2026-06-19,5,zh-Hant,True,False,2026-09-28T05:30:29.261Z
b134f75c36f68f9f,ChIJ8w9fldvl-F8RxirqCy78VTs,2026-06-19T11:57:31Z,2026-06-19,5,ja,True,False,2026-09-28T05:30:29.261Z
163b180c5d22c3aa,ChIJ8w9fldvl-F8RxirqCy78VTs,2026-06-20T00:10:22Z,2026-06-20,4,ja,True,False,2026-09-28T05:30:29.261Z
4fd4e2f3f1569705,ChIJ8w9fldvl-F8RxirqCy78VTs,2026-06-20T08:04:01Z,2026-06-20,4,ja,True,False,2026-09-28T05:30:29.261Z
f77fd5de39e4492d,ChIJ8w9fldvl-F8RxirqCy78VTs,2026-06-20T08:07:28Z,2026-06-20,3,,False,False,2026-09-28T05:30:29.261Z
641a1ed093e2de7d,ChIJ8w9fldvl-F8RxirqCy78VTs,2026-06-20T10:20:14Z,2026-06-20,5,,False,False,2026-09-28T05:30:29.261Z
6ebee9a5dd237300,ChIJ8w9fldvl-F8RxirqCy78VTs,2026-06-20T12:32:54Z,2026-06-20,4,ja,True,False,2026-09-28T05:30:29.261Z
2f500fbb64a86b8e,ChIJ8w9fldvl-F8RxirqCy78VTs,2026-06-21T08:27:23Z,2026-06-21,4,ja,True,False,2026-09-28T05:30:29.261Z
530d5c12fb31b741,ChIJ8w9fldvl-F8RxirqCy78VTs,2026-06-21T14:00:45Z,2026-06-21,5,,False,False,2026-09-28T05:30:29.261Z
132ea8bbb12eab5f,ChIJ8w9fldvl-F8RxirqCy78VTs,2026-06-21T14:52:44Z,2026-06-21,5,ja,True,False,2026-09-28T05:30:29.261Z
96a8427033dc978a,ChIJ8w9fldvl-F8RxirqCy78VTs,2026-06-21T20:15:51Z,2026-06-22,4,,False,False,2026-09-28T05:30:29.261Z
cf479dc1087c1bc0,ChIJ8w9fldvl-F8RxirqCy78VTs,2026-06-21T23:32:12Z,2026-06-22,4,,False,False,2026-09-28T05:30:29.261Z
6b572cb06d47e9a1,ChIJ8w9fldvl-F8RxirqCy78VTs,2026-06-22T03:47:19Z,2026-06-22,5,,False,False,2026-09-28T05:30:29.261Z
95189acd4dc7ded3,ChIJ8w9fldvl-F8RxirqCy78VTs,2026-06-22T06:24:58Z,2026-06-22,5,,False,False,2026-09-28T05:30:29.261Z
3ea845a0892859c9,ChIJ8w9fldvl-F8RxirqCy78VTs,2026-06-22T10:20:04Z,2026-06-22,4,,False,False,2026-09-28T05:30:29.261Z
20092a16920ac675,ChIJ8w9fldvl-F8RxirqCy78VTs,2026-06-23T06:34:45Z,2026-06-23,3,ja,True,False,2026-09-28T05:30:29.261Z
16d6927feb2a277c,ChIJ8w9fldvl-F8RxirqCy78VTs,2026-06-23T08:22:03Z,2026-06-23,5,,False,False,2026-09-28T05:30:29.261Z
abf7f80c4df468d7,ChIJ8w9fldvl-F8RxirqCy78VTs,2026-06-23T14:20:17Z,2026-06-23,5,,False,False,2026-09-28T05:30:29.261Z
a86798c72a599d52,ChIJ8w9fldvl-F8RxirqCy78VTs,2026-06-23T16:02:44Z,2026-06-24,5,ja,True,False,2026-09-28T05:30:29.261Z
125b99f730b00d6c,ChIJ8w9fldvl-F8RxirqCy78VTs,2026-06-24T02:08:38Z,2026-06-24,5,ja,True,False,2026-09-28T05:30:29.261Z
dad0ca197b561b9d,ChIJ8w9fldvl-F8RxirqCy78VTs,2026-06-24T06:13:20Z,2026-06-24,5,,False,False,2026-09-28T05:30:29.261Z
7043f097eed622f3,ChIJ8w9fldvl-F8RxirqCy78VTs,2026-06-24T08:11:14Z,2026-06-24,4,,False,False,2026-09-28T05:30:29.261Z
d11ced7c686617eb,ChIJ8w9fldvl-F8RxirqCy78VTs,2026-06-24T09:04:58Z,2026-06-24,5,ko,True,False,2026-09-28T05:30:29.261Z
ca8216e1b3376476,ChIJ8w9fldvl-F8RxirqCy78VTs,2026-06-24T13:19:20Z,2026-06-24,5,ja,True,False,2026-09-28T05:30:29.261Z
edbfed6c78b09e8e,ChIJ8w9fldvl-F8RxirqCy78VTs,2026-06-24T17:36:41Z,2026-06-25,3,,False,False,2026-09-28T05:30:29.261Z
edeb0ccdbab80a72,ChIJ8w9fldvl-F8RxirqCy78VTs,2026-06-25T06:45:33Z,2026-06-25,5,ja,True,False,2026-09-28T05:30:29.261Z
01387bcaaa2b63fd,ChIJ8w9fldvl-F8RxirqCy78VTs,2026-06-25T13:00:50Z,2026-06-25,5,ja,True,False,2026-09-28T05:30:29.261Z
645481f87f305b8f,ChIJ8w9fldvl-F8RxirqCy78VTs,2026-06-26T13:00:37Z,2026-06-26,3,,False,False,2026-09-28T05:30:29.261Z
d39f954ce49784d6,ChIJ8w9fldvl-F8RxirqCy78VTs,2026-06-26T23:22:11Z,2026-06-27,3,ja,True,False,2026-09-28T05:30:29.261Z
3c82283428abd54c,ChIJ8w9fldvl-F8RxirqCy78VTs,2026-06-27T06:09:03Z,2026-06-27,4,,False,False,2026-09-28T05:30:29.261Z
fc2c4ee43ed39ff6,ChIJ8w9fldvl-F8RxirqCy78VTs,2026-06-27T08:42:12Z,2026-06-27,5,en,True,False,2026-09-28T05:30:29.261Z
77c9c5a557499dc7,ChIJ8w9fldvl-F8RxirqCy78VTs,2026-06-27T11:19:08Z,2026-06-27,4,ja,True,False,2026-09-28T05:30:29.261Z
93370262962225da,ChIJ8w9fldvl-F8RxirqCy78VTs,2026-06-27T15:46:53Z,2026-06-28,5,ja,True,False,2026-09-28T05:30:29.261Z
4e8c612cdb0dc51c,ChIJ8w9fldvl-F8RxirqCy78VTs,2026-06-28T03:39:19Z,2026-06-28,4,,False,False,2026-09-28T05:30:29.261Z
db44f10465c780c1,ChIJ8w9fldvl-F8RxirqCy78VTs,2026-06-28T10:32:34Z,2026-06-28,5,ja,True,False,2026-09-28T05:30:29.261Z
79ddf57be488c2e8,ChIJ8w9fldvl-F8RxirqCy78VTs,2026-06-28T14:05:39Z,2026-06-28,3,ja,True,False,2026-09-28T05:30:29.261Z
8ee2eb2555b44bd9,ChIJ8w9fldvl-F8RxirqCy78VTs,2026-06-29T09:34:14Z,2026-06-29,4,ja,True,False,2026-09-28T05:30:29.261Z
5f3f895b58e211c8,ChIJ8w9fldvl-F8RxirqCy78VTs,2026-06-29T12:05:48Z,2026-06-29,5,ja,True,False,2026-09-28T05:30:29.261Z
d3cf63de4d65fbb2,ChIJ8w9fldvl-F8RxirqCy78VTs,2026-06-29T13:22:14Z,2026-06-29,3,,False,False,2026-09-28T05:30:29.261Z
6fec1f828cd6c45f,ChIJ8w9fldvl-F8RxirqCy78VTs,2026-06-29T15:39:16Z,2026-06-30,4,,False,False,2026-09-28T05:30:29.261Z
c3db2de758a71deb,ChIJ8w9fldvl-F8RxirqCy78VTs,2026-06-29T18:32:19Z,2026-06-30,5,zh-Hant,True,False,2026-09-28T05:30:29.261Z
3eacc27d19488d76,ChIJ8w9fldvl-F8RxirqCy78VTs,2026-06-29T21:16:07Z,2026-06-30,5,ja,True,False,2026-09-28T05:30:29.261Z
916b3e4aaf407d28,ChIJ8w9fldvl-F8RxirqCy78VTs,2026-06-29T23:00:49Z,2026-06-30,5,ja,True,False,2026-09-28T05:30:29.261Z
982a5400249088b7,ChIJ8w9fldvl-F8RxirqCy78VTs,2026-06-30T07:46:28Z,2026-06-30,4,,False,False,2026-09-28T05:30:29.261Z
3f81e53cfb158ee8,ChIJ8w9fldvl-F8RxirqCy78VTs,2026-06-30T09:22:36Z,2026-06-30,4,ja,True,False,2026-09-28T05:30:29.261Z
72d3e46d4eee221f,ChIJ8w9fldvl-F8RxirqCy78VTs,2026-06-30T10:11:13Z,2026-06-30,5,,False,False,2026-09-28T05:30:29.261Z
f0f6ea3fb73c33dd,ChIJ8w9fldvl-F8RxirqCy78VTs,2026-06-30T12:26:31Z,2026-06-30,5,ja,True,False,2026-09-28T05:30:29.261Z
7ad7246a9595040f,ChIJ8w9fldvl-F8RxirqCy78VTs,2026-06-30T12:52:08Z,2026-06-30,4,ja,True,False,2026-09-28T05:30:29.261Z
b69f032b67ad8556,ChIJ8w9fldvl-F8RxirqCy78VTs,2026-06-30T23:19:04Z,2026-07-01,5,,False,False,2026-09-28T05:30:29.261Z
4719d1237011a0af,ChIJ8w9fldvl-F8RxirqCy78VTs,2026-07-01T05:01:32Z,2026-07-01,5,,False,False,2026-09-28T05:30:29.261Z
f844abdf2269b0e4,ChIJ8w9fldvl-F8RxirqCy78VTs,2026-07-01T07:57:24Z,2026-07-01,5,ja,True,False,2026-09-28T05:30:29.261Z
c6401b44c4503ecf,ChIJ8w9fldvl-F8RxirqCy78VTs,2026-07-02T00:24:50Z,2026-07-02,5,,False,False,2026-09-28T05:30:29.261Z
8c147742176708e7,ChIJ8w9fldvl-F8RxirqCy78VTs,2026-07-02T13:40:26Z,2026-07-02,5,,False,False,2026-09-28T05:30:29.261Z
9e0a851ea2c8b8d8,ChIJ8w9fldvl-F8RxirqCy78VTs,2026-07-03T05:57:42Z,2026-07-03,5,,False,False,2026-09-28T05:30:29.261Z
dfd050f38481e1c3,ChIJ8w9fldvl-F8RxirqCy78VTs,2026-07-03T08:45:03Z,2026-07-03,4,,False,False,2026-09-28T05:30:29.261Z
799eb2689d2f44df,ChIJ8w9fldvl-F8RxirqCy78VTs,2026-07-04T08:53:56Z,2026-07-04,3,ja,True,False,2026-09-28T05:30:29.261Z
9cfe6e3244b4e6d3,ChIJ8w9fldvl-F8RxirqCy78VTs,2026-07-04T12:54:33Z,2026-07-04,5,ja,True,False,2026-09-28T05:30:29.261Z
dbc3b4296333be97,ChIJ8w9fldvl-F8RxirqCy78VTs,2026-07-04T21:54:00Z,2026-07-05,4,ja,True,False,2026-09-28T05:30:29.261Z
5fb0880a16ab0d9e,ChIJ8w9fldvl-F8RxirqCy78VTs,2026-07-05T06:28:56Z,2026-07-05,4,ja,True,False,2026-09-28T05:30:29.261Z
fe811ece8a177683,ChIJ8w9fldvl-F8RxirqCy78VTs,2026-07-05T09:28:08Z,2026-07-05,5,ja,True,False,2026-09-28T05:30:29.261Z
32d463dcc83a1aa3,ChIJ8w9fldvl-F8RxirqCy78VTs,2026-07-05T10:47:13Z,2026-07-05,3,ja,True,False,2026-09-28T05:30:29.261Z
b35d7083cb4bbeed,ChIJ8w9fldvl-F8RxirqCy78VTs,2026-07-05T22:38:11Z,2026-07-06,5,ja,True,False,2026-09-28T05:30:29.261Z
68ef3a8f86cd9587,ChIJ8w9fldvl-F8RxirqCy78VTs,2026-07-05T23:26:11Z,2026-07-06,4,ja,True,False,2026-09-28T05:30:29.261Z
c9493ca4a34ebce9,ChIJ8w9fldvl-F8RxirqCy78VTs,2026-07-06T01:08:34Z,2026-07-06,5,ja,True,False,2026-09-28T05:30:29.261Z
5ec4d1d651fe0524,ChIJ8w9fldvl-F8RxirqCy78VTs,2026-07-06T04:32:41Z,2026-07-06,4,,False,False,2026-09-28T05:30:29.261Z
c8e5d656acc79e2d,ChIJ8w9fldvl-F8RxirqCy78VTs,2026-07-06T10:27:16Z,2026-07-06,3,ja,True,False,2026-09-28T05:30:29.261Z
e2368a4da3a40338,ChIJ8w9fldvl-F8RxirqCy78VTs,2026-07-06T10:29:21Z,2026-07-06,3,,False,False,2026-09-28T05:30:29.261Z
b49ac0728065ce58,ChIJ8w9fldvl-F8RxirqCy78VTs,2026-07-06T11:35:13Z,2026-07-06,5,zh-Hans,True,False,2026-09-28T05:30:29.261Z
9fbcfb0509cb8319,ChIJ8w9fldvl-F8RxirqCy78VTs,2026-07-06T21:23:17Z,2026-07-07,4,ja,True,False,2026-09-28T05:30:29.261Z
1fd76b2c15fc9d32,ChIJ8w9fldvl-F8RxirqCy78VTs,2026-07-07T01:39:26Z,2026-07-07,5,ja,True,False,2026-09-28T05:30:29.261Z
32a32e1dbe2003c6,ChIJ8w9fldvl-F8RxirqCy78VTs,2026-07-07T05:31:29Z,2026-07-07,5,ja,True,False,2026-09-28T05:30:29.261Z
21a638361a6a9b21,ChIJ8w9fldvl-F8RxirqCy78VTs,2026-07-07T17:55:57Z,2026-07-08,2,ja,True,False,2026-09-28T05:30:29.261Z
30afb8cb6c9e5486,ChIJ8w9fldvl-F8RxirqCy78VTs,2026-07-07T20:42:27Z,2026-07-08,5,ja,True,False,2026-09-28T05:30:29.261Z
36c115e0f218fdce,ChIJ8w9fldvl-F8RxirqCy78VTs,2026-07-07T22:06:22Z,2026-07-08,5,ja,True,False,2026-09-28T05:30:29.261Z
76d4856ec6f49bbf,ChIJ8w9fldvl-F8RxirqCy78VTs,2026-07-08T10:20:02Z,2026-07-08,5,ja,True,False,2026-09-28T05:30:29.261Z
b9065890fbc66d24,ChIJ8w9fldvl-F8RxirqCy78VTs,2026-07-08T10:29:48Z,2026-07-08,4,,False,False,2026-09-28T05:30:29.261Z
a098bccb100f49f8,ChIJ8w9fldvl-F8RxirqCy78VTs,2026-07-08T15:59:50Z,2026-07-09,5,ko,True,False,2026-09-28T05:30:29.261Z
217f42ae754e5904,ChIJ8w9fldvl-F8RxirqCy78VTs,2026-07-09T09:54:39Z,2026-07-09,5,,False,False,2026-09-28T05:30:29.261Z
b7d223e8649c9bf5,ChIJ8w9fldvl-F8RxirqCy78VTs,2026-07-09T14:32:30Z,2026-07-09,5,,False,False,2026-09-28T05:30:29.261Z
ef0e0350dfb6141a,ChIJ8w9fldvl-F8RxirqCy78VTs,2026-07-09T20:47:29Z,2026-07-10,3,ja,True,False,2026-09-28T05:30:29.261Z
5e3d41c2503c1689,ChIJ8w9fldvl-F8RxirqCy78VTs,2026-07-10T02:25:18Z,2026-07-10,4,,False,False,2026-09-28T05:30:29.261Z
ebfbbc8d4fee5b00,ChIJ8w9fldvl-F8RxirqCy78VTs,2026-07-10T08:52:56Z,2026-07-10,4,,False,False,2026-09-28T05:30:29.261Z
e3651532c21984dc,ChIJ8w9fldvl-F8RxirqCy78VTs,2026-07-10T11:32:34Z,2026-07-10,3,,False,False,2026-09-28T05:30:29.261Z
ff8064b4a055ca40,ChIJ8w9fldvl-F8RxirqCy78VTs,2026-07-10T12:14:26Z,2026-07-10,5,ja,True,False,2026-09-28T05:30:29.261Z
97f2ff7773ce6766,ChIJ8w9fldvl-F8RxirqCy78VTs,2026-07-10T23:11:51Z,2026-07-11,4,,False,False,2026-09-28T05:30:29.261Z
c3b34a006dc7e875,ChIJ8w9fldvl-F8RxirqCy78VTs,2026-07-11T06:47:57Z,2026-07-11,5,,False,False,2026-09-28T05:30:29.261Z
81b24b5e673f9849,ChIJ8w9fldvl-F8RxirqCy78VTs,2026-07-11T06:54:22Z,2026-07-11,5,ja,True,False,2026-09-28T05:30:29.261Z
02bc876ed9e1d5a6,ChIJ8w9fldvl-F8RxirqCy78VTs,2026-07-11T08:14:30Z,2026-07-11,5,,False,False,2026-09-28T05:30:29.261Z
3d86546c20542220,ChIJ8w9fldvl-F8RxirqCy78VTs,2026-07-11T08:55:22Z,2026-07-11,5,ja,True,False,2026-09-28T05:30:29.261Z
595d6f519bd9b82d,ChIJ8w9fldvl-F8RxirqCy78VTs,2026-07-11T11:32:13Z,2026-07-11,4,ja,True,False,2026-09-28T05:30:29.261Z
4c967b6e47c177b6,ChIJ8w9fldvl-F8RxirqCy78VTs,2026-07-11T15:25:28Z,2026-07-12,4,,False,False,2026-09-28T05:30:29.261Z
49990b259f1c2553,ChIJ8w9fldvl-F8RxirqCy78VTs,2026-07-12T10:03:46Z,2026-07-12,3,,False,False,2026-09-28T05:30:29.261Z
5ea04c1b9ec1e8ee,ChIJ8w9fldvl-F8RxirqCy78VTs,2026-07-12T10:36:11Z,2026-07-12,5,ja,True,False,2026-09-28T05:30:29.261Z
6da0a122e3f8950b,ChIJ8w9fldvl-F8RxirqCy78VTs,2026-07-12T10:59:51Z,2026-07-12,4,,False,False,2026-09-28T05:30:29.261Z
491bc56838cd440c,ChIJ8w9fldvl-F8RxirqCy78VTs,2026-07-13T12:11:21Z,2026-07-13,5,ja,True,False,2026-09-28T05:30:29.261Z
8092809f9ac0ae13,ChIJ8w9fldvl-F8RxirqCy78VTs,2026-07-13T12:20:26Z,2026-07-13,5,ja,True,False,2026-09-28T05:30:29.261Z
9e7a29936fe33944,ChIJ8w9fldvl-F8RxirqCy78VTs,2026-07-14T03:20:48Z,2026-07-14,3,,False,False,2026-09-28T05:30:29.261Z
a4f8e3f9f8b8b190,ChIJ8w9fldvl-F8RxirqCy78VTs,2026-07-14T08:02:32Z,2026-07-14,5,ja,True,False,2026-09-28T05:30:29.261Z
d8e956543f7d8378,ChIJ8w9fldvl-F8RxirqCy78VTs,2026-07-14T10:47:14Z,2026-07-14,3,,False,False,2026-09-28T05:30:29.261Z
8521efecd25fd422,ChIJ8w9fldvl-F8RxirqCy78VTs,2026-07-15T00:43:10Z,2026-07-15,5,,False,False,2026-09-28T05:30:29.261Z
b11f32799d2824b6,ChIJ8w9fldvl-F8RxirqCy78VTs,2026-07-15T09:19:40Z,2026-07-15,5,ja,True,False,2026-09-28T05:30:29.261Z
b9866549431d6c99,ChIJ8w9fldvl-F8RxirqCy78VTs,2026-07-15T10:52:11Z,2026-07-15,4,,False,False,2026-09-28T05:30:29.261Z
e5eb626fe042e63d,ChIJ8w9fldvl-F8RxirqCy78VTs,2026-07-15T11:43:56Z,2026-07-15,5,ja,True,False,2026-09-28T05:30:29.261Z
9eba4d3a8308cf04,ChIJ8w9fldvl-F8RxirqCy78VTs,2026-07-15T23:35:26Z,2026-07-16,5,ja,True,False,2026-09-28T05:30:29.261Z
6da8cc525dedad24,ChIJ8w9fldvl-F8RxirqCy78VTs,2026-07-16T03:58:01Z,2026-07-16,5,,False,False,2026-09-28T05:30:29.261Z
86a5dd07f45a52dd,ChIJ8w9fldvl-F8RxirqCy78VTs,2026-07-16T06:33:09Z,2026-07-16,1,ja,True,False,2026-09-28T05:30:29.261Z
abb9c82c0f3af369,ChIJ8w9fldvl-F8RxirqCy78VTs,2026-07-16T08:31:47Z,2026-07-16,5,ja,True,False,2026-09-28T05:30:29.261Z
9d7c8ad5a02357fa,ChIJ8w9fldvl-F8RxirqCy78VTs,2026-07-16T13:39:48Z,2026-07-16,4,ja,True,False,2026-09-28T05:30:29.261Z
e5ddb3c45bebffdc,ChIJ8w9fldvl-F8RxirqCy78VTs,2026-07-16T22:06:39Z,2026-07-17,4,,False,False,2026-09-28T05:30:29.261Z
4422b2331b98bfd3,ChIJ8w9fldvl-F8RxirqCy78VTs,2026-07-17T04:22:45Z,2026-07-17,4,ja,True,False,2026-09-28T05:30:29.261Z
a94de5b9cf516bcd,ChIJ8w9fldvl-F8RxirqCy78VTs,2026-07-17T07:41:20Z,2026-07-17,4,,False,False,2026-09-28T05:30:29.261Z
692ce48ef9710203,ChIJ8w9fldvl-F8RxirqCy78VTs,2026-07-17T07:52:55Z,2026-07-17,2,ja,True,False,2026-09-28T05:30:29.261Z
debc7f71d54310b5,ChIJ8w9fldvl-F8RxirqCy78VTs,2026-07-18T01:14:51Z,2026-07-18,4,,False,False,2026-09-28T05:30:29.261Z
bc107f7385e213ab,ChIJ8w9fldvl-F8RxirqCy78VTs,2026-07-18T01:59:09Z,2026-07-18,5,,False,False,2026-09-28T05:30:29.261Z
57b4be28d8344a6b,ChIJ8w9fldvl-F8RxirqCy78VTs,2026-07-18T05:41:11Z,2026-07-18,3,ja,True,False,2026-09-28T05:30:29.261Z
1003d9268cef51a2,ChIJ8w9fldvl-F8RxirqCy78VTs,2026-07-18T08:14:54Z,2026-07-18,5,,False,False,2026-09-28T05:30:29.261Z
b979b43c9525c69c,ChIJ8w9fldvl-F8RxirqCy78VTs,2026-07-18T10:18:03Z,2026-07-18,5,ja,True,False,2026-09-28T05:30:29.261Z
7cfae5013ce0a27c,ChIJ8w9fldvl-F8RxirqCy78VTs,2026-07-18T12:35:27Z,2026-07-18,5,ja,True,False,2026-09-28T05:30:29.261Z
c227cef3930dba58,ChIJ8w9fldvl-F8RxirqCy78VTs,2026-07-19T03:53:10Z,2026-07-19,3,,False,False,2026-09-28T05:30:29.261Z
94f20ddaa87ea37a,ChIJ8w9fldvl-F8RxirqCy78VTs,2026-07-19T06:30:03Z,2026-07-19,5,,False,False,2026-09-28T05:30:29.261Z
41847900b4265e24,ChIJ8w9fldvl-F8RxirqCy78VTs,2026-07-19T07:26:56Z,2026-07-19,4,,False,False,2026-09-28T05:30:29.261Z
8c67573e48a759b3,ChIJ8w9fldvl-F8RxirqCy78VTs,2026-07-19T08:20:43Z,2026-07-19,5,,False,False,2026-09-28T05:30:29.261Z
2760abaf5dbaf143,ChIJ8w9fldvl-F8RxirqCy78VTs,2026-07-19T08:52:01Z,2026-07-19,5,ja,True,False,2026-09-28T05:30:29.261Z
9564641f79eb027e,ChIJ8w9fldvl-F8RxirqCy78VTs,2026-07-19T13:30:29Z,2026-07-19,5,fr,True,False,2026-09-28T05:30:29.261Z
725ab03bd9f3be18,ChIJ8w9fldvl-F8RxirqCy78VTs,2026-07-19T23:15:11Z,2026-07-20,4,,False,False,2026-09-28T05:30:29.261Z
289ce88ae0a7386c,ChIJ8w9fldvl-F8RxirqCy78VTs,2026-07-20T06:19:15Z,2026-07-20,5,,False,False,2026-09-28T05:30:29.261Z
2d296995281f4b72,ChIJ8w9fldvl-F8RxirqCy78VTs,2026-07-20T06:20:59Z,2026-07-20,3,,False,False,2026-09-28T05:30:29.261Z
d92fc5cf742f8b32,ChIJ8w9fldvl-F8RxirqCy78VTs,2026-07-20T06:48:44Z,2026-07-20,5,,False,False,2026-09-28T05:30:29.261Z
24be8889967553e3,ChIJ8w9fldvl-F8RxirqCy78VTs,2026-07-20T11:15:04Z,2026-07-20,5,ja,True,False,2026-09-28T05:30:29.261Z
ff622ff9655de516,ChIJ8w9fldvl-F8RxirqCy78VTs,2026-07-20T12:56:06Z,2026-07-20,5,ja,True,False,2026-09-28T05:30:29.261Z
d3a844eccc3c23de,ChIJ8w9fldvl-F8RxirqCy78VTs,2026-07-21T00:34:18Z,2026-07-21,5,ja,True,False,2026-09-28T05:30:29.261Z
213525bc7bb97ee8,ChIJ8w9fldvl-F8RxirqCy78VTs,2026-07-21T06:45:13Z,2026-07-21,3,ja,True,False,2026-09-28T05:30:29.261Z
1f85fecbecb4dab9,ChIJ8w9fldvl-F8RxirqCy78VTs,2026-07-21T08:11:00Z,2026-07-21,4,,False,False,2026-09-28T05:30:29.261Z
f16c4e6f8fa6458c,ChIJ8w9fldvl-F8RxirqCy78VTs,2026-07-21T08:23:07Z,2026-07-21,5,ja,True,False,2026-09-28T05:30:29.261Z
1f6d088e3f43f286,ChIJ8w9fldvl-F8RxirqCy78VTs,2026-07-21T10:10:22Z,2026-07-21,4,,False,False,2026-09-28T05:30:29.261Z
a1c5aed190a222a8,ChIJ8w9fldvl-F8RxirqCy78VTs,2026-07-21T10:10:29Z,2026-07-21,4,ja,True,False,2026-09-28T05:30:29.261Z
68970a9e74b365bc,ChIJ8w9fldvl-F8RxirqCy78VTs,2026-07-21T13:12:37Z,2026-07-21,5,zh-Hant,True,False,2026-09-28T05:30:29.261Z
561103bb620d7619,ChIJ8w9fldvl-F8RxirqCy78VTs,2026-07-22T00:47:46Z,2026-07-22,3,,False,False,2026-09-28T05:30:29.261Z
56f34458762ba3dc,ChIJ8w9fldvl-F8RxirqCy78VTs,2026-07-22T04:11:01Z,2026-07-22,5,,False,False,2026-09-28T05:30:29.261Z
793ecf6bf7d07afa,ChIJ8w9fldvl-F8RxirqCy78VTs,2026-07-22T11:52:59Z,2026-07-22,5,,False,False,2026-09-28T05:30:29.261Z
dcc62a0e59d0e3d9,ChIJ8w9fldvl-F8RxirqCy78VTs,2026-07-22T13:35:35Z,2026-07-22,5,,False,False,2026-09-28T05:30:29.261Z
32b29f6033caa031,ChIJ8w9fldvl-F8RxirqCy78VTs,2026-07-22T20:24:25Z,2026-07-23,5,ja,True,False,2026-09-28T05:30:29.261Z
a8e21ad49b29e897,ChIJ8w9fldvl-F8RxirqCy78VTs,2026-07-23T04:29:04Z,2026-07-23,1,ja,True,False,2026-09-28T05:30:29.261Z
e711fe1dc3d7a1a2,ChIJ8w9fldvl-F8RxirqCy78VTs,2026-07-23T06:54:12Z,2026-07-23,5,ja,True,False,2026-09-28T05:30:29.261Z
45a53ae9cdce5d3d,ChIJ8w9fldvl-F8RxirqCy78VTs,2026-07-23T09:20:06Z,2026-07-23,5,,False,False,2026-09-28T05:30:29.261Z
8e446d9e52de1e12,ChIJ8w9fldvl-F8RxirqCy78VTs,2026-07-23T12:58:41Z,2026-07-23,3,,False,False,2026-09-28T05:30:29.261Z
7db532d37fdb5c88,ChIJ8w9fldvl-F8RxirqCy78VTs,2026-07-24T02:32:14Z,2026-07-24,4,ja,True,False,2026-09-28T05:30:29.261Z
3c58b8758c79ccad,ChIJ8w9fldvl-F8RxirqCy78VTs,2026-07-24T03:11:30Z,2026-07-24,3,,False,False,2026-09-28T05:30:29.261Z
fdab67a22444c8dd,ChIJ8w9fldvl-F8RxirqCy78VTs,2026-07-24T09:26:44Z,2026-07-24,4,fr,True,False,2026-09-28T05:30:29.261Z
f89b575cea6b015c,ChIJ8w9fldvl-F8RxirqCy78VTs,2026-07-25T01:55:31Z,2026-07-25,1,zh-Hans,True,False,2026-09-28T05:30:29.261Z
0792e0bce006f5c2,ChIJ8w9fldvl-F8RxirqCy78VTs,2026-07-25T08:00:55Z,2026-07-25,5,ja,True,False,2026-09-28T05:30:29.261Z
92ba52c63ce5915e,ChIJ8w9fldvl-F8RxirqCy78VTs,2026-07-25T12:46:53Z,2026-07-25,5,ja,True,False,2026-09-28T05:30:29.261Z
512e3a5190e3f78d,ChIJ8w9fldvl-F8RxirqCy78VTs,2026-07-26T07:48:51Z,2026-07-26,4,,False,False,2026-09-28T05:30:29.261Z
8c13ccd8ee6edc29,ChIJ8w9fldvl-F8RxirqCy78VTs,2026-07-26T08:34:42Z,2026-07-26,3,,False,False,2026-09-28T05:30:29.261Z
a00298943c7b57e6,ChIJ8w9fldvl-F8RxirqCy78VTs,2026-07-26T08:57:13Z,2026-07-26,5,,False,False,2026-09-28T05:30:29.261Z
a18aca543b299976,ChIJ8w9fldvl-F8RxirqCy78VTs,2026-07-26T13:58:05Z,2026-07-26,4,,False,False,2026-09-28T05:30:29.261Z
9e3e7b0a92e8d72d,ChIJ8w9fldvl-F8RxirqCy78VTs,2026-07-26T18:15:34Z,2026-07-27,4,ja,True,False,2026-09-28T05:30:29.261Z
b03d72de1f179e1b,ChIJ8w9fldvl-F8RxirqCy78VTs,2026-07-26T19:31:22Z,2026-07-27,4,ja,True,False,2026-09-28T05:30:29.261Z
ec190627670c7e19,ChIJ8w9fldvl-F8RxirqCy78VTs,2026-07-26T20:21:47Z,2026-07-27,5,ja,True,False,2026-09-28T05:30:29.261Z
ef562911921bd91d,ChIJ8w9fldvl-F8RxirqCy78VTs,2026-07-27T02:16:56Z,2026-07-27,3,ja,True,False,2026-09-28T05:30:29.261Z
85f5a307d2a259bf,ChIJ8w9fldvl-F8RxirqCy78VTs,2026-07-27T10:27:52Z,2026-07-27,3,,False,False,2026-09-28T05:30:29.261Z
205546730fc0b217,ChIJ8w9fldvl-F8RxirqCy78VTs,2026-07-27T11:59:44Z,2026-07-27,3,ja,True,False,2026-09-28T05:30:29.261Z
0923e2475e6937ce,ChIJ8w9fldvl-F8RxirqCy78VTs,2026-07-27T12:25:15Z,2026-07-27,3,,False,False,2026-09-28T05:30:29.261Z
c6bafe945ef07186,ChIJ8w9fldvl-F8RxirqCy78VTs,2026-07-27T19:32:28Z,2026-07-28,4,,False,False,2026-09-28T05:30:29.261Z
791c2c46e8193b56,ChIJ8w9fldvl-F8RxirqCy78VTs,2026-07-28T03:54:02Z,2026-07-28,4,ja,True,False,2026-09-28T05:30:29.261Z
5724ac1eb386a0e8,ChIJ8w9fldvl-F8RxirqCy78VTs,2026-07-28T08:33:09Z,2026-07-28,5,ja,True,False,2026-09-28T05:30:29.261Z
b421fc58d2607c45,ChIJ8w9fldvl-F8RxirqCy78VTs,2026-07-28T09:35:19Z,2026-07-28,5,ja,True,False,2026-09-28T05:30:29.261Z
c04d54431ead5d16,ChIJ8w9fldvl-F8RxirqCy78VTs,2026-07-28T09:52:15Z,2026-07-28,5,ja,True,False,2026-09-28T05:30:29.261Z
ae17102c2b7e2996,ChIJ8w9fldvl-F8RxirqCy78VTs,2026-07-28T10:58:41Z,2026-07-28,5,,False,False,2026-09-28T05:30:29.261Z
95945a529949562e,ChIJ8w9fldvl-F8RxirqCy78VTs,2026-07-28T21:07:16Z,2026-07-29,4,,False,False,2026-09-28T05:30:29.261Z
57b0c967ff168ae8,ChIJ8w9fldvl-F8RxirqCy78VTs,2026-07-28T21:39:46Z,2026-07-29,4,ja,True,False,2026-09-28T05:30:29.261Z
bd95234bc9093536,ChIJ8w9fldvl-F8RxirqCy78VTs,2026-07-29T01:49:25Z,2026-07-29,5,ja,True,False,2026-09-28T05:30:29.261Z
02f4d1125dbe6821,ChIJ8w9fldvl-F8RxirqCy78VTs,2026-07-29T06:27:49Z,2026-07-29,4,ja,True,False,2026-09-28T05:30:29.261Z
e85e5cf624006dc0,ChIJ8w9fldvl-F8RxirqCy78VTs,2026-07-29T06:56:26Z,2026-07-29,3,ja,True,False,2026-09-28T05:30:29.261Z
1bff7b718c073792,ChIJ8w9fldvl-F8RxirqCy78VTs,2026-07-29T10:31:14Z,2026-07-29,3,ja,True,False,2026-09-28T05:30:29.261Z
4ebd196a3abba342,ChIJ8w9fldvl-F8RxirqCy78VTs,2026-07-29T11:04:12Z,2026-07-29,5,,False,False,2026-09-28T05:30:29.261Z
709295f6a51fcf8b,ChIJ8w9fldvl-F8RxirqCy78VTs,2026-07-29T11:09:04Z,2026-07-29,4,,False,False,2026-09-28T05:30:29.261Z
fc2b3b26c6371b83,ChIJ8w9fldvl-F8RxirqCy78VTs,2026-07-29T12:19:14Z,2026-07-29,4,ja,True,False,2026-09-28T05:30:29.261Z
86f44d2f6376c3ad,ChIJ8w9fldvl-F8RxirqCy78VTs,2026-07-29T13:30:43Z,2026-07-29,3,,False,False,2026-09-28T05:30:29.261Z
6c0b9d31da119ab1,ChIJ8w9fldvl-F8RxirqCy78VTs,2026-07-29T14:43:24Z,2026-07-29,4,,False,False,2026-09-28T05:30:29.261Z
8c0e498e6a293964,ChIJ8w9fldvl-F8RxirqCy78VTs,2026-07-29T23:44:34Z,2026-07-30,3,ja,True,False,2026-09-28T05:30:29.261Z
fb9cdbfabc3ea48e,ChIJ8w9fldvl-F8RxirqCy78VTs,2026-07-30T07:35:27Z,2026-07-30,4,ja,True,False,2026-09-28T05:30:29.261Z
36b468aa254d8def,ChIJ8w9fldvl-F8RxirqCy78VTs,2026-07-30T10:11:14Z,2026-07-30,5,,False,False,2026-09-28T05:30:29.261Z
8b472516ec2f2a5b,ChIJ8w9fldvl-F8RxirqCy78VTs,2026-07-31T01:20:25Z,2026-07-31,4,ja,True,False,2026-09-28T05:30:29.261Z
20546eb815a0c724,ChIJ8w9fldvl-F8RxirqCy78VTs,2026-07-31T05:40:39Z,2026-07-31,4,,False,False,2026-09-28T05:30:29.261Z
97f89c3706d2e901,ChIJ8w9fldvl-F8RxirqCy78VTs,2026-07-31T06:25:31Z,2026-07-31,5,ja,True,False,2026-09-28T05:30:29.261Z
1c07f6326cf41953,ChIJ8w9fldvl-F8RxirqCy78VTs,2026-07-31T08:57:26Z,2026-07-31,5,,False,False,2026-09-28T05:30:29.261Z
a4a7da6abb9083d6,ChIJ8w9fldvl-F8RxirqCy78VTs,2026-07-31T12:01:08Z,2026-07-31,4,,False,False,2026-09-28T05:30:29.261Z
2c5fe94a51b9764a,ChIJ8w9fldvl-F8RxirqCy78VTs,2026-07-31T13:23:55Z,2026-07-31,5,,False,False,2026-09-28T05:30:29.261Z
527bc2cfe2ec52c7,ChIJ8w9fldvl-F8RxirqCy78VTs,2026-07-31T23:58:25Z,2026-08-01,4,,False,False,2026-09-28T05:30:29.261Z
386982f162ee4e72,ChIJ8w9fldvl-F8RxirqCy78VTs,2026-08-01T03:08:08Z,2026-08-01,2,,False,False,2026-09-28T05:30:29.261Z
b94b42fcb8d74086,ChIJ8w9fldvl-F8RxirqCy78VTs,2026-08-01T06:12:45Z,2026-08-01,5,ja,True,False,2026-09-28T05:30:29.261Z
5c3c13728c300d62,ChIJ8w9fldvl-F8RxirqCy78VTs,2026-08-01T06:28:51Z,2026-08-01,4,,False,False,2026-09-28T05:30:29.261Z
0296b82ebffcbcbc,ChIJ8w9fldvl-F8RxirqCy78VTs,2026-08-01T08:55:57Z,2026-08-01,4,,False,False,2026-09-28T05:30:29.261Z
edc65184d6ad178b,ChIJ8w9fldvl-F8RxirqCy78VTs,2026-08-01T10:41:21Z,2026-08-01,5,,False,False,2026-09-28T05:30:29.261Z
fa5f66ac3c21a3f9,ChIJ8w9fldvl-F8RxirqCy78VTs,2026-08-01T11:16:55Z,2026-08-01,3,es,True,False,2026-09-28T05:30:29.261Z
e46271739314a567,ChIJ8w9fldvl-F8RxirqCy78VTs,2026-08-01T13:06:14Z,2026-08-01,4,,False,False,2026-09-28T05:30:29.261Z
1a2f2f83bd12febe,ChIJ8w9fldvl-F8RxirqCy78VTs,2026-08-01T18:07:26Z,2026-08-02,4,ja,True,False,2026-09-28T05:30:29.261Z
e287e6d46c71c9f5,ChIJ8w9fldvl-F8RxirqCy78VTs,2026-08-01T22:08:02Z,2026-08-02,4,ja,True,False,2026-09-28T05:30:29.261Z
a6e10ad9afd55ddc,ChIJ8w9fldvl-F8RxirqCy78VTs,2026-08-02T02:02:48Z,2026-08-02,5,,False,False,2026-09-28T05:30:29.261Z
c1e31984e595f323,ChIJ8w9fldvl-F8RxirqCy78VTs,2026-08-02T02:30:54Z,2026-08-02,4,,False,False,2026-09-28T05:30:29.261Z
4aaa47af727104d6,ChIJ8w9fldvl-F8RxirqCy78VTs,2026-08-02T08:49:06Z,2026-08-02,5,,False,False,2026-09-28T05:30:29.261Z
9f823e9b06e75da7,ChIJ8w9fldvl-F8RxirqCy78VTs,2026-08-02T12:06:58Z,2026-08-02,3,,False,False,2026-09-28T05:30:29.261Z
1b1ec19ab95300e9,ChIJ8w9fldvl-F8RxirqCy78VTs,2026-08-02T12:31:12Z,2026-08-02,5,,False,False,2026-09-28T05:30:29.261Z
f32104aa3ef163db,ChIJ8w9fldvl-F8RxirqCy78VTs,2026-08-02T13:43:50Z,2026-08-02,5,,False,False,2026-09-28T05:30:29.261Z
f5272e169415b8fb,ChIJ8w9fldvl-F8RxirqCy78VTs,2026-08-03T05:24:51Z,2026-08-03,4,ja,True,False,2026-09-28T05:30:29.261Z
750418af45313cab,ChIJ8w9fldvl-F8RxirqCy78VTs,2026-08-03T08:10:33Z,2026-08-03,4,,False,False,2026-09-28T05:30:29.261Z
dce9a3e55697b350,ChIJ8w9fldvl-F8RxirqCy78VTs,2026-08-04T01:56:01Z,2026-08-04,5,,False,False,2026-09-28T05:30:29.261Z
20f4e1bc779ef520,ChIJ8w9fldvl-F8RxirqCy78VTs,2026-08-04T02:20:57Z,2026-08-04,5,ja,True,False,2026-09-28T05:30:29.261Z
28e0bd568aaf7494,ChIJ8w9fldvl-F8RxirqCy78VTs,2026-08-04T03:03:02Z,2026-08-04,4,,False,False,2026-09-28T05:30:29.261Z
73e37695b2f644ad,ChIJ8w9fldvl-F8RxirqCy78VTs,2026-08-04T04:08:23Z,2026-08-04,4,ja,True,False,2026-09-28T05:30:29.261Z
8493812b1dc9f62c,ChIJ8w9fldvl-F8RxirqCy78VTs,2026-08-04T07:48:24Z,2026-08-04,3,,False,False,2026-09-28T05:30:29.261Z
b4a5a8ebc7406598,ChIJ8w9fldvl-F8RxirqCy78VTs,2026-08-04T11:47:48Z,2026-08-04,4,ja,True,False,2026-09-28T05:30:29.261Z
abcc651b1f9bfc05,ChIJ8w9fldvl-F8RxirqCy78VTs,2026-08-04T12:09:05Z,2026-08-04,5,ja,True,False,2026-09-28T05:30:29.261Z
7cc67d82a1d255ea,ChIJ8w9fldvl-F8RxirqCy78VTs,2026-08-04T12:56:02Z,2026-08-04,4,ja,True,False,2026-09-28T05:30:29.261Z
679dc944545e5fa3,ChIJ8w9fldvl-F8RxirqCy78VTs,2026-08-05T07:20:38Z,2026-08-05,3,,False,False,2026-09-28T05:30:29.261Z
08ba871c3e7b2f74,ChIJ8w9fldvl-F8RxirqCy78VTs,2026-08-05T13:56:10Z,2026-08-05,4,,False,False,2026-09-28T05:30:29.261Z
c7ad5c5f3c8f0265,ChIJ8w9fldvl-F8RxirqCy78VTs,2026-08-06T10:23:57Z,2026-08-06,5,,False,False,2026-09-28T05:30:29.261Z
732717a2d486e5b0,ChIJ8w9fldvl-F8RxirqCy78VTs,2026-08-06T11:59:34Z,2026-08-06,5,ja,True,False,2026-09-28T05:30:29.261Z
2abba44adab04897,ChIJ8w9fldvl-F8RxirqCy78VTs,2026-08-07T11:18:23Z,2026-08-07,3,,False,False,2026-09-28T05:30:29.261Z
a58ff6da48125f81,ChIJ8w9fldvl-F8RxirqCy78VTs,2026-08-07T11:54:29Z,2026-08-07,4,ja,True,False,2026-09-28T05:30:29.261Z
68f1621715f9f2fe,ChIJ8w9fldvl-F8RxirqCy78VTs,2026-08-07T17:37:52Z,2026-08-08,5,,False,False,2026-09-28T05:30:29.261Z
745a687f06b0880d,ChIJ8w9fldvl-F8RxirqCy78VTs,2026-08-07T19:56:18Z,2026-08-08,4,,False,False,2026-09-28T05:30:29.261Z
1397061fada581c0,ChIJ8w9fldvl-F8RxirqCy78VTs,2026-08-07T22:00:25Z,2026-08-08,3,ja,True,False,2026-09-28T05:30:29.261Z
2306591fa3c97805,ChIJ8w9fldvl-F8RxirqCy78VTs,2026-08-08T04:56:15Z,2026-08-08,4,ja,True,False,2026-09-28T05:30:29.261Z
ea37b7942de686e5,ChIJ8w9fldvl-F8RxirqCy78VTs,2026-08-08T05:50:34Z,2026-08-08,4,,False,False,2026-09-28T05:30:29.261Z
0acf23f9ef346d93,ChIJ8w9fldvl-F8RxirqCy78VTs,2026-08-08T07:11:17Z,2026-08-08,3,ja,True,False,2026-09-28T05:30:29.261Z
72671a23ddba1480,ChIJ8w9fldvl-F8RxirqCy78VTs,2026-08-08T09:23:13Z,2026-08-08,5,ja,True,False,2026-09-28T05:30:29.261Z
cde92abc37c3ff4f,ChIJ8w9fldvl-F8RxirqCy78VTs,2026-08-08T10:59:16Z,2026-08-08,5,,False,False,2026-09-28T05:30:29.261Z
387ac248ce7563f0,ChIJ8w9fldvl-F8RxirqCy78VTs,2026-08-08T11:04:46Z,2026-08-08,4,ja,True,False,2026-09-28T05:30:29.261Z
20fe54ea692ec1b8,ChIJ8w9fldvl-F8RxirqCy78VTs,2026-08-08T17:44:47Z,2026-08-09,5,,False,False,2026-09-28T05:30:29.261Z
ae3aa9ee0d9ac9fd,ChIJ8w9fldvl-F8RxirqCy78VTs,2026-08-08T18:45:06Z,2026-08-09,5,,False,False,2026-09-28T05:30:29.261Z
4729ab283c5e05fb,ChIJ8w9fldvl-F8RxirqCy78VTs,2026-08-08T22:12:57Z,2026-08-09,4,ja,True,False,2026-09-28T05:30:29.261Z
dff8a35f3ec3e2ed,ChIJ8w9fldvl-F8RxirqCy78VTs,2026-08-08T23:38:03Z,2026-08-09,5,ja,True,False,2026-09-28T05:30:29.261Z
4364175f3304ff74,ChIJ8w9fldvl-F8RxirqCy78VTs,2026-08-09T01:02:20Z,2026-08-09,4,ja,True,False,2026-09-28T05:30:29.261Z
3a77711eab775dc1,ChIJ8w9fldvl-F8RxirqCy78VTs,2026-08-09T01:56:33Z,2026-08-09,4,,False,False,2026-09-28T05:30:29.261Z
a82f7508e565b10a,ChIJ8w9fldvl-F8RxirqCy78VTs,2026-08-09T02:59:52Z,2026-08-09,5,pt,True,False,2026-09-28T05:30:29.261Z
a609b9dcac35a17f,ChIJ8w9fldvl-F8RxirqCy78VTs,2026-08-09T03:29:46Z,2026-08-09,5,ja,True,False,2026-09-28T05:30:29.261Z
f80b7bd2a4caed47,ChIJ8w9fldvl-F8RxirqCy78VTs,2026-08-09T03:32:22Z,2026-08-09,5,,False,False,2026-09-28T05:30:29.261Z
e9c1414cb8a0198c,ChIJ8w9fldvl-F8RxirqCy78VTs,2026-08-09T04:40:53Z,2026-08-09,5,ja,True,False,2026-09-28T05:30:29.261Z
5763bba5d2fc426f,ChIJ8w9fldvl-F8RxirqCy78VTs,2026-08-09T07:46:22Z,2026-08-09,4,ja,True,False,2026-09-28T05:30:29.261Z
ba17f54695c1f688,ChIJ8w9fldvl-F8RxirqCy78VTs,2026-08-09T07:54:46Z,2026-08-09,5,ja,True,False,2026-09-28T05:30:29.261Z
666990c07d85a5d4,ChIJ8w9fldvl-F8RxirqCy78VTs,2026-08-09T09:01:26Z,2026-08-09,5,ja,True,False,2026-09-28T05:30:29.261Z
a5f9d4622fb2f8b0,ChIJ8w9fldvl-F8RxirqCy78VTs,2026-08-09T12:22:38Z,2026-08-09,3,,False,False,2026-09-28T05:30:29.261Z
051b616ad1887983,ChIJ8w9fldvl-F8RxirqCy78VTs,2026-08-09T12:31:14Z,2026-08-09,5,,False,False,2026-09-28T05:30:29.261Z
0dd98089d0b0efe5,ChIJ8w9fldvl-F8RxirqCy78VTs,2026-08-09T13:17:06Z,2026-08-09,5,,False,False,2026-09-28T05:30:29.261Z
fab698f5cc818c02,ChIJ8w9fldvl-F8RxirqCy78VTs,2026-08-10T00:56:28Z,2026-08-10,5,ja,True,False,2026-09-28T05:30:29.261Z
25b9e5d4066e828b,ChIJ8w9fldvl-F8RxirqCy78VTs,2026-08-10T02:35:52Z,2026-08-10,4,ja,True,False,2026-09-28T05:30:29.261Z
33018bd92d45ae03,ChIJ8w9fldvl-F8RxirqCy78VTs,2026-08-10T06:41:20Z,2026-08-10,3,ja,True,False,2026-09-28T05:30:29.261Z
c0f665d7236f7128,ChIJ8w9fldvl-F8RxirqCy78VTs,2026-08-10T07:09:47Z,2026-08-10,4,ja,True,False,2026-09-28T05:30:29.261Z
69a38e5d15183f8f,ChIJ8w9fldvl-F8RxirqCy78VTs,2026-08-10T11:10:56Z,2026-08-10,5,,False,False,2026-09-28T05:30:29.261Z
83039caf49d51b6f,ChIJ8w9fldvl-F8RxirqCy78VTs,2026-08-10T12:09:50Z,2026-08-10,3,ja,True,False,2026-09-28T05:30:29.261Z
b049a539cad25608,ChIJ8w9fldvl-F8RxirqCy78VTs,2026-08-10T12:14:14Z,2026-08-10,4,,False,False,2026-09-28T05:30:29.261Z
7e86e0a1e479cb31,ChIJ8w9fldvl-F8RxirqCy78VTs,2026-08-10T23:16:11Z,2026-08-11,3,,False,False,2026-09-28T05:30:29.261Z
a3eb612b6c51168c,ChIJ8w9fldvl-F8RxirqCy78VTs,2026-08-11T02:56:22Z,2026-08-11,5,ja,True,False,2026-09-28T05:30:29.261Z
146fb4b2cfbd803d,ChIJ8w9fldvl-F8RxirqCy78VTs,2026-08-11T06:00:14Z,2026-08-11,4,ja,True,False,2026-09-28T05:30:29.261Z
132d776c22193617,ChIJ8w9fldvl-F8RxirqCy78VTs,2026-08-11T06:45:04Z,2026-08-11,5,ja,True,False,2026-09-28T05:30:29.261Z
eab6251b1d240d55,ChIJ8w9fldvl-F8RxirqCy78VTs,2026-08-11T11:42:56Z,2026-08-11,5,en,True,False,2026-09-28T05:30:29.261Z
8b56010ac6f844e3,ChIJ8w9fldvl-F8RxirqCy78VTs,2026-08-11T12:19:02Z,2026-08-11,5,ja,True,False,2026-09-28T05:30:29.261Z
f3291139ee4939cc,ChIJ8w9fldvl-F8RxirqCy78VTs,2026-08-11T13:48:56Z,2026-08-11,5,,False,False,2026-09-28T05:30:29.261Z
13e883eb29c6ed8f,ChIJ8w9fldvl-F8RxirqCy78VTs,2026-08-11T20:22:40Z,2026-08-12,5,ja,True,False,2026-09-28T05:30:29.261Z
246eda5c9a0dec87,ChIJ8w9fldvl-F8RxirqCy78VTs,2026-08-12T01:22:53Z,2026-08-12,4,,False,False,2026-09-28T05:30:29.261Z
706348b6677c8962,ChIJ8w9fldvl-F8RxirqCy78VTs,2026-08-12T02:55:24Z,2026-08-12,4,,False,False,2026-09-28T05:30:29.261Z
f860b047f2dc45d7,ChIJ8w9fldvl-F8RxirqCy78VTs,2026-08-12T03:13:20Z,2026-08-12,3,ja,True,False,2026-09-28T05:30:29.261Z
8ae433e531bf51bb,ChIJ8w9fldvl-F8RxirqCy78VTs,2026-08-12T04:41:48Z,2026-08-12,4,ja,True,False,2026-09-28T05:30:29.261Z
6f2c491a3f5d9d4d,ChIJ8w9fldvl-F8RxirqCy78VTs,2026-08-12T04:51:45Z,2026-08-12,5,ja,True,False,2026-09-28T05:30:29.261Z
23846b7d6aeb1630,ChIJ8w9fldvl-F8RxirqCy78VTs,2026-08-12T09:30:53Z,2026-08-12,5,ja,True,False,2026-09-28T05:30:29.261Z
976abbaee5e21cba,ChIJ8w9fldvl-F8RxirqCy78VTs,2026-08-12T10:56:38Z,2026-08-12,3,,False,False,2026-09-28T05:30:29.261Z
f8d85a0292afdc13,ChIJ8w9fldvl-F8RxirqCy78VTs,2026-08-12T13:43:51Z,2026-08-12,5,ja,True,False,2026-09-28T05:30:29.261Z
7de095a13f92a6e4,ChIJ8w9fldvl-F8RxirqCy78VTs,2026-08-12T22:01:22Z,2026-08-13,4,ja,True,False,2026-09-28T05:30:29.261Z
b9297fcbe12a257d,ChIJ8w9fldvl-F8RxirqCy78VTs,2026-08-12T22:50:44Z,2026-08-13,4,,False,False,2026-09-28T05:30:29.261Z
f20a85cf9bd5d349,ChIJ8w9fldvl-F8RxirqCy78VTs,2026-08-12T22:55:50Z,2026-08-13,5,ja,True,False,2026-09-28T05:30:29.261Z
e2e9ebe81dec433d,ChIJ8w9fldvl-F8RxirqCy78VTs,2026-08-13T04:50:27Z,2026-08-13,4,ja,True,False,2026-09-28T05:30:29.261Z
0d44ef009c7f03b9,ChIJ8w9fldvl-F8RxirqCy78VTs,2026-08-13T05:52:02Z,2026-08-13,5,ja,True,False,2026-09-28T05:30:29.261Z
63b86fb38442f02c,ChIJ8w9fldvl-F8RxirqCy78VTs,2026-08-13T08:51:42Z,2026-08-13,5,ja,True,False,2026-09-28T05:30:29.261Z
23ce9ef385b5efc1,ChIJ8w9fldvl-F8RxirqCy78VTs,2026-08-13T10:07:05Z,2026-08-13,5,ja,True,False,2026-09-28T05:30:29.261Z
e67c0b4e1e5b25f8,ChIJ8w9fldvl-F8RxirqCy78VTs,2026-08-13T11:27:52Z,2026-08-13,4,ja,True,False,2026-09-28T05:30:29.261Z
9f5b1c0c7504837a,ChIJ8w9fldvl-F8RxirqCy78VTs,2026-08-13T12:05:27Z,2026-08-13,5,,False,False,2026-09-28T05:30:29.261Z
96326dbb16a211ba,ChIJ8w9fldvl-F8RxirqCy78VTs,2026-08-13T12:45:54Z,2026-08-13,5,ja,True,False,2026-09-28T05:30:29.261Z
2d51cfd44dd1dcb7,ChIJ8w9fldvl-F8RxirqCy78VTs,2026-08-13T13:10:55Z,2026-08-13,3,,False,False,2026-09-28T05:30:29.261Z
863c78e96fed6f27,ChIJ8w9fldvl-F8RxirqCy78VTs,2026-08-13T13:23:35Z,2026-08-13,4,,False,False,2026-09-28T05:30:29.261Z
9fbfc001b22aa29a,ChIJ8w9fldvl-F8RxirqCy78VTs,2026-08-13T13:34:46Z,2026-08-13,3,,False,False,2026-09-28T05:30:29.261Z
4d3abe8aaa9c4c6c,ChIJ8w9fldvl-F8RxirqCy78VTs,2026-08-13T14:27:58Z,2026-08-13,4,ja,True,False,2026-09-28T05:30:29.261Z
62756515190d1ab9,ChIJ8w9fldvl-F8RxirqCy78VTs,2026-08-13T16:09:30Z,2026-08-14,4,,False,False,2026-09-28T05:30:29.261Z
708679fde0044012,ChIJ8w9fldvl-F8RxirqCy78VTs,2026-08-13T21:34:51Z,2026-08-14,5,ja,True,False,2026-09-28T05:30:29.261Z
50cf861eaf89d4ed,ChIJ8w9fldvl-F8RxirqCy78VTs,2026-08-13T23:07:43Z,2026-08-14,4,,False,False,2026-09-28T05:30:29.261Z
ddb420005a829dff,ChIJ8w9fldvl-F8RxirqCy78VTs,2026-08-14T01:06:03Z,2026-08-14,5,ja,True,False,2026-09-28T05:30:29.261Z
ea572400631ec993,ChIJ8w9fldvl-F8RxirqCy78VTs,2026-08-14T04:36:18Z,2026-08-14,5,,False,False,2026-09-28T05:30:29.261Z
06d77ceb42a73e93,ChIJ8w9fldvl-F8RxirqCy78VTs,2026-08-14T05:10:09Z,2026-08-14,5,,False,False,2026-09-28T05:30:29.261Z
e32d97fe20b44864,ChIJ8w9fldvl-F8RxirqCy78VTs,2026-08-14T07:29:05Z,2026-08-14,3,ja,True,False,2026-09-28T05:30:29.261Z
4bd1253985f7ff33,ChIJ8w9fldvl-F8RxirqCy78VTs,2026-08-14T09:54:16Z,2026-08-14,4,,False,False,2026-09-28T05:30:29.261Z
ef057f4c86d23955,ChIJ8w9fldvl-F8RxirqCy78VTs,2026-08-14T11:23:58Z,2026-08-14,4,,False,False,2026-09-28T05:30:29.261Z
1f97ab21a0d13704,ChIJ8w9fldvl-F8RxirqCy78VTs,2026-08-14T12:16:13Z,2026-08-14,5,ja,True,False,2026-09-28T05:30:29.261Z
92dbc61109152c2e,ChIJ8w9fldvl-F8RxirqCy78VTs,2026-08-14T13:16:21Z,2026-08-14,5,ja,True,False,2026-09-28T05:30:29.261Z
ca766b20e4723d0b,ChIJ8w9fldvl-F8RxirqCy78VTs,2026-08-14T13:28:30Z,2026-08-14,4,ja,True,False,2026-09-28T05:30:29.261Z
f104f7b0ad854e4a,ChIJ8w9fldvl-F8RxirqCy78VTs,2026-08-14T13:38:21Z,2026-08-14,5,,False,False,2026-09-28T05:30:29.261Z
3985ebf3e057fd23,ChIJ8w9fldvl-F8RxirqCy78VTs,2026-08-14T14:28:15Z,2026-08-14,5,ja,True,False,2026-09-28T05:30:29.261Z
bdb50b8cdb0cea4a,ChIJ8w9fldvl-F8RxirqCy78VTs,2026-08-14T21:06:14Z,2026-08-15,4,,False,False,2026-09-28T05:30:29.261Z
3c2000827f15ae75,ChIJ8w9fldvl-F8RxirqCy78VTs,2026-08-14T22:46:56Z,2026-08-15,5,,False,False,2026-09-28T05:30:29.261Z
1ccb3de7df9b324f,ChIJ8w9fldvl-F8RxirqCy78VTs,2026-08-15T03:23:13Z,2026-08-15,4,,False,False,2026-09-28T05:30:29.261Z
73d3537c548abe8c,ChIJ8w9fldvl-F8RxirqCy78VTs,2026-08-15T03:30:04Z,2026-08-15,4,ja,True,False,2026-09-28T05:30:29.261Z
8591e54a42e3bc81,ChIJ8w9fldvl-F8RxirqCy78VTs,2026-08-15T03:46:40Z,2026-08-15,3,ja,True,False,2026-09-28T05:30:29.261Z
15bb26222e7e8579,ChIJ8w9fldvl-F8RxirqCy78VTs,2026-08-15T03:57:57Z,2026-08-15,5,,False,False,2026-09-28T05:30:29.261Z
abdbb7f5542a3986,ChIJ8w9fldvl-F8RxirqCy78VTs,2026-08-15T04:00:23Z,2026-08-15,3,,False,False,2026-09-28T05:30:29.261Z
d4f106a8a39c1a76,ChIJ8w9fldvl-F8RxirqCy78VTs,2026-08-15T04:36:01Z,2026-08-15,5,,False,False,2026-09-28T05:30:29.261Z
25c0d23ad086b399,ChIJ8w9fldvl-F8RxirqCy78VTs,2026-08-15T05:42:42Z,2026-08-15,3,ja,True,False,2026-09-28T05:30:29.261Z
49c233778ca1860c,ChIJ8w9fldvl-F8RxirqCy78VTs,2026-08-15T05:58:00Z,2026-08-15,5,ja,True,False,2026-09-28T05:30:29.261Z
71ea087a6ea4ac08,ChIJ8w9fldvl-F8RxirqCy78VTs,2026-08-15T06:14:05Z,2026-08-15,1,ja,True,False,2026-09-28T05:30:29.261Z
a1bfad963cc2efc5,ChIJ8w9fldvl-F8RxirqCy78VTs,2026-08-15T07:02:11Z,2026-08-15,5,ja,True,False,2026-09-28T05:30:29.261Z
be9a9444c0a37952,ChIJ8w9fldvl-F8RxirqCy78VTs,2026-08-15T08:03:42Z,2026-08-15,4,,False,False,2026-09-28T05:30:29.261Z
6ea1579b53f2eeb9,ChIJ8w9fldvl-F8RxirqCy78VTs,2026-08-15T20:46:09Z,2026-08-16,4,,False,False,2026-09-28T05:30:29.261Z
31fde23616c2c1d4,ChIJ8w9fldvl-F8RxirqCy78VTs,2026-08-15T23:10:20Z,2026-08-16,1,ja,True,False,2026-09-28T05:30:29.261Z
33635074201fcc6d,ChIJ8w9fldvl-F8RxirqCy78VTs,2026-08-16T00:42:13Z,2026-08-16,5,ja,True,False,2026-09-28T05:30:29.261Z
5a26bd1b2fbf2370,ChIJ8w9fldvl-F8RxirqCy78VTs,2026-08-16T05:18:59Z,2026-08-16,5,,False,False,2026-09-28T05:30:29.261Z
46859806b2acad12,ChIJ8w9fldvl-F8RxirqCy78VTs,2026-08-16T05:54:24Z,2026-08-16,5,,False,False,2026-09-28T05:30:29.261Z
350aeed21b4e392b,ChIJ8w9fldvl-F8RxirqCy78VTs,2026-08-16T06:27:09Z,2026-08-16,3,ja,True,False,2026-09-28T05:30:29.261Z
5d4585f140f040b2,ChIJ8w9fldvl-F8RxirqCy78VTs,2026-08-16T07:06:29Z,2026-08-16,3,,False,False,2026-09-28T05:30:29.261Z
cffbdd529efe3233,ChIJ8w9fldvl-F8RxirqCy78VTs,2026-08-16T07:25:16Z,2026-08-16,2,,False,False,2026-09-28T05:30:29.261Z
7aa9cc1706974167,ChIJ8w9fldvl-F8RxirqCy78VTs,2026-08-16T10:22:10Z,2026-08-16,4,,False,False,2026-09-28T05:30:29.261Z
4a1d11cff4c0675c,ChIJ8w9fldvl-F8RxirqCy78VTs,2026-08-16T10:42:33Z,2026-08-16,3,,False,False,2026-09-28T05:30:29.261Z
eeac719c096b7183,ChIJ8w9fldvl-F8RxirqCy78VTs,2026-08-17T02:35:00Z,2026-08-17,4,ja,True,False,2026-09-28T05:30:29.261Z
694f85a0f4372bbf,ChIJ8w9fldvl-F8RxirqCy78VTs,2026-08-17T03:11:08Z,2026-08-17,5,ja,True,False,2026-09-28T05:30:29.261Z
1faacd32cd54d2c3,ChIJ8w9fldvl-F8RxirqCy78VTs,2026-08-17T05:49:15Z,2026-08-17,4,,False,False,2026-09-28T05:30:29.261Z
c1ed98f4421aaef9,ChIJ8w9fldvl-F8RxirqCy78VTs,2026-08-17T07:15:00Z,2026-08-17,3,,False,False,2026-09-28T05:30:29.261Z
2d0d30cd072ffb19,ChIJ8w9fldvl-F8RxirqCy78VTs,2026-08-17T09:14:50Z,2026-08-17,3,,False,False,2026-09-28T05:30:29.261Z
24375a0a7abd8f89,ChIJ8w9fldvl-F8RxirqCy78VTs,2026-08-17T09:42:32Z,2026-08-17,4,ja,True,False,2026-09-28T05:30:29.261Z
7ca1da534d1e4e08,ChIJ8w9fldvl-F8RxirqCy78VTs,2026-08-17T09:56:27Z,2026-08-17,4,ja,True,False,2026-09-28T05:30:29.261Z
d79d41636a280336,ChIJ8w9fldvl-F8RxirqCy78VTs,2026-08-17T13:37:16Z,2026-08-17,4,,False,False,2026-09-28T05:30:29.261Z
561c11aeb749167d,ChIJ8w9fldvl-F8RxirqCy78VTs,2026-08-17T22:56:57Z,2026-08-18,5,,False,False,2026-09-28T05:30:29.261Z
b0efba2846ffa7fd,ChIJ8w9fldvl-F8RxirqCy78VTs,2026-08-18T01:14:49Z,2026-08-18,5,ja,True,False,2026-09-28T05:30:29.261Z
1142255b207b4091,ChIJ8w9fldvl-F8RxirqCy78VTs,2026-08-18T03:21:41Z,2026-08-18,3,ja,True,False,2026-09-28T05:30:29.261Z
7cb2d8f710acb22a,ChIJ8w9fldvl-F8RxirqCy78VTs,2026-08-18T03:51:10Z,2026-08-18,3,,False,False,2026-09-28T05:30:29.261Z
d756688493640f1e,ChIJ8w9fldvl-F8RxirqCy78VTs,2026-08-18T05:42:58Z,2026-08-18,5,,False,False,2026-09-28T05:30:29.261Z
03633d43689b2e7b,ChIJ8w9fldvl-F8RxirqCy78VTs,2026-08-18T10:03:58Z,2026-08-18,4,,False,False,2026-09-28T05:30:29.261Z
88d99feeb01a2adf,ChIJ8w9fldvl-F8RxirqCy78VTs,2026-08-18T10:21:04Z,2026-08-18,4,,False,False,2026-09-28T05:30:29.261Z
bb4136a2571e0d36,ChIJ8w9fldvl-F8RxirqCy78VTs,2026-08-18T10:46:01Z,2026-08-18,5,ja,True,False,2026-09-28T05:30:29.261Z
6dd382ffe66ca221,ChIJ8w9fldvl-F8RxirqCy78VTs,2026-08-18T12:15:44Z,2026-08-18,4,ja,True,False,2026-09-28T05:30:29.261Z
949907d7833e5a00,ChIJ8w9fldvl-F8RxirqCy78VTs,2026-08-18T12:17:13Z,2026-08-18,5,ja,True,False,2026-09-28T05:30:29.261Z
854008bacaf1d197,ChIJ8w9fldvl-F8RxirqCy78VTs,2026-08-18T12:38:30Z,2026-08-18,5,ja,True,False,2026-09-28T05:30:29.261Z
eb19fa6288e0665b,ChIJ8w9fldvl-F8RxirqCy78VTs,2026-08-18T16:45:55Z,2026-08-19,3,ja,True,False,2026-09-28T05:30:29.261Z
55bb9aa7afbb2a09,ChIJ8w9fldvl-F8RxirqCy78VTs,2026-08-18T18:38:50Z,2026-08-19,3,,False,False,2026-09-28T05:30:29.261Z
716937c3dd7209e5,ChIJ8w9fldvl-F8RxirqCy78VTs,2026-08-18T21:28:32Z,2026-08-19,5,,False,False,2026-09-28T05:30:29.261Z
c27775395d5f6adb,ChIJ8w9fldvl-F8RxirqCy78VTs,2026-08-18T23:04:39Z,2026-08-19,5,,False,False,2026-09-28T05:30:29.261Z
3eda286338c5a4e2,ChIJ8w9fldvl-F8RxirqCy78VTs,2026-08-19T02:19:37Z,2026-08-19,4,ja,True,False,2026-09-28T05:30:29.261Z
fd32a6c35a916744,ChIJ8w9fldvl-F8RxirqCy78VTs,2026-08-19T02:20:18Z,2026-08-19,4,ja,True,False,2026-09-28T05:30:29.261Z
066c1648b3b698aa,ChIJ8w9fldvl-F8RxirqCy78VTs,2026-08-19T04:33:02Z,2026-08-19,4,,False,False,2026-09-28T05:30:29.261Z
96efb2cb6ba1a2c0,ChIJ8w9fldvl-F8RxirqCy78VTs,2026-08-19T08:32:15Z,2026-08-19,4,,False,False,2026-09-28T05:30:29.261Z
a4087a9657d56647,ChIJ8w9fldvl-F8RxirqCy78VTs,2026-08-19T11:34:23Z,2026-08-19,4,ja,True,False,2026-09-28T05:30:29.261Z
771301cfc440b7a6,ChIJ8w9fldvl-F8RxirqCy78VTs,2026-08-19T20:27:13Z,2026-08-20,4,ja,True,False,2026-09-28T05:30:29.261Z
cfff4b7afa926f0c,ChIJ8w9fldvl-F8RxirqCy78VTs,2026-08-19T23:30:47Z,2026-08-20,4,ja,True,False,2026-09-28T05:30:29.261Z
41d79acf02fc5ac7,ChIJ8w9fldvl-F8RxirqCy78VTs,2026-08-20T00:57:03Z,2026-08-20,3,,False,False,2026-09-28T05:30:29.261Z
da4f687979b5ce0a,ChIJ8w9fldvl-F8RxirqCy78VTs,2026-08-20T01:56:51Z,2026-08-20,5,ja,True,False,2026-09-28T05:30:29.261Z
4e57db98b4bfea98,ChIJ8w9fldvl-F8RxirqCy78VTs,2026-08-20T10:49:28Z,2026-08-20,4,ja,True,False,2026-09-28T05:30:29.261Z
413006fbcf06450f,ChIJ8w9fldvl-F8RxirqCy78VTs,2026-08-20T13:34:22Z,2026-08-20,5,ja,True,False,2026-09-28T05:30:29.261Z
c1d78a57ed05b34d,ChIJ8w9fldvl-F8RxirqCy78VTs,2026-08-20T15:19:25Z,2026-08-21,5,,False,False,2026-09-28T05:30:29.261Z
30b7dbdd7b392beb,ChIJ8w9fldvl-F8RxirqCy78VTs,2026-08-20T21:59:15Z,2026-08-21,5,,False,False,2026-09-28T05:30:29.261Z
94c0104d19cd6288,ChIJ8w9fldvl-F8RxirqCy78VTs,2026-08-21T00:02:35Z,2026-08-21,4,ja,True,False,2026-09-28T05:30:29.261Z
bb518411e901f48b,ChIJ8w9fldvl-F8RxirqCy78VTs,2026-08-21T03:52:23Z,2026-08-21,3,ja,True,False,2026-09-28T05:30:29.261Z
aa7b7dc57094b0e1,ChIJ8w9fldvl-F8RxirqCy78VTs,2026-08-21T04:18:44Z,2026-08-21,4,ja,True,False,2026-09-28T05:30:29.261Z
1efb7585c3b32097,ChIJ8w9fldvl-F8RxirqCy78VTs,2026-08-21T14:27:55Z,2026-08-21,5,,False,False,2026-09-28T05:30:29.261Z
27a9207265a7b6de,ChIJ8w9fldvl-F8RxirqCy78VTs,2026-08-21T16:24:49Z,2026-08-22,5,ja,True,False,2026-09-28T05:30:29.261Z
3a2f2a07d20644f8,ChIJ8w9fldvl-F8RxirqCy78VTs,2026-08-22T05:38:54Z,2026-08-22,4,ja,True,False,2026-09-28T05:30:29.261Z
28571aede5f9f088,ChIJ8w9fldvl-F8RxirqCy78VTs,2026-08-22T06:51:26Z,2026-08-22,4,,False,False,2026-09-28T05:30:29.261Z
2b7b22ceb96e2649,ChIJ8w9fldvl-F8RxirqCy78VTs,2026-08-22T07:59:52Z,2026-08-22,4,ja,True,False,2026-09-28T05:30:29.261Z
77f90425af8975f5,ChIJ8w9fldvl-F8RxirqCy78VTs,2026-08-22T08:27:39Z,2026-08-22,5,,False,False,2026-09-28T05:30:29.261Z
a5c16914cbd41c60,ChIJ8w9fldvl-F8RxirqCy78VTs,2026-08-22T09:29:56Z,2026-08-22,5,,False,False,2026-09-28T05:30:29.261Z
3c454c0a4aac6866,ChIJ8w9fldvl-F8RxirqCy78VTs,2026-08-22T10:41:55Z,2026-08-22,5,,False,False,2026-09-28T05:30:29.261Z
a19e5b3d7dbd9bdc,ChIJ8w9fldvl-F8RxirqCy78VTs,2026-08-22T11:12:27Z,2026-08-22,3,ja,True,False,2026-09-28T05:30:29.261Z
5670b86c871caf51,ChIJ8w9fldvl-F8RxirqCy78VTs,2026-08-22T17:00:28Z,2026-08-23,4,,False,False,2026-09-28T05:30:29.261Z
10389cfa97ce166a,ChIJ8w9fldvl-F8RxirqCy78VTs,2026-08-23T03:55:49Z,2026-08-23,5,ja,True,False,2026-09-28T05:30:29.261Z
c7247fb6abe93c42,ChIJ8w9fldvl-F8RxirqCy78VTs,2026-08-23T04:29:27Z,2026-08-23,3,,False,False,2026-09-28T05:30:29.261Z
eaa308e2a5ee29f0,ChIJ8w9fldvl-F8RxirqCy78VTs,2026-08-23T09:15:25Z,2026-08-23,4,,False,False,2026-09-28T05:30:29.261Z
c6016830f8003492,ChIJ8w9fldvl-F8RxirqCy78VTs,2026-08-23T10:29:27Z,2026-08-23,5,ja,True,False,2026-09-28T05:30:29.261Z
00197ab6caa81264,ChIJ8w9fldvl-F8RxirqCy78VTs,2026-08-23T10:30:05Z,2026-08-23,5,,False,False,2026-09-28T05:30:29.261Z
d3fcef12f216d721,ChIJ8w9fldvl-F8RxirqCy78VTs,2026-08-23T11:59:14Z,2026-08-23,5,ja,True,False,2026-09-28T05:30:29.261Z
166323598618e3d7,ChIJ8w9fldvl-F8RxirqCy78VTs,2026-08-23T14:21:29Z,2026-08-23,5,,False,False,2026-09-28T05:30:29.261Z
02f65a34138b67c3,ChIJ8w9fldvl-F8RxirqCy78VTs,2026-08-23T14:23:15Z,2026-08-23,4,ja,True,False,2026-09-28T05:30:29.261Z
a3c6aed5241fdd20,ChIJ8w9fldvl-F8RxirqCy78VTs,2026-08-23T19:49:17Z,2026-08-24,5,ja,True,False,2026-09-28T05:30:29.261Z
d1d997d88b22392f,ChIJ8w9fldvl-F8RxirqCy78VTs,2026-08-24T03:51:14Z,2026-08-24,3,ja,True,False,2026-09-28T05:30:29.261Z
8c34b90c052a9de4,ChIJ8w9fldvl-F8RxirqCy78VTs,2026-08-24T05:05:22Z,2026-08-24,5,ja,True,False,2026-09-28T05:30:29.261Z
20801f754af3744b,ChIJ8w9fldvl-F8RxirqCy78VTs,2026-08-24T05:46:12Z,2026-08-24,3,,False,False,2026-09-28T05:30:29.261Z
0287fbfef1f96dbd,ChIJ8w9fldvl-F8RxirqCy78VTs,2026-08-24T07:15:31Z,2026-08-24,3,,False,False,2026-09-28T05:30:29.261Z
ab35bce61be4fb9c,ChIJ8w9fldvl-F8RxirqCy78VTs,2026-08-24T08:10:43Z,2026-08-24,3,ja,True,False,2026-09-28T05:30:29.261Z
69dcbb9e632d26de,ChIJ8w9fldvl-F8RxirqCy78VTs,2026-08-24T09:45:57Z,2026-08-24,4,ja,True,False,2026-09-28T05:30:29.261Z
ed34c2d03b328d36,ChIJ8w9fldvl-F8RxirqCy78VTs,2026-08-24T10:59:35Z,2026-08-24,5,,False,False,2026-09-28T05:30:29.261Z
3c2235ceb79d5672,ChIJ8w9fldvl-F8RxirqCy78VTs,2026-08-24T21:29:48Z,2026-08-25,3,,False,False,2026-09-28T05:30:29.261Z
518c1f19c45ad9bb,ChIJ8w9fldvl-F8RxirqCy78VTs,2026-08-25T02:46:53Z,2026-08-25,5,,False,False,2026-09-28T05:30:29.261Z
b077a6ad30d96990,ChIJ8w9fldvl-F8RxirqCy78VTs,2026-08-25T05:52:47Z,2026-08-25,5,ja,True,False,2026-09-28T05:30:29.261Z
2ecb0e179c887f1f,ChIJ8w9fldvl-F8RxirqCy78VTs,2026-08-25T06:07:43Z,2026-08-25,5,en,True,False,2026-09-28T05:30:29.261Z
66e5c530e1c5e4fe,ChIJ8w9fldvl-F8RxirqCy78VTs,2026-08-25T07:56:14Z,2026-08-25,5,,False,False,2026-09-28T05:30:29.261Z
5eb8cffdcc497c51,ChIJ8w9fldvl-F8RxirqCy78VTs,2026-08-25T08:12:40Z,2026-08-25,3,,False,False,2026-09-28T05:30:29.261Z
05df81f472762297,ChIJ8w9fldvl-F8RxirqCy78VTs,2026-08-25T11:42:12Z,2026-08-25,5,ja,True,False,2026-09-28T05:30:29.261Z
7a6777f4b03e8c02,ChIJ8w9fldvl-F8RxirqCy78VTs,2026-08-25T11:50:03Z,2026-08-25,4,,False,False,2026-09-28T05:30:29.261Z
9e5cb7f131b695ce,ChIJ8w9fldvl-F8RxirqCy78VTs,2026-08-25T11:58:07Z,2026-08-25,3,ja,True,False,2026-09-28T05:30:29.261Z
7c80fd39017c4dce,ChIJ8w9fldvl-F8RxirqCy78VTs,2026-08-25T22:34:54Z,2026-08-26,4,,False,False,2026-09-28T05:30:29.261Z
cad772f6fe85b95d,ChIJ8w9fldvl-F8RxirqCy78VTs,2026-08-25T23:53:47Z,2026-08-26,4,,False,False,2026-09-28T05:30:29.261Z
a700c9d376c55532,ChIJ8w9fldvl-F8RxirqCy78VTs,2026-08-26T01:28:42Z,2026-08-26,5,ja,True,False,2026-09-28T05:30:29.261Z
13c3129ef3359dc2,ChIJ8w9fldvl-F8RxirqCy78VTs,2026-08-26T04:29:08Z,2026-08-26,5,,False,False,2026-09-28T05:30:29.261Z
e1a8bcc222fe6023,ChIJ8w9fldvl-F8RxirqCy78VTs,2026-08-26T05:00:42Z,2026-08-26,4,ja,True,False,2026-09-28T05:30:29.261Z
d7e8ff2e8066b698,ChIJ8w9fldvl-F8RxirqCy78VTs,2026-08-26T06:36:44Z,2026-08-26,5,ja,True,False,2026-09-28T05:30:29.261Z
24be104862cb1df6,ChIJ8w9fldvl-F8RxirqCy78VTs,2026-08-26T12:23:47Z,2026-08-26,5,ja,True,False,2026-09-28T05:30:29.261Z
4fc31f12cd9c2a76,ChIJ8w9fldvl-F8RxirqCy78VTs,2026-08-26T13:28:06Z,2026-08-26,3,ja,True,False,2026-09-28T05:30:29.261Z
2d7d2f7323101ed8,ChIJ8w9fldvl-F8RxirqCy78VTs,2026-08-26T14:07:35Z,2026-08-26,5,,False,False,2026-09-28T05:30:29.261Z
ec05b28549415411,ChIJ8w9fldvl-F8RxirqCy78VTs,2026-08-26T20:30:51Z,2026-08-27,5,,False,False,2026-09-28T05:30:29.261Z
cbe84277df8c2547,ChIJ8w9fldvl-F8RxirqCy78VTs,2026-08-27T00:44:17Z,2026-08-27,5,ja,True,False,2026-09-28T05:30:29.261Z
913aa589d1cf5498,ChIJ8w9fldvl-F8RxirqCy78VTs,2026-08-27T03:00:49Z,2026-08-27,4,zh-Hant,True,False,2026-09-28T05:30:29.261Z
307f591386b53d1d,ChIJ8w9fldvl-F8RxirqCy78VTs,2026-08-27T22:59:27Z,2026-08-28,4,,False,False,2026-09-28T05:30:29.261Z
8dc58c63b245a065,ChIJ8w9fldvl-F8RxirqCy78VTs,2026-08-28T03:27:55Z,2026-08-28,5,,False,False,2026-09-28T05:30:29.261Z
9fb601aec312a3c4,ChIJ8w9fldvl-F8RxirqCy78VTs,2026-08-28T04:09:14Z,2026-08-28,5,zh,True,False,2026-09-28T05:30:29.261Z
22958a4ff9e4f109,ChIJ8w9fldvl-F8RxirqCy78VTs,2026-08-28T04:18:03Z,2026-08-28,3,,False,False,2026-09-28T05:30:29.261Z
7883ead695b64539,ChIJ8w9fldvl-F8RxirqCy78VTs,2026-08-28T06:48:48Z,2026-08-28,5,,False,False,2026-09-28T05:30:29.261Z
0d704ac8df77888a,ChIJ8w9fldvl-F8RxirqCy78VTs,2026-08-28T07:18:53Z,2026-08-28,5,ja,True,False,2026-09-28T05:30:29.261Z
cebf3b9a77560046,ChIJ8w9fldvl-F8RxirqCy78VTs,2026-08-28T08:45:54Z,2026-08-28,4,ja,True,False,2026-09-28T05:30:29.261Z
c13601a62c899474,ChIJ8w9fldvl-F8RxirqCy78VTs,2026-08-28T11:01:06Z,2026-08-28,5,,False,False,2026-09-28T05:30:29.261Z
e3dcfb6e1db49ade,ChIJ8w9fldvl-F8RxirqCy78VTs,2026-08-28T12:30:10Z,2026-08-28,4,it,True,False,2026-09-28T05:30:29.261Z
553bbb71d67d7b01,ChIJ8w9fldvl-F8RxirqCy78VTs,2026-08-28T13:41:54Z,2026-08-28,4,ja,True,False,2026-09-28T05:30:29.261Z
846d1bd00f3e6c6b,ChIJ8w9fldvl-F8RxirqCy78VTs,2026-08-28T15:11:25Z,2026-08-29,5,ja,True,False,2026-09-28T05:30:29.261Z
d9ad400c4f05f97b,ChIJ8w9fldvl-F8RxirqCy78VTs,2026-08-29T00:33:38Z,2026-08-29,5,ja,True,False,2026-09-28T05:30:29.261Z
4166f58cb3aea390,ChIJ8w9fldvl-F8RxirqCy78VTs,2026-08-29T08:44:54Z,2026-08-29,4,ja,True,False,2026-09-28T05:30:29.261Z
c6144c5c1d05b7a5,ChIJ8w9fldvl-F8RxirqCy78VTs,2026-08-29T10:44:43Z,2026-08-29,3,ja,True,False,2026-09-28T05:30:29.261Z
7184f92ee36cc0eb,ChIJ8w9fldvl-F8RxirqCy78VTs,2026-08-29T11:35:50Z,2026-08-29,5,,False,False,2026-09-28T05:30:29.261Z
44d0efd56f1d0afb,ChIJ8w9fldvl-F8RxirqCy78VTs,2026-08-29T12:33:00Z,2026-08-29,5,,False,False,2026-09-28T05:30:29.261Z
b6f60ec3c846df59,ChIJ8w9fldvl-F8RxirqCy78VTs,2026-08-30T01:17:17Z,2026-08-30,5,ko,True,False,2026-09-28T05:30:29.261Z
093f7e388ce40a38,ChIJ8w9fldvl-F8RxirqCy78VTs,2026-08-30T03:12:37Z,2026-08-30,4,zh-Hant,True,False,2026-09-28T05:30:29.261Z
0c787d3d9da5afa4,ChIJ8w9fldvl-F8RxirqCy78VTs,2026-08-30T08:45:28Z,2026-08-30,3,ja,True,False,2026-09-28T05:30:29.261Z
455462d1fbbb93e4,ChIJ8w9fldvl-F8RxirqCy78VTs,2026-08-30T11:34:07Z,2026-08-30,5,ja,True,False,2026-09-28T05:30:29.261Z
f4c54a24e05847b7,ChIJ8w9fldvl-F8RxirqCy78VTs,2026-08-30T22:26:25Z,2026-08-31,3,,False,False,2026-09-28T05:30:29.261Z
da9d3c61d5eb9030,ChIJ8w9fldvl-F8RxirqCy78VTs,2026-08-31T02:17:31Z,2026-08-31,5,pt,True,False,2026-09-28T05:30:29.261Z
1795214b0838a514,ChIJ8w9fldvl-F8RxirqCy78VTs,2026-08-31T05:13:27Z,2026-08-31,4,,False,False,2026-09-28T05:30:29.261Z
fab5bb148273fcd5,ChIJ8w9fldvl-F8RxirqCy78VTs,2026-08-31T06:55:02Z,2026-08-31,5,,False,False,2026-09-28T05:30:29.261Z
a962d9e5fd5424eb,ChIJ8w9fldvl-F8RxirqCy78VTs,2026-08-31T13:24:44Z,2026-08-31,4,ja,True,False,2026-09-28T05:30:29.261Z
9554b141b6671752,ChIJ8w9fldvl-F8RxirqCy78VTs,2026-09-01T03:55:40Z,2026-09-01,3,,False,False,2026-09-28T05:30:29.261Z
0b0678ee9a6cb87d,ChIJ8w9fldvl-F8RxirqCy78VTs,2026-09-01T05:55:00Z,2026-09-01,5,,False,False,2026-09-28T05:30:29.261Z
57dec6a82245003f,ChIJ8w9fldvl-F8RxirqCy78VTs,2026-09-01T10:48:30Z,2026-09-01,5,,False,False,2026-09-28T05:30:29.261Z
2f8b0dfe9603706f,ChIJ8w9fldvl-F8RxirqCy78VTs,2026-09-01T22:46:55Z,2026-09-02,5,ja,True,False,2026-09-28T05:30:29.261Z
6eb0edc5d3c99c1c,ChIJ8w9fldvl-F8RxirqCy78VTs,2026-09-02T09:28:11Z,2026-09-02,5,,False,False,2026-09-28T05:30:29.261Z
df2f67de012e0b3a,ChIJ8w9fldvl-F8RxirqCy78VTs,2026-09-02T12:01:23Z,2026-09-02,4,ja,True,False,2026-09-28T05:30:29.261Z
6a616af700da9669,ChIJ8w9fldvl-F8RxirqCy78VTs,2026-09-02T14:43:23Z,2026-09-02,5,ja,True,False,2026-09-28T05:30:29.261Z
f6ed05490db7364f,ChIJ8w9fldvl-F8RxirqCy78VTs,2026-09-02T14:50:43Z,2026-09-02,4,ja,True,False,2026-09-28T05:30:29.261Z
464b7c8e9d06ee55,ChIJ8w9fldvl-F8RxirqCy78VTs,2026-09-02T16:35:46Z,2026-09-03,4,,False,False,2026-09-28T05:30:29.261Z
511b184fe161857a,ChIJ8w9fldvl-F8RxirqCy78VTs,2026-09-02T23:25:48Z,2026-09-03,5,,False,False,2026-09-28T05:30:29.261Z
00fd9e66a327f6e4,ChIJ8w9fldvl-F8RxirqCy78VTs,2026-09-03T03:52:20Z,2026-09-03,5,ja,True,False,2026-09-28T05:30:29.261Z
2ac3bb49aab82cb9,ChIJ8w9fldvl-F8RxirqCy78VTs,2026-09-03T05:01:48Z,2026-09-03,5,,False,False,2026-09-28T05:30:29.261Z
a0d3318cf4841dc2,ChIJ8w9fldvl-F8RxirqCy78VTs,2026-09-03T05:28:35Z,2026-09-03,4,ja,True,False,2026-09-28T05:30:29.261Z
4b7f1ff1d6719e14,ChIJ8w9fldvl-F8RxirqCy78VTs,2026-09-03T12:03:50Z,2026-09-03,4,ja,True,False,2026-09-28T05:30:29.261Z
ec5ceda0d0fcfb49,ChIJ8w9fldvl-F8RxirqCy78VTs,2026-09-04T09:11:04Z,2026-09-04,4,ja,True,False,2026-09-28T05:30:29.261Z
f9f000a9eddb9535,ChIJ8w9fldvl-F8RxirqCy78VTs,2026-09-04T17:40:28Z,2026-09-05,5,ja,True,False,2026-09-28T05:30:29.261Z
98f487ce304a645b,ChIJ8w9fldvl-F8RxirqCy78VTs,2026-09-05T06:36:44Z,2026-09-05,5,ja,True,False,2026-09-28T05:30:29.261Z
e5f0e0c57d7da8aa,ChIJ8w9fldvl-F8RxirqCy78VTs,2026-09-05T08:26:10Z,2026-09-05,4,,False,False,2026-09-28T05:30:29.261Z
fb8de1892bbc4770,ChIJ8w9fldvl-F8RxirqCy78VTs,2026-09-05T11:51:37Z,2026-09-05,3,ja,True,False,2026-09-28T05:30:29.261Z
039692e04d12558c,ChIJ8w9fldvl-F8RxirqCy78VTs,2026-09-05T22:31:49Z,2026-09-06,4,ja,True,False,2026-09-28T05:30:29.261Z
73d599113ba1eaae,ChIJ8w9fldvl-F8RxirqCy78VTs,2026-09-06T01:00:59Z,2026-09-06,3,,False,False,2026-09-28T05:30:29.261Z
f708bf78e0272f78,ChIJ8w9fldvl-F8RxirqCy78VTs,2026-09-06T05:31:49Z,2026-09-06,3,,False,False,2026-09-28T05:30:29.261Z
9121caaf2c2d5b73,ChIJ8w9fldvl-F8RxirqCy78VTs,2026-09-06T07:53:13Z,2026-09-06,4,ja,True,False,2026-09-28T05:30:29.261Z
a4acc3015bb74000,ChIJ8w9fldvl-F8RxirqCy78VTs,2026-09-06T10:20:30Z,2026-09-06,5,,False,False,2026-09-28T05:30:29.261Z
297469613004a077,ChIJ8w9fldvl-F8RxirqCy78VTs,2026-09-06T10:34:59Z,2026-09-06,4,ja,True,False,2026-09-28T05:30:29.261Z
423199c6791fb066,ChIJ8w9fldvl-F8RxirqCy78VTs,2026-09-06T23:03:24Z,2026-09-07,4,,False,False,2026-09-28T05:30:29.261Z
b2616ccee967ef48,ChIJ8w9fldvl-F8RxirqCy78VTs,2026-09-07T02:10:44Z,2026-09-07,4,,False,False,2026-09-28T05:30:29.261Z
5977087b7dba4ebc,ChIJ8w9fldvl-F8RxirqCy78VTs,2026-09-07T05:16:00Z,2026-09-07,4,,False,False,2026-09-28T05:30:29.261Z
ecb89d0559f5908d,ChIJ8w9fldvl-F8RxirqCy78VTs,2026-09-07T06:56:52Z,2026-09-07,5,ja,True,False,2026-09-28T05:30:29.261Z
ed1581dc68f26ba1,ChIJ8w9fldvl-F8RxirqCy78VTs,2026-09-07T08:41:41Z,2026-09-07,5,,False,False,2026-09-28T05:30:29.261Z
74392ce5c3d137a1,ChIJ8w9fldvl-F8RxirqCy78VTs,2026-09-07T11:16:32Z,2026-09-07,4,ja,True,False,2026-09-28T05:30:29.261Z
7a4db7d47f523a79,ChIJ8w9fldvl-F8RxirqCy78VTs,2026-09-07T12:10:56Z,2026-09-07,5,,False,False,2026-09-28T05:30:29.261Z
2135268dbfd544b4,ChIJ8w9fldvl-F8RxirqCy78VTs,2026-09-07T15:18:08Z,2026-09-08,5,,False,False,2026-09-28T05:30:29.261Z
fa3aff5027ce10e1,ChIJ8w9fldvl-F8RxirqCy78VTs,2026-09-08T03:23:03Z,2026-09-08,4,,False,False,2026-09-28T05:30:29.261Z
d7142d2ee54e44cb,ChIJ8w9fldvl-F8RxirqCy78VTs,2026-09-08T05:11:06Z,2026-09-08,5,zh-Hant,True,False,2026-09-28T05:30:29.261Z
3b69701f560e5634,ChIJ8w9fldvl-F8RxirqCy78VTs,2026-09-08T07:49:53Z,2026-09-08,4,,False,False,2026-09-28T05:30:29.261Z
658d69077906f79b,ChIJ8w9fldvl-F8RxirqCy78VTs,2026-09-08T08:55:40Z,2026-09-08,3,,False,False,2026-09-28T05:30:29.261Z
67ee9f481f94534a,ChIJ8w9fldvl-F8RxirqCy78VTs,2026-09-08T23:25:19Z,2026-09-09,5,ja,True,False,2026-09-28T05:30:29.261Z
45dd5aa79d01faa0,ChIJ8w9fldvl-F8RxirqCy78VTs,2026-09-09T04:45:46Z,2026-09-09,4,ja,True,False,2026-09-28T05:30:29.261Z
d342a3dd3013252a,ChIJ8w9fldvl-F8RxirqCy78VTs,2026-09-09T08:06:53Z,2026-09-09,3,zh-Hant,True,False,2026-09-28T05:30:29.261Z
8264891f9c6a8180,ChIJ8w9fldvl-F8RxirqCy78VTs,2026-09-09T12:37:18Z,2026-09-09,5,ja,True,False,2026-09-28T05:30:29.261Z
48747d07fa2b6794,ChIJ8w9fldvl-F8RxirqCy78VTs,2026-09-10T03:58:24Z,2026-09-10,4,ja,True,False,2026-09-28T05:30:29.261Z
2914cdcb89fa92c4,ChIJ8w9fldvl-F8RxirqCy78VTs,2026-09-10T11:07:00Z,2026-09-10,4,,False,False,2026-09-28T05:30:29.261Z
1d3a3f9d7884de76,ChIJ8w9fldvl-F8RxirqCy78VTs,2026-09-11T06:35:29Z,2026-09-11,4,ja,True,False,2026-09-28T05:30:29.261Z
db791fdc1e619d93,ChIJ8w9fldvl-F8RxirqCy78VTs,2026-09-11T11:28:29Z,2026-09-11,2,,False,False,2026-09-28T05:30:29.261Z
17fb50abf01e7b6a,ChIJ8w9fldvl-F8RxirqCy78VTs,2026-09-12T02:53:25Z,2026-09-12,3,ja,True,False,2026-09-28T05:30:29.261Z
46be8307dc29aaa6,ChIJ8w9fldvl-F8RxirqCy78VTs,2026-09-12T05:10:56Z,2026-09-12,5,,False,False,2026-09-28T05:30:29.261Z
1c044573d27e2043,ChIJ8w9fldvl-F8RxirqCy78VTs,2026-09-12T09:22:28Z,2026-09-12,2,,False,False,2026-09-28T05:30:29.261Z
f2a1044e63f5989a,ChIJ8w9fldvl-F8RxirqCy78VTs,2026-09-12T16:35:12Z,2026-09-13,5,ja,True,False,2026-09-28T05:30:29.261Z
fa17169f3edeec6a,ChIJ8w9fldvl-F8RxirqCy78VTs,2026-09-12T20:59:56Z,2026-09-13,5,,False,False,2026-09-28T05:30:29.261Z
bde6d01b9663fdfd,ChIJ8w9fldvl-F8RxirqCy78VTs,2026-09-13T00:24:08Z,2026-09-13,4,,False,False,2026-09-28T05:30:29.261Z
bbc736254be82502,ChIJ8w9fldvl-F8RxirqCy78VTs,2026-09-13T01:26:21Z,2026-09-13,5,ja,True,False,2026-09-28T05:30:29.261Z
446a5ed55cdc5d9d,ChIJ8w9fldvl-F8RxirqCy78VTs,2026-09-13T05:25:59Z,2026-09-13,5,,False,False,2026-09-28T05:30:29.261Z
80707d294db89829,ChIJ8w9fldvl-F8RxirqCy78VTs,2026-09-13T11:42:03Z,2026-09-13,3,ja,True,False,2026-09-28T05:30:29.261Z
28cd01fd492e073b,ChIJ8w9fldvl-F8RxirqCy78VTs,2026-09-13T22:49:56Z,2026-09-14,4,ja,True,False,2026-09-28T05:30:29.261Z
f608a9a68daaa9e1,ChIJ8w9fldvl-F8RxirqCy78VTs,2026-09-14T06:36:24Z,2026-09-14,3,ja,True,False,2026-09-28T05:30:29.261Z
dcf9505a98d0b6fe,ChIJ8w9fldvl-F8RxirqCy78VTs,2026-09-14T10:42:16Z,2026-09-14,4,ja,True,False,2026-09-28T05:30:29.261Z
3772da2bc0b78570,ChIJ8w9fldvl-F8RxirqCy78VTs,2026-09-14T12:59:28Z,2026-09-14,5,pt,True,False,2026-09-28T05:30:29.261Z
d8a43c496140bfb4,ChIJ8w9fldvl-F8RxirqCy78VTs,2026-09-14T14:32:32Z,2026-09-14,5,ja,True,False,2026-09-28T05:30:29.261Z
be91ce720821f078,ChIJ8w9fldvl-F8RxirqCy78VTs,2026-09-15T08:32:51Z,2026-09-15,3,ja,True,False,2026-09-28T05:30:29.261Z
f088c9b7a18ce753,ChIJ8w9fldvl-F8RxirqCy78VTs,2026-09-15T14:11:38Z,2026-09-15,3,,False,False,2026-09-28T05:30:29.261Z
8cc9ef43fef6cdf9,ChIJ8w9fldvl-F8RxirqCy78VTs,2026-09-16T10:42:07Z,2026-09-16,5,ja,True,False,2026-09-28T05:30:29.261Z
7f777b06b49753ef,ChIJ8w9fldvl-F8RxirqCy78VTs,2026-09-16T11:08:25Z,2026-09-16,5,ja,True,False,2026-09-28T05:30:29.261Z
1f85a1d9bf97486d,ChIJ8w9fldvl-F8RxirqCy78VTs,2026-09-16T11:30:35Z,2026-09-16,4,,False,False,2026-09-28T05:30:29.261Z
23af114524194972,ChIJ8w9fldvl-F8RxirqCy78VTs,2026-09-16T12:40:02Z,2026-09-16,5,,False,False,2026-09-28T05:30:29.261Z
1fd5e72389857479,ChIJ8w9fldvl-F8RxirqCy78VTs,2026-09-17T03:08:20Z,2026-09-17,1,ja,True,False,2026-09-28T05:30:29.261Z
75cbba6f704e102d,ChIJ8w9fldvl-F8RxirqCy78VTs,2026-09-17T08:15:05Z,2026-09-17,5,,False,False,2026-09-28T05:30:29.261Z
593a2b35ea12f18b,ChIJ8w9fldvl-F8RxirqCy78VTs,2026-09-17T10:43:15Z,2026-09-17,4,,False,False,2026-09-28T05:30:29.261Z
0de399f286ef29d7,ChIJ8w9fldvl-F8RxirqCy78VTs,2026-09-17T11:03:09Z,2026-09-17,4,ja,True,False,2026-09-28T05:30:29.261Z
7933c8e69884a4cd,ChIJ8w9fldvl-F8RxirqCy78VTs,2026-09-18T01:15:28Z,2026-09-18,4,ja,True,False,2026-09-28T05:30:29.261Z
8efe72889294d694,ChIJ8w9fldvl-F8RxirqCy78VTs,2026-09-18T03:44:08Z,2026-09-18,5,,False,False,2026-09-28T05:30:29.261Z
de7f593e39bb0585,ChIJ8w9fldvl-F8RxirqCy78VTs,2026-09-18T05:47:33Z,2026-09-18,2,ja,True,False,2026-09-28T05:30:29.261Z
dedf65fe1f5510f1,ChIJ8w9fldvl-F8RxirqCy78VTs,2026-09-18T11:49:34Z,2026-09-18,2,ja,True,False,2026-09-28T05:30:29.261Z
a2faf04e64b64384,ChIJ8w9fldvl-F8RxirqCy78VTs,2026-09-18T22:08:11Z,2026-09-19,5,en,True,False,2026-09-28T05:30:29.261Z
0998235e3ab0a2b1,ChIJ8w9fldvl-F8RxirqCy78VTs,2026-09-19T05:16:06Z,2026-09-19,4,,False,False,2026-09-28T05:30:29.261Z
c498997da7184f9e,ChIJ8w9fldvl-F8RxirqCy78VTs,2026-09-19T07:53:45Z,2026-09-19,5,,False,False,2026-09-28T05:30:29.261Z
148f49e0fa8f967e,ChIJ8w9fldvl-F8RxirqCy78VTs,2026-09-19T14:28:37Z,2026-09-19,4,,False,False,2026-09-28T05:30:29.261Z
bb1d11f71bc89e63,ChIJ8w9fldvl-F8RxirqCy78VTs,2026-09-20T01:54:31Z,2026-09-20,5,,False,False,2026-09-28T05:30:29.261Z
f8d8e94991bfd878,ChIJ8w9fldvl-F8RxirqCy78VTs,2026-09-20T06:19:27Z,2026-09-20,4,,False,False,2026-09-28T05:30:29.261Z
b1e1a964557bdecc,ChIJ8w9fldvl-F8RxirqCy78VTs,2026-09-20T07:38:15Z,2026-09-20,4,ja,True,False,2026-09-28T05:30:29.261Z
ef79a95ce1152a3b,ChIJ8w9fldvl-F8RxirqCy78VTs,2026-09-20T08:55:55Z,2026-09-20,5,en,True,False,2026-09-28T05:30:29.261Z
5f72a4b3c803471d,ChIJ8w9fldvl-F8RxirqCy78VTs,2026-09-20T12:22:42Z,2026-09-20,5,ja,True,False,2026-09-28T05:30:29.261Z
32852660d3ae98a7,ChIJ8w9fldvl-F8RxirqCy78VTs,2026-09-20T14:17:32Z,2026-09-20,5,,False,False,2026-09-28T05:30:29.261Z
fcba3dcb7ce94976,ChIJ8w9fldvl-F8RxirqCy78VTs,2026-09-20T14:49:27Z,2026-09-20,3,ja,True,False,2026-09-28T05:30:29.261Z
e2dccf69b7e5a252,ChIJ8w9fldvl-F8RxirqCy78VTs,2026-09-20T21:48:47Z,2026-09-21,5,ja,True,False,2026-09-28T05:30:29.261Z
c44b8ef7196d5f33,ChIJ8w9fldvl-F8RxirqCy78VTs,2026-09-21T00:51:51Z,2026-09-21,3,,False,False,2026-09-28T05:30:29.261Z
98009e8eefe1590a,ChIJ8w9fldvl-F8RxirqCy78VTs,2026-09-21T03:38:00Z,2026-09-21,5,,False,False,2026-09-28T05:30:29.261Z
a6535cd5dae2ec2f,ChIJ8w9fldvl-F8RxirqCy78VTs,2026-09-21T04:20:15Z,2026-09-21,5,ja,True,False,2026-09-28T05:30:29.261Z
cf862868f3e44268,ChIJ8w9fldvl-F8RxirqCy78VTs,2026-09-21T05:16:38Z,2026-09-21,4,,False,False,2026-09-28T05:30:29.261Z
eddf02c29bc9f9d4,ChIJ8w9fldvl-F8RxirqCy78VTs,2026-09-21T07:08:31Z,2026-09-21,5,,False,False,2026-09-28T05:30:29.261Z
6911a0f0aa732ab3,ChIJ8w9fldvl-F8RxirqCy78VTs,2026-09-21T08:15:06Z,2026-09-21,4,,False,False,2026-09-28T05:30:29.261Z
5c7ea8a9b319306c,ChIJ8w9fldvl-F8RxirqCy78VTs,2026-09-21T10:48:51Z,2026-09-21,2,,False,False,2026-09-28T05:30:29.261Z
9447824c05d505a7,ChIJ8w9fldvl-F8RxirqCy78VTs,2026-09-22T02:37:28Z,2026-09-22,5,ja,True,False,2026-09-28T05:30:29.261Z
ef67e70e552ffc31,ChIJ8w9fldvl-F8RxirqCy78VTs,2026-09-22T06:25:12Z,2026-09-22,5,,False,False,2026-09-28T05:30:29.261Z
d95b94f102db7bc1,ChIJ8w9fldvl-F8RxirqCy78VTs,2026-09-22T07:16:48Z,2026-09-22,5,,False,False,2026-09-28T05:30:29.261Z
02abf167edefca09,ChIJ8w9fldvl-F8RxirqCy78VTs,2026-09-22T08:31:48Z,2026-09-22,5,,False,False,2026-09-28T05:30:29.261Z
dc47659aaf05a774,ChIJ8w9fldvl-F8RxirqCy78VTs,2026-09-22T09:06:14Z,2026-09-22,5,ja,True,False,2026-09-28T05:30:29.261Z
6aa472f847485cbb,ChIJ8w9fldvl-F8RxirqCy78VTs,2026-09-22T11:31:46Z,2026-09-22,4,,False,False,2026-09-28T05:30:29.261Z
8abdd35aeb0b62c7,ChIJ8w9fldvl-F8RxirqCy78VTs,2026-09-22T17:13:46Z,2026-09-23,5,,False,False,2026-09-28T05:30:29.261Z
6dd97773d7b89c80,ChIJ8w9fldvl-F8RxirqCy78VTs,2026-09-22T21:57:10Z,2026-09-23,5,ja,True,False,2026-09-28T05:30:29.261Z
c9c54dbde4ada4fb,ChIJ8w9fldvl-F8RxirqCy78VTs,2026-09-22T22:29:20Z,2026-09-23,3,ja,True,False,2026-09-28T05:30:29.261Z
c88def4d23346a8f,ChIJ8w9fldvl-F8RxirqCy78VTs,2026-09-23T00:51:05Z,2026-09-23,5,,False,False,2026-09-28T05:30:29.261Z
b2809c703744a4cf,ChIJ8w9fldvl-F8RxirqCy78VTs,2026-09-23T00:51:13Z,2026-09-23,5,ja,True,False,2026-09-28T05:30:29.261Z
d7da0ef1c360d78f,ChIJ8w9fldvl-F8RxirqCy78VTs,2026-09-23T01:33:16Z,2026-09-23,2,ja,True,False,2026-09-28T05:30:29.261Z
e458b1229ee700d2,ChIJ8w9fldvl-F8RxirqCy78VTs,2026-09-23T03:08:26Z,2026-09-23,4,,False,False,2026-09-28T05:30:29.261Z
c7415d172309d920,ChIJ8w9fldvl-F8RxirqCy78VTs,2026-09-23T03:13:34Z,2026-09-23,4,ja,True,False,2026-09-28T05:30:29.261Z
0f6bbf1a0f97bc83,ChIJ8w9fldvl-F8RxirqCy78VTs,2026-09-23T03:27:29Z,2026-09-23,5,,False,False,2026-09-28T05:30:29.261Z
ac31a451f8d54673,ChIJ8w9fldvl-F8RxirqCy78VTs,2026-09-23T05:34:45Z,2026-09-23,5,,False,False,2026-09-28T05:30:29.261Z
dc49b8523312e8a0,ChIJ8w9fldvl-F8RxirqCy78VTs,2026-09-23T05:47:28Z,2026-09-23,5,ja,True,False,2026-09-28T05:30:29.261Z
c5e838c78204ffad,ChIJ8w9fldvl-F8RxirqCy78VTs,2026-09-23T11:01:38Z,2026-09-23,4,,False,False,2026-09-28T05:30:29.261Z
e340254ab2db5eb3,ChIJ8w9fldvl-F8RxirqCy78VTs,2026-09-23T13:13:27Z,2026-09-23,3,,False,False,2026-09-28T05:30:29.261Z
d8136e47324b6d62,ChIJ8w9fldvl-F8RxirqCy78VTs,2026-09-23T14:42:02Z,2026-09-23,5,,False,False,2026-09-28T05:30:29.261Z
89718fd4b77ad4ee,ChIJ8w9fldvl-F8RxirqCy78VTs,2026-09-23T21:47:46Z,2026-09-24,3,ja,True,False,2026-09-28T05:30:29.261Z
015b589ee119ad0e,ChIJ8w9fldvl-F8RxirqCy78VTs,2026-09-23T23:57:10Z,2026-09-24,5,,False,False,2026-09-28T05:30:29.261Z
1002966cef25ab27,ChIJ8w9fldvl-F8RxirqCy78VTs,2026-09-24T02:51:47Z,2026-09-24,5,,False,False,2026-09-30T04:19:45.884Z
ce30165419e52132,ChIJ8w9fldvl-F8RxirqCy78VTs,2026-09-25T02:27:53Z,2026-09-25,5,ja,True,False,2026-09-30T04:19:45.884Z
c6dda7037e90e17f,ChIJ8w9fldvl-F8RxirqCy78VTs,2026-09-25T11:49:19Z,2026-09-25,4,ja,True,False,2026-09-30T04:19:45.884Z
cac647deb63006a1,ChIJ8w9fldvl-F8RxirqCy78VTs,2026-09-25T13:28:04Z,2026-09-25,4,ja,True,False,2026-09-30T04:19:45.884Z
0e86d61e148917a9,ChIJ8w9fldvl-F8RxirqCy78VTs,2026-09-25T19:35:17Z,2026-09-26,4,ja,True,False,2026-09-30T04:19:45.884Z
5d2f9bf37e73d600,ChIJ8w9fldvl-F8RxirqCy78VTs,2026-09-26T12:32:22Z,2026-09-26,5,,False,False,2026-09-30T04:19:45.884Z
ee3ababb0a18d0e1,ChIJ8w9fldvl-F8RxirqCy78VTs,2026-09-26T16:55:42Z,2026-09-27,4,ja,True,False,2026-09-30T04:19:45.884Z
ef2d8ba1ab4518cb,ChIJ8w9fldvl-F8RxirqCy78VTs,2026-09-26T17:31:51Z,2026-09-27,5,en,True,False,2026-09-30T04:19:45.884Z
56c3ea485e724d13,ChIJ8w9fldvl-F8RxirqCy78VTs,2026-09-26T21:59:32Z,2026-09-27,4,,False,False,2026-09-30T04:19:45.884Z
6cc20c944f5c311d,ChIJ8w9fldvl-F8RxirqCy78VTs,2026-09-27T00:07:30Z,2026-09-27,4,ja,True,False,2026-09-30T04:19:45.884Z
e891b839e27def38,ChIJ8w9fldvl-F8RxirqCy78VTs,2026-09-27T01:02:53Z,2026-09-27,5,pt,True,False,2026-09-30T04:19:45.884Z
43999a173821b839,ChIJ8w9fldvl-F8RxirqCy78VTs,2026-09-27T07:41:42Z,2026-09-27,4,ja,True,False,2026-09-30T04:19:45.884Z
abadc24ade5d1a42,ChIJ8w9fldvl-F8RxirqCy78VTs,2026-09-27T10:32:18Z,2026-09-27,3,,False,False,2026-09-30T04:19:45.884Z
814934f4dc0119f9,ChIJ8w9fldvl-F8RxirqCy78VTs,2026-09-27T13:03:50Z,2026-09-27,4,,False,False,2026-09-30T04:19:45.884Z
49b5e6f57c3493cd,ChIJ8w9fldvl-F8RxirqCy78VTs,2026-09-27T21:02:00Z,2026-09-28,4,,False,False,2026-09-30T04:19:45.884Z
0fe89575aa8a8665,ChIJ8w9fldvl-F8RxirqCy78VTs,2026-09-28T06:38:13Z,2026-09-28,5,ja,True,False,2026-09-30T04:19:45.884Z
9f5fd9fc0ae27208,ChIJ8w9fldvl-F8RxirqCy78VTs,2026-09-28T14:48:34Z,2026-09-28,1,ja,True,False,2026-09-30T04:19:45.884Z
4a466f0dac3aa70d,ChIJ8w9fldvl-F8RxirqCy78VTs,2026-09-28T23:06:16Z,2026-09-29,3,ja,True,False,2026-09-30T04:19:45.884Z
a938083a77887f5f,ChIJ8w9fldvl-F8RxirqCy78VTs,2026-09-29T18:55:26Z,2026-09-30,5,ja,True,False,2026-09-30T04:19:45.884Z
79b1aef68f90cde7,ChIJ8w9fldvl-F8RxirqCy78VTs,2026-09-29T22:36:31Z,2026-09-30,5,ja,True,False,2026-09-30T04:19:45.884Z
4e96975fbe3ad968,ChIJ8w9fldvl-F8RxirqCy78VTs,2026-09-30T01:03:14Z,2026-09-30,5,,False,False,2026-09-30T04:19:45.884Z
eba9d0a3144db5ea,ChIJ8w9fldvl-F8RxirqCy78VTs,2026-09-30T03:56:25Z,2026-09-30,5,,False,False,2026-09-30T04:19:45.884Z
